CustomerID,Age,Gender,PolicyType,PolicyStartDate,PolicyEndDate,PremiumAmount,ClaimsMade,CustomerSatisfactionScore,Region
1,40,Male,Auto,13/07/2023,13/07/2026 0:00,640.22,0,9,East
2,25,Male,Home,22/05/2020,22/05/2021 0:00,478.76,4,9,North
3,69,Female,Auto,02/02/2024,02/02/2026 0:00,653.63,1,6,East
4,,Male,Motor,15/06/2024,,453.56,2,5,South
5,40,Female,Motor,23/10/2019,23/10/2022 0:00,637.39,0,10,North
6,41,Male,Home,20/12/2023,20/12/2025 0:00,1497.79,2,10,South
7,61,Male,Auto,06/03/2020,06/03/2021 0:00,637.87,3,10,West
8,43,Male,Motor,07/04/2020,,1090.36,3,8,South
9,22,Male,Motor,11/10/2020,,342.56,3,7,West
10,59,Male,Motor,28/10/2022,,482.99,0,4,East
11,26,Female,Home,24/03/2022,24/03/2023 0:00,1210.53,3,7,North
12,31,Female,Motor,26/11/2020,,788.69,4,3,North
13,58,Female,Home,24/02/2024,24/02/2026 0:00,1136.31,2,,East
14,18,Female,Motor,12/09/2024,12/09/2026 0:00,578.86,1,9,East
15,28,Male,Motor,03/12/2023,,455.2,1,6,North
16,23,Male,Auto,05/06/2021,05/06/2024 0:00,1422.41,1,1,East
17,42,Female,Motor,16/06/2024,16/06/2027 0:00,851.58,2,7,East
18,36,Female,Auto,15/02/2024,,320.42,1,9,East
19,54,Male,Auto,25/02/2023,25/02/2024 0:00,1481.98,5,2,South
20,44,Male,Motor,19/06/2024,19/06/2025 0:00,871.41,5,7,East
21,33,Female,Auto,06/08/2020,06/08/2022 0:00,923,3,7,East
22,50,Male,Home,25/12/2022,25/12/2024 0:00,348.96,3,5,East
23,45,Male,Motor,25/08/2020,25/08/2021 0:00,556,2,6,East
24,22,Female,Motor,09/10/2019,,889.27,1,8,North
25,,Female,Home,08/03/2023,08/03/2026 0:00,1167.32,4,6,South
26,67,Male,Motor,09/05/2024,,664.75,5,3,West
27,48,Male,Auto,05/10/2022,05/10/2023 0:00,1005.02,0,5,North
28,59,Female,Motor,27/10/2020,,507.32,5,4,South
29,19,Male,Motor,21/10/2021,,1093.61,2,9,North
30,56,Female,Motor,16/01/2021,16/01/2024 0:00,1146.32,3,1,West
31,69,Female,Home,03/04/2023,03/04/2026 0:00,965.03,1,9,West
32,45,Female,Auto,06/03/2024,06/03/2025 0:00,1118.53,1,10,East
33,57,Male,Home,01/04/2020,01/04/2022 0:00,376.36,3,4,East
34,66,Female,Home,02/02/2023,02/02/2024 0:00,282.48,1,4,West
35,34,Male,Motor,11/10/2021,,854.79,3,4,South
36,45,Female,Motor,17/10/2019,,902.41,2,3,East
37,48,Male,Auto,22/09/2022,22/09/2025 0:00,288.65,3,10,South
38,41,Female,Home,09/01/2021,09/01/2024 0:00,803.46,0,8,West
39,64,Female,Home,03/07/2021,03/07/2022 0:00,1376.52,5,9,East
40,44,Male,Motor,27/09/2019,,642.93,1,2,East
41,58,Male,Motor,27/05/2020,27/05/2021 0:00,620.75,5,3,North
42,69,Male,Auto,02/07/2021,02/07/2024 0:00,1014.13,0,2,East
43,51,Male,Home,22/04/2021,,1483.82,4,2,South
44,45,Male,Home,17/10/2020,17/10/2023 0:00,838.47,3,10,East
45,20,Male,Motor,15/08/2023,15/08/2025 0:00,1199.65,0,9,East
46,45,Female,Motor,11/02/2022,,1331.81,1,1,East
47,35,Female,Auto,18/05/2021,18/05/2024 0:00,633.46,4,5,East
48,18,Male,Motor,09/12/2021,09/12/2022 0:00,1172.93,0,4,West
49,44,Female,Home,23/11/2020,23/11/2022 0:00,633.26,3,10,South
50,64,Female,Auto,13/02/2020,13/02/2022 0:00,544.74,3,10,East
51,45,Female,Auto,16/02/2023,16/02/2024 0:00,1019.53,3,2,West
52,51,Female,Motor,14/12/2023,14/12/2025 0:00,567.48,2,8,North
53,50,Male,Motor,23/06/2022,23/06/2023 0:00,903.51,5,1,South
54,59,Male,Auto,07/03/2021,07/03/2023 0:00,423.41,4,5,North
55,61,Female,Motor,29/10/2021,29/10/2023 0:00,331.16,4,5,West
56,68,Female,Motor,14/11/2020,14/11/2022 0:00,1092.88,0,1,East
57,59,Male,Motor,23/12/2021,,801.97,3,9,West
58,50,Female,Auto,14/09/2021,14/09/2024 0:00,1452,5,1,West
59,44,,Auto,23/02/2024,23/02/2027 0:00,516.51,0,1,East
60,60,Female,Motor,19/12/2021,19/12/2023 0:00,334.94,3,3,South
61,60,Male,Home,25/05/2021,25/05/2022 0:00,1227.76,0,4,East
62,65,Female,Home,02/04/2023,02/04/2026 0:00,807.01,1,4,North
63,38,Female,Motor,14/03/2023,,301.59,5,5,North
64,20,Male,Motor,09/06/2023,,1383.73,2,6,West
65,47,Male,Auto,25/09/2019,25/09/2022 0:00,1419.76,3,3,East
66,63,Male,Motor,06/01/2023,06/01/2026 0:00,1072.03,3,4,West
67,56,Male,Auto,03/04/2022,03/04/2025 0:00,489.68,2,1,West
68,62,Female,Auto,17/07/2023,,328.4,3,6,West
69,55,Male,Auto,17/02/2023,17/02/2024 0:00,764.82,0,7,South
70,64,Male,Motor,05/02/2023,,980.4,4,1,South
71,23,Female,Auto,01/07/2021,01/07/2022 0:00,1094.78,0,8,North
72,39,Female,Motor,25/09/2019,,734.13,3,,East
73,50,Female,Motor,10/05/2020,10/05/2023 0:00,1205.72,4,6,North
74,55,Female,Motor,09/07/2021,09/07/2023 0:00,1314.5,4,9,South
75,64,Male,Auto,01/05/2020,01/05/2022 0:00,942.58,2,8,South
76,48,Female,Motor,05/11/2021,05/11/2024 0:00,363.45,5,8,West
77,66,Male,Motor,30/03/2021,30/03/2024 0:00,470.95,5,4,East
78,31,Female,Home,27/10/2019,27/10/2022 0:00,338.32,1,7,West
79,52,Male,Home,13/11/2019,13/11/2021 0:00,488,3,8,North
80,31,Male,Auto,30/09/2022,30/09/2023 0:00,1046.05,5,5,North
81,34,Male,Motor,22/07/2020,,1169.51,2,9,North
82,39,Female,Motor,24/08/2023,24/08/2025 0:00,808.44,4,6,East
83,67,Male,Motor,20/12/2020,,1396.28,1,3,East
84,25,Male,Home,21/11/2020,21/11/2022 0:00,1238.79,5,9,East
85,28,Male,Motor,24/05/2024,24/05/2025 0:00,1291.95,4,9,South
86,22,Male,Auto,29/05/2024,29/05/2027 0:00,1312.99,1,8,West
87,42,Female,Motor,13/12/2020,,637.28,2,2,West
88,62,Male,Motor,25/01/2023,,849.49,0,7,West
89,51,Male,Motor,14/08/2022,14/08/2024 0:00,788.85,3,2,East
90,34,Male,Motor,17/01/2022,,1392.15,5,2,North
91,29,,Motor,13/03/2024,,616.44,5,8,East
92,69,Female,Motor,03/04/2021,03/04/2024 0:00,498.07,1,6,North
93,60,Male,Motor,15/04/2021,15/04/2024 0:00,487.14,2,5,North
94,62,Male,Motor,07/09/2022,,335.6,2,10,South
95,42,Female,Motor,06/09/2021,06/09/2024 0:00,819.08,3,7,South
96,69,Female,Home,04/02/2021,04/02/2022 0:00,1161,2,4,North
97,52,Female,Home,04/03/2022,04/03/2025 0:00,901.84,0,3,North
98,24,Female,Motor,22/06/2020,22/06/2021 0:00,1193.54,3,4,North
99,55,Female,Motor,17/02/2021,17/02/2023 0:00,565.63,0,5,South
100,28,Male,Auto,04/10/2019,04/10/2021 0:00,1030.83,0,8,West
101,29,Male,Motor,09/06/2020,09/06/2022 0:00,515.16,2,9,West
102,27,Female,Motor,30/04/2024,,524.98,0,9,West
103,27,Female,Auto,29/09/2021,29/09/2024 0:00,1233.79,0,5,West
104,63,Male,Motor,12/07/2024,12/07/2025 0:00,713.4,,9,East
105,53,Male,Motor,22/06/2020,,1361.02,3,3,West
106,53,Male,Home,09/10/2023,09/10/2024 0:00,669.66,3,2,East
107,52,Male,Motor,27/04/2023,27/04/2025 0:00,1073.13,1,4,West
108,67,,Motor,08/06/2023,08/06/2024 0:00,641.59,0,4,North
109,43,Female,Motor,05/12/2020,05/12/2022 0:00,254.41,0,,North
110,49,Male,Auto,24/01/2021,24/01/2022 0:00,1091.02,3,2,East
111,45,Male,Motor,17/05/2020,,1348.44,5,10,South
112,62,Male,Home,06/11/2019,06/11/2020 0:00,1194.8,2,6,North
113,29,Female,Motor,31/05/2022,31/05/2023 0:00,403.84,1,7,North
114,55,Male,Auto,28/08/2020,28/08/2022 0:00,1289.6,0,6,South
115,18,Male,Motor,21/03/2020,,1357.96,1,6,East
116,46,Male,Motor,11/11/2022,11/11/2024 0:00,1416.36,5,,South
117,67,Female,Auto,31/08/2023,,1356.6,5,5,West
118,24,Female,Home,20/07/2020,20/07/2023 0:00,696.31,,4,North
119,59,Male,Auto,10/11/2022,10/11/2024 0:00,741.83,2,2,North
120,39,Male,Home,14/10/2023,14/10/2025 0:00,844.22,3,2,North
121,69,Male,Home,06/03/2020,06/03/2021 0:00,624.58,1,5,West
122,30,Male,Motor,05/11/2023,,1014.82,3,4,South
123,37,Female,Motor,14/05/2021,14/05/2023 0:00,774.33,4,4,North
124,,Female,Motor,15/01/2021,15/01/2024 0:00,1263.54,1,9,West
125,61,Female,Auto,26/03/2022,26/03/2023 0:00,270.12,2,4,South
126,50,Female,Motor,08/07/2021,,368.2,1,8,West
127,62,Male,Motor,09/02/2023,09/02/2026 0:00,1494.92,2,9,East
128,23,Female,Home,31/07/2023,31/07/2024 0:00,580.97,0,6,North
129,60,Male,Home,17/07/2020,17/07/2022 0:00,1267.25,0,2,South
130,38,Male,Motor,24/12/2023,24/12/2024 0:00,1370.58,2,5,West
131,51,Female,Auto,19/07/2021,19/07/2023 0:00,1332.78,1,1,West
132,70,Male,Home,20/04/2021,20/04/2024 0:00,302.5,3,6,West
133,20,Male,Motor,23/08/2020,,513.12,4,8,North
134,57,Female,Home,01/04/2024,01/04/2025 0:00,999.12,0,10,South
135,38,Female,Motor,03/10/2021,03/10/2022 0:00,952.51,2,9,East
136,21,Female,Motor,18/06/2023,18/06/2025 0:00,901.11,3,6,South
137,31,Male,Auto,18/09/2020,18/09/2023 0:00,515.02,0,7,East
138,33,Female,Motor,21/04/2022,,1436.24,4,3,North
139,24,Male,Motor,06/04/2022,,1279.48,2,8,East
140,34,Female,Auto,26/01/2023,26/01/2024 0:00,481.52,0,9,North
141,44,Female,Motor,02/02/2021,02/02/2024 0:00,433.69,0,8,East
142,25,Male,Auto,10/11/2020,10/11/2022 0:00,280.34,0,6,North
143,32,Male,Motor,26/12/2023,26/12/2025 0:00,1250.51,1,8,East
144,57,Male,Motor,23/04/2022,23/04/2023 0:00,1486.28,1,10,South
145,61,Male,Home,07/04/2022,07/04/2025 0:00,264.41,1,4,North
146,19,Female,Home,15/02/2020,15/02/2021 0:00,1472.63,5,7,North
147,32,Male,Motor,08/12/2020,08/12/2021 0:00,1484.24,2,3,West
148,41,Male,Auto,26/06/2021,26/06/2024 0:00,458.72,5,7,East
149,55,Male,Auto,29/09/2022,29/09/2023 0:00,1388,1,5,South
150,37,Male,Home,03/09/2020,03/09/2022 0:00,1445.25,4,2,North
151,44,Male,Home,28/11/2020,28/11/2021 0:00,987.23,3,7,East
152,67,Male,Motor,01/01/2024,01/01/2026 0:00,608,5,,North
153,63,Male,Motor,27/11/2022,27/11/2023 0:00,546.68,1,6,North
154,49,Female,Home,11/08/2021,11/08/2022 0:00,1438.4,2,2,East
155,27,Male,Home,29/04/2023,29/04/2025 0:00,975.09,4,9,South
156,48,Male,Auto,08/03/2021,08/03/2022 0:00,1498.77,4,10,East
157,,Male,Motor,14/11/2021,,846.12,3,8,North
158,41,Male,Motor,06/04/2022,,1390.91,5,8,East
159,32,Female,Motor,06/02/2022,06/02/2025 0:00,1296.99,3,3,South
160,56,Male,Motor,22/01/2021,22/01/2024 0:00,928.14,4,4,North
161,66,Female,Auto,25/12/2022,25/12/2025 0:00,967.3,1,4,East
162,62,Male,Home,09/07/2022,09/07/2023 0:00,554.26,4,7,South
163,,Male,Motor,13/01/2024,13/01/2025 0:00,383.92,0,7,South
164,56,Female,Motor,25/06/2020,25/06/2021 0:00,758.5,2,5,East
165,33,Female,Motor,09/09/2021,,1276.51,2,4,West
166,68,Male,Auto,13/02/2021,13/02/2024 0:00,1419.09,0,7,South
167,59,Female,Motor,26/12/2020,26/12/2023 0:00,1047.11,5,7,East
168,21,Female,Motor,09/12/2020,,1018.76,2,4,East
169,69,Female,Home,20/11/2019,20/11/2020 0:00,629.93,5,7,West
170,54,Female,Motor,23/06/2020,23/06/2022 0:00,1421.48,1,5,West
171,22,Female,Auto,05/02/2022,05/02/2023 0:00,858.89,1,7,East
172,66,Female,Auto,08/06/2020,08/06/2022 0:00,1376.03,5,5,South
173,37,Female,Motor,01/04/2023,01/04/2025 0:00,573.33,4,8,West
174,60,Female,Auto,16/08/2024,16/08/2027 0:00,941.26,5,1,West
175,38,Female,Motor,05/03/2023,05/03/2024 0:00,333.59,2,7,South
176,70,Male,Home,22/02/2020,22/02/2022 0:00,686.3,2,4,North
177,48,Male,Motor,17/12/2022,,1102.15,0,3,South
178,57,Male,Auto,18/12/2022,18/12/2023 0:00,634.23,0,9,West
179,39,Female,Auto,18/12/2021,,1347.53,3,3,West
180,26,Male,Home,10/12/2023,10/12/2026 0:00,1241.89,0,9,North
181,50,Male,Motor,21/05/2021,21/05/2023 0:00,752.98,5,2,North
182,40,Female,Auto,03/07/2020,03/07/2022 0:00,850.99,3,,North
183,63,Male,Motor,12/08/2020,12/08/2023 0:00,816.15,0,7,East
184,33,Male,Home,01/08/2024,01/08/2026 0:00,341.21,4,1,East
185,27,Female,Motor,12/11/2020,12/11/2023 0:00,923.69,5,8,East
186,38,Female,Motor,28/02/2022,,493.35,2,3,West
187,39,Male,Motor,29/12/2019,,741.7,4,10,South
188,61,Female,Auto,10/09/2024,10/09/2026 0:00,915.38,5,2,South
189,50,Male,Auto,05/06/2023,05/06/2026 0:00,1162.93,3,3,South
190,38,Female,Motor,31/10/2019,,1112.93,3,10,South
191,23,Male,Home,04/06/2024,04/06/2026 0:00,1424.41,5,9,North
192,67,Female,Auto,10/01/2022,10/01/2023 0:00,918.34,2,8,South
193,21,Female,Auto,06/04/2023,06/04/2026 0:00,923.88,0,10,West
194,60,Female,Auto,27/07/2023,27/07/2026 0:00,295.35,4,10,East
195,43,Male,Motor,20/03/2021,,981.8,0,4,North
196,58,Male,Motor,09/07/2024,,770.47,5,1,West
197,69,Male,Motor,28/10/2021,28/10/2023 0:00,749.1,0,10,West
198,30,Female,Motor,09/07/2021,,1355.94,0,8,North
199,65,Male,Home,15/11/2019,15/11/2022 0:00,1105.04,3,3,South
200,56,Male,Motor,23/12/2020,,1287.18,1,5,North
201,22,Female,Motor,20/06/2020,20/06/2022 0:00,708.77,5,2,West
202,62,Male,Motor,13/01/2023,13/01/2026 0:00,1415.6,2,3,South
203,18,Male,Motor,19/04/2021,,728.69,,1,South
204,21,Female,Auto,07/12/2020,07/12/2023 0:00,1131.15,2,10,East
205,30,Female,Auto,10/08/2022,10/08/2023 0:00,728.63,5,8,South
206,44,Female,Auto,06/09/2020,06/09/2022 0:00,739.75,4,10,North
207,64,Male,Home,21/12/2023,21/12/2026 0:00,490.05,1,4,East
208,45,Male,Motor,06/12/2023,06/12/2025 0:00,invalid,2,2,East
209,29,Male,Home,01/06/2022,01/06/2023 0:00,330.11,2,4,East
210,43,Male,Motor,27/03/2020,27/03/2021 0:00,1394.46,4,4,West
211,35,Female,Motor,22/08/2022,,403.82,,3,East
212,39,Female,Motor,08/12/2020,,1141.25,0,1,West
213,55,Male,Motor,11/06/2024,,313.85,1,1,North
214,27,Male,Motor,04/04/2022,,1296.53,3,2,West
215,26,Male,Home,19/11/2023,19/11/2025 0:00,721.68,1,1,West
216,20,Male,Motor,04/02/2024,04/02/2026 0:00,664.78,3,6,South
217,22,Female,Auto,28/04/2022,,991.86,3,8,East
218,18,Male,Motor,14/10/2020,14/10/2022 0:00,982.15,1,7,South
219,26,Male,Motor,08/12/2019,,1209.88,0,5,South
220,58,Male,Auto,25/11/2021,25/11/2022 0:00,309.57,3,6,West
221,51,Female,Motor,31/01/2023,31/01/2024 0:00,939.44,2,8,South
222,39,Male,Motor,10/04/2023,,479.16,5,10,South
223,70,Female,Auto,26/02/2020,26/02/2021 0:00,837.99,4,2,South
224,40,Male,Home,14/11/2020,14/11/2023 0:00,651.9,3,5,South
225,,Male,Motor,21/12/2023,21/12/2024 0:00,1347.66,3,5,South
226,22,Female,Motor,14/03/2021,14/03/2023 0:00,597.13,4,6,South
227,52,Female,Auto,11/03/2021,11/03/2023 0:00,346.64,2,5,South
228,30,Male,Home,07/05/2021,07/05/2023 0:00,1211.73,1,4,East
229,42,Male,Home,10/08/2020,10/08/2022 0:00,648.78,1,4,East
230,51,Male,Motor,12/08/2023,12/08/2026 0:00,1145.68,5,10,North
231,60,Female,Motor,03/07/2022,03/07/2023 0:00,1045.35,5,5,East
232,68,Female,Motor,08/10/2019,08/10/2022 0:00,426.84,4,10,East
233,64,Male,Auto,17/08/2020,,1011.35,2,3,North
234,45,Female,Motor,09/12/2022,,1310.06,1,7,North
235,69,Female,Auto,01/06/2024,01/06/2026 0:00,818.54,1,5,West
236,47,Male,Motor,28/10/2019,28/10/2020 0:00,891.52,0,5,East
237,37,Female,Home,24/01/2020,24/01/2021 0:00,395.98,5,8,West
238,31,Female,Motor,24/04/2023,,972.71,4,6,North
239,24,Female,Motor,14/06/2023,,844.98,1,3,North
240,33,,Motor,13/10/2022,13/10/2023 0:00,793.51,4,2,West
241,37,Male,Motor,08/03/2023,,744.11,4,7,West
242,42,Male,Home,03/09/2020,03/09/2022 0:00,1452.55,0,7,North
243,18,Male,Home,01/03/2024,01/03/2026 0:00,1130.26,4,5,East
244,37,Female,Home,07/09/2021,07/09/2024 0:00,256.67,5,10,North
245,,Female,Home,11/09/2020,11/09/2022 0:00,780.83,3,2,North
246,44,Female,Auto,22/01/2024,22/01/2025 0:00,686.76,4,3,West
247,19,Female,Home,03/04/2023,03/04/2025 0:00,484.97,0,8,West
248,62,Female,Motor,02/08/2024,02/08/2025 0:00,542.7,3,3,South
249,48,Female,Home,26/11/2023,26/11/2024 0:00,746.81,1,6,West
250,27,Female,Home,05/08/2021,05/08/2024 0:00,1482.13,0,7,South
251,28,Female,Home,23/06/2020,23/06/2022 0:00,1018.85,2,2,South
252,25,Female,Auto,02/11/2022,02/11/2023 0:00,778.39,2,1,West
253,47,Male,Home,06/12/2021,06/12/2022 0:00,935.05,1,7,East
254,28,Male,Motor,19/12/2019,,1313.03,4,5,East
255,28,Female,Motor,09/05/2023,09/05/2025 0:00,398.97,,7,East
256,47,Male,Auto,02/06/2024,02/06/2025 0:00,712.98,2,2,East
257,46,Female,Motor,08/07/2024,08/07/2027 0:00,892.76,2,4,East
258,36,Male,Motor,27/06/2021,,855.28,0,6,South
259,24,Male,Home,17/01/2022,17/01/2024 0:00,644.85,3,5,East
260,,Female,Motor,22/03/2024,22/03/2025 0:00,818.22,3,7,West
261,68,Female,Auto,30/08/2022,30/08/2025 0:00,1132.06,1,4,West
262,68,Male,Auto,19/08/2024,19/08/2026 0:00,1293.41,4,5,North
263,20,Male,Home,28/02/2024,28/02/2026 0:00,392.49,4,3,East
264,34,Male,Auto,12/02/2023,,662.09,4,8,East
265,60,Female,Auto,15/12/2023,15/12/2024 0:00,1024.27,0,2,North
266,59,Female,Auto,20/08/2023,20/08/2025 0:00,898.53,0,8,South
267,70,Female,Motor,17/09/2021,,665.18,,3,North
268,59,Female,Motor,09/07/2024,09/07/2027 0:00,429.14,1,7,East
269,70,Female,Auto,08/02/2024,08/02/2026 0:00,1425.78,4,10,East
270,55,Male,Motor,17/12/2020,17/12/2023 0:00,1290.92,5,10,East
271,60,Male,Home,16/05/2020,16/05/2021 0:00,1357.99,2,5,East
272,25,Female,Home,25/09/2021,,961.59,3,6,South
273,46,Female,Motor,20/09/2021,20/09/2022 0:00,365.12,5,7,West
274,18,Male,Motor,14/11/2023,14/11/2025 0:00,1180.36,2,9,North
275,58,Male,Motor,26/06/2020,26/06/2021 0:00,1490.26,3,7,East
276,25,Female,Motor,04/06/2023,,519.49,3,3,West
277,56,Male,Motor,19/10/2023,,960.45,5,10,North
278,66,Male,Motor,20/07/2023,20/07/2024 0:00,629.09,0,4,North
279,45,Female,Motor,27/09/2019,27/09/2022 0:00,841.87,4,8,East
280,64,Female,Motor,17/10/2022,17/10/2023 0:00,444.18,2,7,North
281,59,Male,Motor,20/03/2022,20/03/2025 0:00,545.82,4,2,East
282,,Male,Motor,07/04/2021,,881.63,2,8,West
283,64,Male,Motor,06/11/2021,,1305.25,0,2,West
284,66,Male,Motor,26/02/2024,26/02/2025 0:00,413.69,1,9,East
285,29,Female,Motor,02/10/2021,,517.25,0,3,East
286,65,Female,Motor,23/07/2024,,1343.81,3,8,North
287,42,Female,Motor,28/06/2020,28/06/2023 0:00,1328.96,0,10,West
288,63,Male,Auto,30/04/2023,30/04/2026 0:00,296.94,5,10,North
289,49,Male,Motor,30/12/2020,30/12/2022 0:00,591.71,0,8,South
290,18,Male,Motor,26/12/2023,,688.64,,4,South
291,20,Female,Auto,28/04/2020,28/04/2021 0:00,284.74,2,10,North
292,48,Male,Motor,09/11/2019,,1167.39,0,4,North
293,66,Female,Motor,02/02/2024,,301.55,5,9,South
294,,Female,Auto,31/07/2022,31/07/2025 0:00,1386.35,2,10,West
295,64,Female,Motor,21/05/2022,,633.99,1,3,West
296,49,Female,Motor,02/01/2024,02/01/2026 0:00,582.92,4,7,North
297,66,Female,Motor,12/12/2023,12/12/2026 0:00,495.87,1,1,West
298,46,Female,Home,18/03/2020,18/03/2022 0:00,556.36,2,5,West
299,18,Female,Auto,17/08/2020,17/08/2022 0:00,490.45,4,7,East
300,68,Female,Motor,16/09/2020,,1077.81,3,2,East
301,22,Female,Auto,20/07/2020,20/07/2023 0:00,1289.98,2,10,East
302,28,Female,Motor,06/04/2023,06/04/2024 0:00,426.84,0,10,West
303,62,Female,Home,04/08/2022,04/08/2024 0:00,761.15,3,10,North
304,24,Male,Motor,09/12/2022,,1021.05,0,8,North
305,38,Female,Motor,10/09/2022,10/09/2023 0:00,654.07,5,2,North
306,22,Female,Home,19/10/2022,19/10/2025 0:00,729.02,,6,West
307,30,Female,Home,21/11/2021,,862.73,4,2,West
308,52,Female,Home,05/01/2022,05/01/2024 0:00,495.48,1,7,East
309,,Male,Auto,02/10/2021,02/10/2024 0:00,793.48,5,7,East
310,25,Female,Motor,19/03/2023,19/03/2024 0:00,1446.98,1,2,North
311,36,Female,Auto,30/06/2023,30/06/2024 0:00,775.44,2,4,West
312,48,Male,Home,18/06/2022,18/06/2025 0:00,1047.77,4,4,West
313,55,Male,Auto,19/08/2021,19/08/2022 0:00,1075.09,3,2,West
314,41,Female,Motor,26/07/2020,26/07/2022 0:00,1475.88,2,3,North
315,33,Female,Home,06/10/2019,06/10/2020 0:00,915.1,4,2,South
316,21,Female,Motor,26/04/2023,26/04/2024 0:00,754.13,4,10,West
317,32,Male,Auto,26/01/2022,26/01/2025 0:00,1188.2,0,8,North
318,36,Male,Auto,11/05/2023,11/05/2025 0:00,819.08,0,6,North
319,53,Female,Motor,03/11/2021,03/11/2023 0:00,436.66,0,8,West
320,36,Female,Motor,07/02/2021,07/02/2022 0:00,306.57,3,6,East
321,44,Female,Home,12/05/2024,12/05/2027 0:00,900.87,,7,West
322,56,Male,Auto,31/05/2024,31/05/2026 0:00,1238.2,4,8,North
323,,Male,Home,17/03/2020,17/03/2021 0:00,831.74,0,9,West
324,20,Male,Motor,21/09/2024,21/09/2026 0:00,1359.71,4,2,East
325,41,Female,Motor,04/08/2024,,invalid,3,7,East
326,60,Female,Motor,10/02/2021,10/02/2022 0:00,1280.77,1,4,South
327,57,Male,Motor,19/06/2021,,766.26,2,4,North
328,49,Female,Home,13/08/2020,13/08/2021 0:00,1373.47,2,4,East
329,62,Male,Motor,22/04/2021,,1330.33,2,,North
330,22,Female,Home,28/11/2023,,467.67,3,10,South
331,60,Female,Home,14/07/2022,14/07/2025 0:00,479.98,2,2,South
332,50,Female,Motor,02/04/2021,02/04/2023 0:00,928.88,1,8,East
333,26,Male,Auto,27/04/2022,27/04/2024 0:00,1013.33,1,3,South
334,53,Male,Auto,04/08/2022,04/08/2025 0:00,563.92,0,7,West
335,41,Female,Auto,29/09/2022,29/09/2023 0:00,1468.33,2,4,North
336,34,Female,Auto,13/12/2020,13/12/2021 0:00,578.44,1,3,East
337,47,Male,Motor,15/04/2022,,1076.89,0,7,North
338,34,Female,Auto,15/01/2022,15/01/2024 0:00,438.49,2,6,West
339,34,Male,Motor,18/05/2024,18/05/2027 0:00,541.79,0,3,West
340,36,Female,Motor,11/09/2024,,977.98,5,6,South
341,29,Female,Auto,10/11/2021,10/11/2022 0:00,1125.67,5,7,East
342,67,Male,Motor,13/08/2020,13/08/2022 0:00,1417.8,3,2,South
343,56,Female,Home,06/02/2020,06/02/2021 0:00,346.21,0,7,West
344,63,Female,Home,21/09/2024,21/09/2026 0:00,738.12,2,6,South
345,65,Female,Home,08/09/2022,08/09/2025 0:00,919.73,1,2,South
346,65,Female,Motor,06/04/2022,,320.97,5,9,East
347,23,Male,Motor,26/06/2021,26/06/2022 0:00,1420.03,2,1,East
348,64,Male,Home,01/12/2020,01/12/2023 0:00,275.13,4,5,East
349,42,Female,Motor,22/01/2022,22/01/2023 0:00,582.06,4,2,South
350,19,Male,Auto,02/04/2020,02/04/2021 0:00,invalid,4,4,North
351,54,Female,Auto,17/11/2023,17/11/2025 0:00,928.56,1,9,North
352,18,Female,Auto,15/08/2021,15/08/2022 0:00,1328.14,1,5,North
353,26,Female,Auto,19/07/2021,19/07/2023 0:00,1420.76,4,1,East
354,18,Male,Auto,12/10/2021,12/10/2024 0:00,434.38,3,2,South
355,36,Female,Motor,16/09/2024,16/09/2025 0:00,549.2,1,8,North
356,45,Male,Motor,06/03/2024,,1242.78,3,7,North
357,45,Female,Motor,26/07/2023,26/07/2024 0:00,1004.68,3,2,East
358,42,Male,Home,21/02/2023,21/02/2026 0:00,756.45,4,6,South
359,43,Male,Home,20/05/2022,20/05/2025 0:00,291.62,0,7,North
360,57,Male,Motor,09/10/2019,,433.91,1,2,South
361,29,Male,Motor,28/01/2021,28/01/2022 0:00,440.56,1,2,West
362,66,Male,Home,13/08/2024,13/08/2027 0:00,1103.23,1,10,West
363,43,Male,Motor,26/11/2020,26/11/2022 0:00,332.32,0,10,West
364,53,Male,Auto,01/07/2022,01/07/2023 0:00,1220.56,0,7,North
365,31,Male,Motor,01/11/2020,,1425.77,,1,West
366,62,Female,Home,08/07/2023,08/07/2026 0:00,1132.25,5,5,South
367,67,Female,Motor,31/01/2020,,333.11,4,2,East
368,61,Female,Auto,26/09/2023,26/09/2025 0:00,683.44,5,9,West
369,45,Female,Auto,02/04/2020,02/04/2021 0:00,831.81,0,3,South
370,37,Female,Motor,06/11/2019,,1432.33,5,4,North
371,60,Female,Motor,15/04/2022,,721.19,3,6,North
372,26,Female,Motor,08/08/2022,,341.23,2,5,South
373,43,Female,Auto,04/05/2024,04/05/2026 0:00,726.93,5,10,East
374,48,Male,Motor,05/12/2022,,1170.63,0,3,East
375,21,Male,Motor,05/01/2021,,1039.97,2,10,South
376,46,Female,Auto,04/12/2021,,1191.47,1,3,West
377,26,Female,Motor,29/10/2020,,1387.3,0,10,West
378,70,Female,Home,20/03/2021,20/03/2022 0:00,1482.02,2,5,North
379,18,Female,Home,09/03/2023,09/03/2026 0:00,1235.77,3,8,East
380,27,Female,Home,27/07/2024,27/07/2026 0:00,978.56,3,6,South
381,,Female,Auto,21/04/2024,21/04/2026 0:00,995.22,4,10,East
382,30,Female,Motor,01/03/2022,,1417.96,0,10,West
383,60,Male,Auto,09/09/2020,09/09/2022 0:00,1282.41,4,3,North
384,40,Female,Motor,08/08/2023,08/08/2024 0:00,1415.17,2,1,South
385,61,Male,Auto,16/06/2020,16/06/2023 0:00,930.33,,2,West
386,30,Female,Motor,02/07/2022,,279.16,1,5,North
387,31,Male,Motor,06/05/2020,,718.19,1,2,East
388,66,Male,Auto,10/05/2023,,1186.58,2,8,East
389,53,Male,Home,04/10/2021,04/10/2022 0:00,745.55,,8,West
390,57,Female,Motor,06/03/2022,06/03/2025 0:00,759.05,3,9,North
391,43,Female,Home,06/09/2024,06/09/2027 0:00,1099.77,2,1,South
392,68,Female,Motor,16/05/2021,16/05/2023 0:00,974.42,,2,East
393,47,Male,Motor,30/01/2021,30/01/2022 0:00,1101.73,3,2,West
394,68,Female,Motor,21/10/2021,21/10/2023 0:00,601.42,4,2,West
395,28,Female,Motor,24/12/2023,24/12/2025 0:00,1036.47,2,9,North
396,26,Male,Motor,14/07/2022,,1381.04,0,9,West
397,26,Male,Auto,15/05/2022,15/05/2025 0:00,1004.57,5,6,East
398,32,Female,Auto,28/09/2021,28/09/2022 0:00,839.94,0,9,North
399,23,Male,Motor,03/05/2021,,1285.2,3,6,West
400,57,Male,Motor,15/01/2021,15/01/2023 0:00,853.9,0,1,West
401,21,Female,Motor,18/02/2021,18/02/2024 0:00,406.17,3,7,East
402,21,Female,Motor,23/03/2024,23/03/2027 0:00,1267.47,1,9,East
403,31,Female,Auto,07/09/2020,07/09/2022 0:00,312.82,0,5,East
404,54,Female,Home,10/01/2022,10/01/2025 0:00,1196.2,5,9,East
405,50,Male,Unknown,02/03/2024,02/03/2027 0:00,927.78,3,6,West
406,20,Male,Motor,10/03/2022,,304.91,2,10,South
407,,Female,Home,03/04/2022,03/04/2024 0:00,840.02,5,4,East
408,34,Male,Motor,29/03/2020,,1436.32,1,7,West
409,33,Male,Home,24/07/2020,24/07/2023 0:00,930.73,2,7,North
410,35,Female,Motor,18/04/2024,18/04/2027 0:00,1085.31,3,10,North
411,33,Female,Home,26/11/2020,26/11/2022 0:00,1034,5,10,South
412,55,Female,Motor,09/04/2023,,1155.79,1,2,North
413,65,Male,Auto,01/04/2020,01/04/2021 0:00,1496.27,4,7,South
414,35,Male,Auto,10/03/2020,10/03/2023 0:00,298.32,,2,North
415,63,Female,Home,10/08/2024,10/08/2026 0:00,340.42,4,2,West
416,65,,Auto,31/08/2023,31/08/2024 0:00,1320.94,5,7,North
417,31,Male,Motor,18/04/2021,,406.21,2,1,East
418,49,Male,Home,22/03/2020,22/03/2022 0:00,289.2,2,2,South
419,54,Female,Home,12/11/2019,12/11/2021 0:00,1356.97,4,10,North
420,38,Female,Motor,03/11/2020,,1316.71,5,7,South
421,70,Male,Home,14/11/2019,14/11/2021 0:00,876.82,0,,North
422,19,Male,Motor,19/03/2022,,879.65,1,,East
423,33,Male,Motor,01/03/2022,,1227.6,0,6,West
424,24,Female,Home,29/05/2020,29/05/2023 0:00,1284.32,4,3,West
425,20,Male,Motor,09/12/2021,,1139.4,3,8,South
426,68,Female,Motor,18/02/2022,,733.24,5,6,East
427,28,Male,Motor,27/06/2021,,905.65,1,10,South
428,34,Female,Auto,08/02/2022,08/02/2024 0:00,739.81,0,6,North
429,32,Female,Auto,02/01/2024,02/01/2025 0:00,1380.46,1,8,East
430,53,Female,Motor,30/12/2019,,579.3,5,2,East
431,20,Female,Motor,13/09/2024,13/09/2025 0:00,367,3,7,South
432,50,Male,Auto,02/06/2021,02/06/2023 0:00,1138.06,4,9,East
433,41,Female,Auto,16/07/2024,16/07/2025 0:00,574.31,3,8,South
434,46,Female,Motor,05/03/2024,,1461.77,1,2,East
435,52,Female,Auto,14/11/2021,14/11/2022 0:00,540.5,2,6,South
436,52,Male,Auto,09/11/2019,09/11/2020 0:00,546.65,3,8,North
437,,Female,Home,18/09/2024,18/09/2027 0:00,960.12,0,6,North
438,57,Male,Motor,15/08/2020,,902.6,0,1,East
439,31,Male,Home,16/12/2019,16/12/2021 0:00,470.89,4,3,South
440,19,Male,Home,13/08/2022,13/08/2025 0:00,977.48,4,9,West
441,44,Male,Motor,29/05/2021,,596.51,0,,South
442,55,Female,Motor,18/01/2024,18/01/2026 0:00,381.29,4,8,North
443,37,Female,Home,21/10/2023,21/10/2026 0:00,1188.96,1,2,South
444,24,Female,Auto,01/06/2021,01/06/2024 0:00,431.79,0,4,West
445,26,Female,Home,08/12/2022,08/12/2023 0:00,772.33,4,9,South
446,24,Female,Motor,05/09/2020,,649.35,2,8,East
447,63,Male,Home,24/02/2021,,416.66,0,1,South
448,59,Female,Motor,04/01/2023,04/01/2026 0:00,438.8,0,7,West
449,37,Female,Home,23/04/2020,23/04/2021 0:00,957.03,,6,North
450,18,Female,Home,29/11/2019,29/11/2021 0:00,417.15,2,7,South
451,65,Female,Motor,02/05/2023,02/05/2025 0:00,718.39,2,2,East
452,21,Female,Motor,30/09/2020,30/09/2023 0:00,392.42,1,7,East
453,42,Female,Home,06/08/2022,06/08/2024 0:00,1173.44,3,2,West
454,32,Female,Home,24/11/2019,24/11/2021 0:00,523.05,2,9,South
455,50,Female,Auto,27/07/2021,27/07/2022 0:00,1050.47,3,8,East
456,64,Male,Home,19/08/2021,19/08/2022 0:00,1336.7,0,1,South
457,,Female,Motor,13/07/2020,13/07/2021 0:00,833.82,0,10,East
458,26,Female,Motor,23/12/2020,23/12/2022 0:00,627.89,4,8,South
459,57,Female,Motor,22/06/2020,,777.82,1,8,East
460,38,Male,Auto,22/02/2021,22/02/2023 0:00,1321.99,2,4,North
461,52,Female,Auto,05/04/2023,05/04/2024 0:00,379.02,1,8,West
462,32,Male,Motor,28/10/2023,28/10/2025 0:00,994.44,0,6,North
463,68,Male,Motor,22/01/2023,,893.91,1,2,East
464,70,Male,Home,13/04/2023,13/04/2026 0:00,1118.33,3,2,North
465,37,Female,Motor,29/11/2021,29/11/2024 0:00,1435.11,1,2,North
466,21,Male,Auto,21/06/2020,21/06/2023 0:00,335.58,3,7,East
467,32,Female,Auto,16/11/2023,16/11/2026 0:00,907.39,1,9,North
468,28,Male,Auto,09/08/2023,09/08/2024 0:00,295.86,3,8,East
469,30,Female,Home,03/12/2023,03/12/2026 0:00,681.32,5,9,North
470,35,Male,Home,15/03/2023,15/03/2024 0:00,682.22,1,10,South
471,43,Male,Auto,15/11/2023,15/11/2024 0:00,1460.99,3,10,South
472,18,Female,Motor,21/05/2024,21/05/2025 0:00,284.75,2,7,South
473,69,Male,Auto,22/04/2024,22/04/2026 0:00,1053.44,0,5,East
474,20,Female,Home,09/09/2024,09/09/2027 0:00,586.09,3,1,East
475,35,Female,Motor,24/12/2020,,280.69,5,1,North
476,40,Female,Home,27/04/2024,27/04/2026 0:00,885.15,5,4,South
477,30,Male,Home,08/12/2023,08/12/2024 0:00,990.59,4,7,North
478,24,Female,Motor,12/11/2022,12/11/2024 0:00,656.83,,3,East
479,52,Male,Auto,05/06/2023,05/06/2024 0:00,1010.04,5,3,West
480,38,Female,Motor,04/06/2021,,1039.55,1,2,North
481,,Female,Auto,17/09/2020,17/09/2021 0:00,489.81,2,10,West
482,24,Male,Auto,05/08/2024,,1202.38,5,5,South
483,48,Female,Auto,28/01/2023,28/01/2024 0:00,275.15,1,4,South
484,59,Female,Motor,29/07/2023,29/07/2024 0:00,960.16,,1,South
485,70,Male,Home,24/11/2021,24/11/2023 0:00,299.04,,2,South
486,42,Female,Motor,25/10/2022,25/10/2025 0:00,1069.56,3,2,West
487,56,Female,Home,05/09/2021,05/09/2022 0:00,1415.8,3,7,North
488,70,Male,Auto,15/11/2023,15/11/2026 0:00,335.19,0,2,North
489,40,Female,Auto,06/10/2020,06/10/2021 0:00,570.3,5,8,North
490,58,Female,Motor,07/12/2020,,1416.79,0,4,North
491,68,Female,Motor,24/03/2020,24/03/2022 0:00,837.99,4,10,South
492,39,Male,Motor,01/07/2020,01/07/2021 0:00,1315.57,2,2,North
493,32,Male,Home,18/08/2020,18/08/2021 0:00,1346.93,2,4,North
494,52,Female,Motor,25/03/2022,25/03/2025 0:00,696.37,4,8,South
495,53,Male,Home,06/02/2022,06/02/2023 0:00,611.47,4,5,East
496,35,Female,Motor,29/09/2022,,1365.5,4,4,West
497,37,Female,Motor,06/08/2020,06/08/2022 0:00,564.12,0,9,North
498,24,Male,Motor,21/09/2021,,333.14,5,10,East
499,39,Male,Home,29/12/2021,,1246.08,5,7,West
500,30,Female,Auto,13/02/2020,,1490.62,0,5,East
501,49,Female,Auto,24/06/2020,24/06/2023 0:00,378.8,2,1,South
502,47,Female,Motor,25/07/2021,,1282.3,5,6,South
503,39,Male,Motor,17/01/2021,17/01/2022 0:00,718.91,,5,North
504,37,Male,Home,09/02/2024,09/02/2026 0:00,851.63,0,6,North
505,55,Female,Home,17/08/2021,17/08/2024 0:00,1365.04,0,1,South
506,43,Female,Motor,22/04/2022,,961.83,4,1,West
507,31,Female,Motor,17/03/2022,,1496.33,1,6,South
508,26,Female,Home,07/01/2021,07/01/2024 0:00,1483.01,2,4,South
509,65,Female,Home,06/08/2021,06/08/2023 0:00,1409.2,0,10,South
510,39,Female,Auto,21/10/2022,21/10/2025 0:00,1010.13,1,3,East
511,59,Female,Motor,07/12/2023,,504.02,1,10,South
512,21,Female,Home,09/06/2024,09/06/2026 0:00,1448.15,1,8,North
513,59,Female,Auto,16/12/2019,16/12/2021 0:00,574.43,1,1,East
514,43,Female,Auto,31/05/2023,31/05/2025 0:00,851.64,0,2,West
515,34,Male,Home,18/10/2023,18/10/2024 0:00,965.72,5,4,West
516,58,Female,Motor,18/09/2020,,759.54,1,3,North
517,36,Male,Motor,24/11/2022,,1015.96,0,7,South
518,70,Male,Auto,14/04/2023,14/04/2025 0:00,595.16,4,7,East
519,52,Female,Motor,16/09/2024,16/09/2025 0:00,683.93,0,9,South
520,28,Male,Motor,09/12/2019,,1173.85,0,1,East
521,34,Female,Home,29/02/2020,28/02/2021 0:00,689.55,0,7,West
522,30,Female,Home,21/03/2024,21/03/2026 0:00,1437.51,4,10,North
523,34,Female,Motor,18/12/2023,,320.31,2,5,South
524,41,Female,Motor,22/01/2024,22/01/2026 0:00,796.54,3,5,North
525,54,Male,Motor,01/06/2020,,438.26,2,4,East
526,49,Female,Home,18/02/2023,18/02/2025 0:00,909.98,1,6,West
527,36,Female,Auto,11/02/2021,11/02/2024 0:00,1230.26,1,7,North
528,27,Female,Motor,17/04/2024,,1254.23,5,9,West
529,57,Female,Motor,10/01/2022,,480.66,1,9,East
530,29,Male,Home,04/12/2023,,799.57,5,9,West
531,49,Male,Motor,21/01/2021,21/01/2022 0:00,1198.13,4,9,East
532,24,Male,Motor,02/02/2023,,439.39,1,4,East
533,46,Male,Home,02/08/2022,02/08/2025 0:00,685.47,3,4,South
534,45,,Motor,29/09/2022,29/09/2023 0:00,918.47,4,9,West
535,68,,Motor,21/02/2023,,276.05,1,8,South
536,42,Male,Auto,24/06/2024,24/06/2026 0:00,594.03,5,9,East
537,45,Male,Motor,18/11/2019,,1328.09,3,5,North
538,42,Female,Motor,28/03/2022,,932.85,2,6,East
539,38,Male,Motor,18/11/2022,,903.61,3,5,West
540,64,Male,Motor,06/01/2024,,1320.81,3,7,South
541,70,Female,Home,29/02/2020,28/02/2022 0:00,345.53,4,8,East
542,23,Male,Auto,13/08/2020,13/08/2021 0:00,824.91,4,1,West
543,55,Female,Motor,05/07/2021,05/07/2023 0:00,599.26,1,3,South
544,61,Female,Motor,28/07/2021,28/07/2023 0:00,406.82,4,3,North
545,61,Female,Auto,21/08/2020,21/08/2022 0:00,1305.15,4,3,South
546,28,Female,Motor,09/02/2020,09/02/2021 0:00,766.49,1,7,East
547,68,Male,Auto,15/02/2024,15/02/2026 0:00,864.11,5,1,North
548,65,Female,Auto,07/04/2024,07/04/2026 0:00,413.42,4,1,North
549,42,Male,Motor,06/05/2022,,364.86,4,5,South
550,20,Male,Motor,26/01/2024,26/01/2025 0:00,854.51,4,7,South
551,25,Male,Motor,29/07/2022,29/07/2023 0:00,474.43,3,3,North
552,18,Female,Home,18/04/2023,18/04/2025 0:00,1329.67,0,9,West
553,29,Female,Motor,01/05/2023,01/05/2025 0:00,1363.39,2,5,East
554,30,Male,Motor,22/03/2021,22/03/2023 0:00,734.49,1,7,West
555,18,Female,Motor,11/06/2020,,675.08,1,2,West
556,23,Female,Auto,28/05/2022,28/05/2024 0:00,763.81,4,9,South
557,47,Male,Home,12/07/2023,12/07/2024 0:00,1234.51,2,7,East
558,57,Male,Auto,12/05/2021,12/05/2023 0:00,403.24,2,1,West
559,36,Female,Motor,01/07/2021,01/07/2023 0:00,1344.48,5,5,North
560,22,Female,Motor,25/01/2022,25/01/2025 0:00,442.53,1,5,North
561,22,Male,Motor,07/07/2021,07/07/2024 0:00,1468.61,3,3,South
562,22,Female,Motor,20/01/2022,,299.22,1,2,South
563,55,Male,Motor,14/05/2020,,448.02,5,3,South
564,43,Female,Home,22/04/2020,22/04/2021 0:00,261.76,1,9,South
565,48,Female,Home,17/04/2023,17/04/2026 0:00,669.72,5,3,North
566,62,Female,Motor,25/08/2022,,605.54,3,7,North
567,28,Male,Auto,03/03/2021,03/03/2023 0:00,781.62,0,3,West
568,32,Male,Auto,15/08/2021,15/08/2024 0:00,814.36,4,10,West
569,64,Female,Motor,13/03/2021,13/03/2023 0:00,969.05,0,6,East
570,70,Male,Auto,02/01/2022,02/01/2024 0:00,389.08,4,4,South
571,21,Female,Home,16/10/2019,16/10/2022 0:00,1041.82,3,1,North
572,21,Female,Home,24/02/2020,24/02/2022 0:00,707.51,0,5,West
573,29,Male,Auto,11/07/2024,11/07/2027 0:00,1044.68,3,2,North
574,66,Male,Motor,25/12/2020,,817.51,3,4,East
575,55,Female,Home,18/07/2022,18/07/2025 0:00,1167.09,4,9,North
576,40,Female,Home,29/01/2024,,709.23,5,4,North
577,46,Female,Auto,06/02/2022,06/02/2024 0:00,1285.77,2,6,West
578,59,Male,Auto,08/02/2022,08/02/2023 0:00,1097.85,0,8,South
579,31,Male,Motor,04/11/2019,04/11/2020 0:00,830.1,1,1,West
580,34,Male,Motor,22/03/2021,,1237.93,4,9,West
581,,Female,Motor,02/04/2024,02/04/2026 0:00,251.05,2,1,South
582,56,Male,Motor,06/03/2021,06/03/2024 0:00,1437.56,1,2,East
583,59,Female,Motor,08/07/2020,08/07/2021 0:00,414.89,4,3,West
584,,Male,Motor,25/08/2022,,1087.91,5,1,South
585,57,Female,Motor,18/10/2021,,492.72,4,5,South
586,62,Female,Motor,23/09/2019,23/09/2020 0:00,815.87,5,9,East
587,62,Male,Home,18/11/2019,18/11/2020 0:00,731.98,3,10,West
588,19,Male,Motor,06/03/2021,,1205.78,0,7,North
589,27,Male,Auto,09/05/2021,,306.17,4,5,South
590,52,Female,Home,12/10/2020,12/10/2021 0:00,910.73,0,10,West
591,58,Male,Auto,27/12/2021,27/12/2024 0:00,346.33,4,5,South
592,48,Male,Motor,27/11/2019,,952.28,5,9,West
593,22,Female,Auto,05/12/2022,05/12/2023 0:00,1392.16,0,10,West
594,23,Male,Motor,07/12/2023,,1070.12,4,6,West
595,25,Male,Home,31/12/2021,31/12/2023 0:00,773.99,2,7,West
596,52,Female,Motor,21/06/2023,21/06/2025 0:00,552.1,0,8,East
597,36,Female,Motor,27/06/2020,,423.46,3,8,East
598,50,Male,Auto,24/09/2023,24/09/2025 0:00,1438.97,1,9,South
599,30,Female,Auto,08/12/2020,08/12/2022 0:00,1455.89,3,6,West
600,64,Male,Home,21/04/2024,21/04/2026 0:00,523.81,5,5,East
601,50,Female,Home,23/09/2022,23/09/2024 0:00,618.71,5,1,North
602,26,Female,Motor,22/12/2019,,1306.8,4,7,North
603,69,Male,Auto,21/07/2022,21/07/2024 0:00,921.71,2,9,East
604,41,Male,Motor,23/03/2021,23/03/2022 0:00,600.14,5,5,East
605,41,Female,Motor,21/07/2020,,990.8,5,3,South
606,35,Male,Motor,31/10/2020,,283.44,5,2,East
607,43,Male,Motor,07/08/2022,,367.14,0,3,West
608,48,Male,Motor,07/09/2024,07/09/2025 0:00,974.12,4,6,West
609,22,Male,Auto,03/08/2022,03/08/2024 0:00,707.76,2,8,West
610,57,Female,Home,07/01/2022,07/01/2023 0:00,256.84,4,9,North
611,28,Female,Motor,13/03/2021,,752.17,2,9,South
612,41,Female,Auto,14/04/2023,14/04/2024 0:00,975.71,4,8,North
613,62,Male,Motor,15/04/2024,15/04/2025 0:00,759.95,3,7,West
614,22,Male,Motor,03/11/2023,,967.45,1,1,South
615,47,Male,Auto,06/03/2021,06/03/2024 0:00,1405.35,3,8,South
616,29,Female,Motor,20/11/2021,,1093.16,0,3,North
617,23,Female,Motor,15/05/2021,15/05/2024 0:00,1495.8,1,6,East
618,43,Female,Auto,01/11/2020,01/11/2023 0:00,482.94,1,8,East
619,23,Female,Motor,15/01/2024,15/01/2026 0:00,424.95,5,10,West
620,41,Male,Auto,30/09/2022,30/09/2025 0:00,516.94,0,7,West
621,57,Male,Home,02/01/2024,02/01/2027 0:00,1137.97,0,2,East
622,45,Male,Motor,14/12/2020,,931.87,1,7,East
623,25,Female,Motor,27/07/2023,27/07/2024 0:00,1163.66,3,3,West
624,19,Male,Auto,14/10/2023,14/10/2024 0:00,626.36,4,7,West
625,70,Male,Auto,15/02/2021,15/02/2022 0:00,696.41,3,6,North
626,54,Female,Home,23/06/2024,23/06/2026 0:00,1249.69,0,5,East
627,66,Female,Home,29/09/2020,29/09/2022 0:00,432.02,4,10,West
628,50,Male,Unknown,09/08/2021,09/08/2023 0:00,416.98,5,1,West
629,19,Female,Auto,17/05/2024,17/05/2026 0:00,1153.04,2,5,South
630,60,Male,Home,25/09/2020,25/09/2023 0:00,274.25,,6,East
631,21,Female,Auto,18/11/2023,18/11/2026 0:00,1030.64,1,8,West
632,21,Male,Home,03/10/2023,03/10/2025 0:00,1438.11,4,7,South
633,51,Female,Home,31/07/2023,31/07/2026 0:00,1279.59,3,8,East
634,36,Female,Home,09/10/2019,09/10/2021 0:00,489.87,0,9,East
635,28,Female,Auto,10/05/2020,,1448.72,3,2,East
636,32,Male,Auto,16/11/2020,16/11/2021 0:00,1121.58,5,2,West
637,41,Female,Motor,17/04/2023,17/04/2025 0:00,479.53,4,1,North
638,61,Female,Auto,10/01/2021,10/01/2022 0:00,795.56,4,6,South
639,58,Female,Motor,11/03/2024,11/03/2026 0:00,1277.81,4,1,West
640,70,Female,Motor,16/08/2021,,763.9,1,8,West
641,50,Male,Home,13/11/2022,13/11/2024 0:00,269.75,1,10,North
642,36,Male,Auto,19/04/2020,19/04/2023 0:00,694.39,1,2,South
643,61,Male,Home,15/08/2024,15/08/2025 0:00,506.45,1,6,East
644,43,,Auto,09/08/2020,09/08/2022 0:00,440.74,5,5,North
645,61,Male,Home,17/05/2022,17/05/2024 0:00,844,1,6,North
646,59,Male,Home,01/06/2022,01/06/2025 0:00,755.11,5,9,West
647,29,Female,Home,24/01/2021,24/01/2023 0:00,1467.72,0,3,East
648,38,Female,Home,17/01/2024,,712.67,5,8,North
649,45,Female,Home,11/12/2022,11/12/2024 0:00,892.4,5,4,South
650,48,Female,Home,21/04/2020,21/04/2022 0:00,908.85,5,8,West
651,28,Male,Motor,22/10/2020,,489.26,3,4,East
652,42,Female,Home,09/11/2019,09/11/2020 0:00,378.83,5,8,North
653,54,Male,Home,18/07/2021,18/07/2023 0:00,763.69,1,9,West
654,68,Female,Motor,15/12/2023,15/12/2025 0:00,1238.41,2,8,West
655,,Female,Motor,21/08/2024,,425.16,3,3,North
656,24,Female,Auto,01/01/2023,01/01/2025 0:00,931.85,0,5,North
657,20,Female,Motor,02/08/2020,,628.15,,10,West
658,32,Male,Motor,19/03/2020,,729.29,2,5,North
659,34,Female,Home,24/11/2021,24/11/2022 0:00,1365.62,3,1,East
660,21,,Motor,02/04/2020,,1494.56,5,3,South
661,40,Female,Motor,11/11/2022,11/11/2025 0:00,312.85,5,3,West
662,46,Male,Motor,25/03/2024,25/03/2026 0:00,355.09,3,1,East
663,36,Female,Home,17/12/2020,17/12/2023 0:00,678.26,0,3,North
664,68,Female,Motor,09/05/2022,09/05/2025 0:00,743.76,2,6,South
665,35,Male,Home,28/12/2021,28/12/2024 0:00,1264.8,0,8,South
666,51,Female,Motor,22/07/2021,,846.07,3,10,South
667,66,Female,Motor,16/06/2022,16/06/2025 0:00,1416.33,1,1,West
668,49,Female,Motor,25/09/2020,,1060.04,0,5,West
669,38,Female,Home,27/08/2024,27/08/2025 0:00,1385.86,2,7,East
670,55,Male,Motor,31/10/2023,31/10/2024 0:00,807.18,3,8,South
671,51,Male,Home,04/03/2020,04/03/2022 0:00,832.31,1,7,East
672,36,Female,Auto,03/03/2020,03/03/2021 0:00,702.79,2,3,East
673,35,Female,Auto,18/03/2021,18/03/2023 0:00,1281.31,5,3,West
674,67,Male,Auto,16/04/2024,16/04/2025 0:00,990.54,3,9,West
675,22,Female,Home,29/01/2022,29/01/2025 0:00,1001.57,0,1,West
676,33,Female,Motor,30/04/2023,30/04/2025 0:00,1272.4,5,6,East
677,60,Male,Motor,18/01/2021,18/01/2023 0:00,829.99,4,4,West
678,24,Male,Home,29/08/2024,29/08/2026 0:00,747.12,4,4,South
679,60,,Auto,08/02/2022,08/02/2024 0:00,931.47,1,1,South
680,31,Male,Home,17/09/2022,17/09/2024 0:00,628.98,2,9,East
681,45,Male,Motor,05/01/2024,,505.54,2,6,East
682,30,Female,Home,17/01/2021,17/01/2023 0:00,588.33,4,10,South
683,53,Female,Motor,09/09/2022,,748.21,5,5,South
684,23,Male,Motor,04/09/2021,04/09/2022 0:00,816.8,2,4,South
685,52,Male,Motor,14/03/2023,,539.95,3,3,East
686,62,Male,Home,11/03/2022,11/03/2023 0:00,1492.07,1,3,South
687,45,Male,Home,11/09/2024,11/09/2025 0:00,655.65,0,8,East
688,55,Female,Motor,05/05/2021,,629.78,5,10,West
689,62,Female,Motor,17/03/2021,17/03/2022 0:00,1141.96,4,7,South
690,42,Female,Home,14/08/2022,14/08/2025 0:00,656.35,0,9,North
691,26,Male,Motor,18/03/2023,18/03/2026 0:00,852.68,4,2,West
692,57,Female,Motor,18/04/2024,,1491.81,1,2,South
693,51,Male,Home,27/01/2022,27/01/2024 0:00,895.34,0,5,East
694,63,Male,Auto,08/08/2023,08/08/2026 0:00,584.13,,6,West
695,42,Female,Home,19/03/2022,19/03/2023 0:00,1065.43,1,8,North
696,23,Male,Home,07/07/2022,07/07/2023 0:00,699.77,5,7,North
697,64,Male,Auto,22/12/2019,22/12/2022 0:00,490.89,0,6,North
698,32,Male,Motor,26/05/2022,26/05/2023 0:00,922.16,5,,East
699,55,Female,Motor,20/08/2021,,650.32,2,2,North
700,24,Male,Home,31/05/2022,31/05/2023 0:00,574.74,5,2,North
701,33,Male,Home,07/05/2023,07/05/2025 0:00,986.48,0,3,West
702,46,Female,Motor,29/12/2020,29/12/2021 0:00,1039.86,1,2,West
703,55,Female,Home,27/11/2023,27/11/2025 0:00,725.26,5,2,East
704,29,Male,Auto,23/07/2022,23/07/2025 0:00,914.28,1,8,West
705,,Female,Auto,20/05/2024,20/05/2026 0:00,549.8,5,9,North
706,61,Male,Auto,13/01/2024,13/01/2027 0:00,685.83,3,6,South
707,49,Female,Home,24/12/2022,24/12/2024 0:00,469.2,2,1,North
708,55,Male,Motor,27/12/2020,27/12/2023 0:00,1281.76,2,5,North
709,24,Female,Auto,14/01/2022,14/01/2024 0:00,666.99,1,1,North
710,18,Female,Auto,05/12/2022,05/12/2024 0:00,1127.52,4,5,East
711,22,Male,Auto,28/06/2024,28/06/2027 0:00,688.63,,5,South
712,68,Female,Motor,03/02/2023,,1314.21,0,1,North
713,61,Female,Auto,06/10/2023,06/10/2024 0:00,288.34,5,9,North
714,60,Male,Motor,02/09/2023,02/09/2026 0:00,740.37,,9,East
715,45,Female,Home,29/10/2020,29/10/2021 0:00,460.14,1,2,West
716,22,Male,Motor,29/08/2022,29/08/2025 0:00,328,5,5,North
717,53,Female,Home,24/10/2023,24/10/2026 0:00,1287.02,5,5,North
718,39,Female,Home,12/01/2024,,722.54,3,6,North
719,54,Male,Motor,29/10/2019,29/10/2022 0:00,1054.23,5,3,West
720,32,Female,Motor,19/02/2024,,320.09,3,10,North
721,34,Female,Auto,15/02/2024,15/02/2026 0:00,1453.06,4,7,West
722,21,Female,Home,10/05/2023,10/05/2025 0:00,1370.71,2,3,North
723,63,Female,Motor,02/02/2020,,1106.93,4,2,North
724,41,Female,Motor,02/06/2021,,852.61,5,4,North
725,25,Female,Motor,28/12/2023,28/12/2026 0:00,1374.51,5,8,South
726,42,,Home,09/06/2024,09/06/2025 0:00,1170.15,5,,North
727,37,Female,Motor,27/09/2020,,488.45,2,7,North
728,28,Male,Auto,24/05/2020,24/05/2021 0:00,818.38,2,7,South
729,59,Female,Motor,20/05/2020,20/05/2022 0:00,1189.83,4,8,West
730,37,Female,Auto,29/08/2021,29/08/2022 0:00,1072.04,4,9,East
731,57,Female,Motor,12/07/2021,12/07/2024 0:00,797.52,4,9,East
732,25,Male,Motor,26/02/2023,26/02/2026 0:00,765.65,2,1,North
733,33,Female,Home,14/04/2022,14/04/2023 0:00,732.79,0,10,East
734,48,Male,Auto,17/07/2024,17/07/2025 0:00,1295.68,4,1,West
735,61,Female,Home,13/12/2021,13/12/2022 0:00,798.26,4,3,North
736,34,Male,Motor,19/08/2022,,1291.31,2,2,North
737,61,Male,Home,25/09/2021,25/09/2023 0:00,1275.1,5,3,North
738,29,Female,Auto,30/09/2023,30/09/2025 0:00,1308.31,1,4,North
739,41,Female,Home,17/08/2024,17/08/2026 0:00,749.39,0,8,East
740,30,Female,Motor,03/10/2019,03/10/2022 0:00,1147.63,3,4,North
741,32,Male,Motor,23/03/2020,,1350.55,4,4,South
742,26,Male,Auto,01/05/2021,01/05/2022 0:00,1446.37,,6,North
743,47,Male,Home,25/01/2022,25/01/2024 0:00,invalid,3,10,North
744,22,Female,Home,25/01/2020,25/01/2023 0:00,603.69,5,3,East
745,27,Male,Motor,27/09/2022,,641.45,3,4,South
746,29,Male,Home,21/07/2021,21/07/2024 0:00,298.85,1,2,West
747,44,Female,Motor,18/05/2023,18/05/2025 0:00,350.13,1,10,West
748,44,Female,Motor,01/07/2020,01/07/2022 0:00,1411.61,3,10,North
749,25,Male,Motor,26/04/2022,26/04/2024 0:00,770.53,3,6,South
750,53,Male,Motor,22/05/2024,22/05/2026 0:00,682.23,2,9,East
751,35,Male,Home,28/05/2021,28/05/2024 0:00,279.22,4,10,East
752,23,Female,Auto,25/09/2019,25/09/2022 0:00,1144.96,2,5,South
753,30,Male,Motor,03/05/2022,,720.68,0,4,East
754,20,Male,Home,05/03/2020,05/03/2022 0:00,863.86,1,5,North
755,28,,Motor,26/03/2022,,1071.85,0,10,East
756,54,Male,Motor,08/04/2023,,1359.41,2,6,East
757,59,Male,Motor,19/09/2021,,854.42,4,2,East
758,52,Female,Home,19/02/2024,19/02/2026 0:00,812.99,1,8,South
759,45,Male,Motor,22/05/2020,,1477.79,0,3,South
760,25,Female,Motor,23/10/2023,,991.78,1,6,West
761,46,,Home,11/10/2020,11/10/2021 0:00,939.07,1,3,South
762,33,Male,Auto,14/02/2020,14/02/2023 0:00,901.72,,9,West
763,34,Female,Home,17/11/2019,17/11/2021 0:00,1220.24,4,3,North
764,30,Male,Motor,12/01/2023,,381.09,4,9,West
765,44,Female,Motor,29/08/2020,29/08/2021 0:00,invalid,2,7,West
766,,Female,Motor,14/05/2022,14/05/2023 0:00,1215.35,0,4,South
767,33,Male,Home,14/10/2022,14/10/2023 0:00,595.84,5,3,East
768,36,Male,Home,27/02/2021,27/02/2024 0:00,730.48,4,3,West
769,31,Female,Home,15/12/2021,15/12/2024 0:00,893.22,5,6,South
770,52,Female,Home,10/09/2024,10/09/2027 0:00,1229.4,4,5,West
771,18,Male,Motor,30/03/2021,,721.54,2,10,East
772,50,Female,Home,11/03/2024,11/03/2026 0:00,1452.36,5,3,North
773,30,Female,Motor,07/07/2022,07/07/2024 0:00,1395.44,,5,North
774,47,Female,Home,05/08/2022,05/08/2025 0:00,709.58,5,6,North
775,34,Male,Motor,09/07/2022,09/07/2025 0:00,invalid,3,3,South
776,53,Male,Motor,03/12/2020,,1380.25,4,6,South
777,62,Female,Home,18/02/2020,18/02/2023 0:00,612.83,0,2,South
778,36,Male,Motor,31/07/2020,,542.62,5,8,South
779,18,Male,Auto,26/09/2022,26/09/2024 0:00,289.81,5,6,East
780,24,Female,Motor,31/05/2021,31/05/2022 0:00,965.8,4,2,South
781,44,Female,Motor,14/10/2020,,846.61,4,2,East
782,38,Female,Home,14/06/2024,14/06/2026 0:00,1328.89,4,6,West
783,27,Male,Motor,12/01/2021,12/01/2023 0:00,658.71,2,10,West
784,63,Male,Motor,01/02/2024,01/02/2025 0:00,783.35,5,9,East
785,44,Male,Motor,07/04/2024,07/04/2025 0:00,936.85,5,7,North
786,23,Female,Motor,06/01/2024,06/01/2026 0:00,1443.53,5,4,North
787,44,Male,Home,31/01/2021,31/01/2023 0:00,1423.18,5,7,South
788,19,Male,Auto,07/07/2022,07/07/2025 0:00,1355.12,3,2,West
789,41,Male,Motor,19/02/2023,19/02/2024 0:00,721.48,4,2,East
790,18,,Motor,17/12/2021,,802.84,2,9,West
791,49,Male,Motor,13/11/2022,,998.01,5,5,South
792,28,Female,Auto,09/03/2021,,1296.98,0,7,South
793,43,Male,Motor,13/11/2020,13/11/2022 0:00,1164.18,0,3,North
794,,Male,Auto,08/05/2022,08/05/2024 0:00,685.86,3,3,West
795,63,Male,Auto,17/12/2019,17/12/2021 0:00,849.9,2,10,West
796,32,Female,Auto,25/03/2021,25/03/2023 0:00,412.82,3,10,South
797,44,Female,Motor,16/08/2022,,1382.17,5,6,North
798,57,Male,Auto,08/04/2024,08/04/2026 0:00,826.1,4,1,South
799,54,Male,Auto,16/01/2024,16/01/2025 0:00,727.19,3,1,East
800,57,Male,Home,29/12/2021,29/12/2023 0:00,904.49,0,8,West
801,69,Female,Auto,30/07/2022,30/07/2024 0:00,984.66,5,8,East
802,61,Male,Home,11/11/2020,11/11/2022 0:00,1193.73,1,8,North
803,29,Female,Home,21/08/2021,21/08/2023 0:00,578.1,3,2,North
804,21,Male,Motor,23/05/2024,23/05/2026 0:00,806.94,3,5,South
805,50,Male,Motor,17/11/2020,17/11/2023 0:00,1219.05,2,2,South
806,50,Female,Auto,29/07/2024,29/07/2025 0:00,1010.34,5,4,West
807,48,Female,Motor,11/03/2023,11/03/2024 0:00,803.26,2,5,North
808,30,Female,Motor,15/11/2021,,1404.97,3,9,East
809,54,Male,Auto,09/06/2020,09/06/2022 0:00,1074.14,,8,West
810,39,Male,Motor,02/08/2024,02/08/2026 0:00,508.62,1,10,East
811,19,Female,Motor,04/06/2022,,1000,0,6,North
812,30,Male,Auto,02/07/2020,02/07/2021 0:00,723.47,2,2,East
813,36,Female,Home,14/09/2022,14/09/2024 0:00,264.36,4,3,West
814,34,Male,Motor,31/01/2023,31/01/2026 0:00,806.57,5,2,South
815,52,Female,Auto,10/07/2022,10/07/2025 0:00,797.36,3,2,South
816,27,Male,Motor,13/07/2023,13/07/2025 0:00,1198.05,3,1,West
817,55,Female,Home,29/09/2023,29/09/2025 0:00,412.37,,6,East
818,52,Male,Auto,22/11/2020,22/11/2022 0:00,502.56,2,1,South
819,63,Female,Auto,20/04/2022,,746.64,5,9,West
820,52,Female,Motor,01/01/2022,,296.21,3,4,North
821,65,Male,Auto,06/12/2019,06/12/2021 0:00,1193.13,4,1,West
822,68,Female,Auto,16/12/2021,16/12/2023 0:00,1005.93,3,10,North
823,63,Male,Auto,30/08/2023,30/08/2026 0:00,1398.77,0,8,West
824,42,Female,Home,07/05/2023,07/05/2024 0:00,544.55,3,4,East
825,63,Female,Motor,31/12/2019,31/12/2020 0:00,1127.71,,3,South
826,70,Male,Auto,18/03/2022,18/03/2023 0:00,549.53,5,7,East
827,21,Male,Motor,14/11/2019,14/11/2021 0:00,292.96,2,1,East
828,69,Male,Motor,11/12/2020,,1426.75,5,5,South
829,28,Male,Home,30/03/2020,30/03/2022 0:00,1073.23,4,1,East
830,63,Male,Home,13/07/2021,13/07/2023 0:00,1244.28,1,4,North
831,31,Female,Home,20/11/2023,20/11/2026 0:00,405.69,0,10,East
832,49,Male,Home,19/07/2022,19/07/2023 0:00,608.05,3,6,West
833,60,Female,Motor,08/11/2022,08/11/2023 0:00,412.38,0,1,South
834,68,Female,Auto,18/03/2023,18/03/2024 0:00,668.36,1,3,West
835,51,,Auto,18/04/2021,18/04/2024 0:00,553.99,4,9,South
836,34,Male,Auto,08/07/2020,08/07/2022 0:00,644.26,1,3,East
837,48,Female,Motor,18/12/2019,,873.51,3,1,South
838,23,Male,Motor,01/04/2020,,547.12,0,3,South
839,,Male,Motor,14/03/2023,14/03/2025 0:00,1298.37,0,10,East
840,55,Female,Auto,09/01/2020,09/01/2022 0:00,436.21,4,1,North
841,70,Female,Motor,26/07/2023,26/07/2025 0:00,1031.99,2,10,South
842,22,Female,Home,05/08/2021,05/08/2024 0:00,323.69,,3,East
843,25,Female,Motor,26/06/2022,,1345.07,5,1,North
844,62,Male,Auto,13/02/2023,13/02/2025 0:00,1192.03,0,4,West
845,46,Female,Motor,12/05/2022,12/05/2025 0:00,803.54,2,9,West
846,51,Male,Motor,01/09/2022,,824.3,4,3,West
847,65,Male,Home,22/12/2020,22/12/2021 0:00,409.87,1,7,West
848,39,Female,Motor,29/05/2024,29/05/2026 0:00,895.55,3,9,North
849,61,Female,Home,13/08/2021,13/08/2023 0:00,1448.32,0,5,East
850,61,Female,Motor,21/11/2020,,620.67,3,7,East
851,54,Male,Motor,25/03/2023,25/03/2025 0:00,1405.85,4,,South
852,34,Female,Home,18/11/2020,18/11/2021 0:00,467.08,5,5,South
853,51,Male,Motor,05/04/2021,05/04/2024 0:00,680.38,2,5,West
854,69,Female,Home,27/06/2020,27/06/2021 0:00,555.94,2,10,South
855,36,Female,Home,31/12/2022,31/12/2025 0:00,1447.39,4,9,North
856,53,Female,Home,31/05/2024,31/05/2027 0:00,1430.87,2,6,South
857,32,Female,Auto,17/09/2022,17/09/2025 0:00,1161.79,1,8,North
858,66,Female,Auto,02/04/2020,02/04/2021 0:00,735.47,3,5,East
859,18,Female,Auto,21/04/2022,21/04/2023 0:00,857.89,0,7,North
860,41,Male,Motor,28/08/2021,,400.71,1,2,East
861,66,Female,Motor,06/11/2021,06/11/2024 0:00,1453.96,3,,North
862,47,Male,Motor,24/04/2021,,1143.15,2,1,North
863,61,Female,Home,16/02/2021,16/02/2023 0:00,956.48,2,10,North
864,23,Male,Home,16/12/2023,16/12/2026 0:00,1204.34,0,9,West
865,58,Male,Motor,14/03/2022,14/03/2024 0:00,686.44,0,5,East
866,41,Male,Motor,27/09/2019,27/09/2022 0:00,664.2,1,2,East
867,45,Male,Motor,05/06/2020,,555.16,0,5,West
868,40,Male,Auto,19/08/2020,19/08/2023 0:00,1351.22,0,1,West
869,70,Female,Motor,09/06/2021,,784.97,0,6,South
870,21,Female,Motor,02/12/2020,,279.93,2,2,West
871,18,Female,Auto,26/07/2020,26/07/2021 0:00,479.91,5,7,North
872,59,Female,Home,17/09/2020,17/09/2022 0:00,1422.64,5,3,North
873,57,Female,Auto,10/12/2019,10/12/2020 0:00,498.72,1,4,West
874,61,Male,Motor,09/02/2024,09/02/2026 0:00,1032.63,4,2,East
875,40,Male,Auto,12/05/2023,12/05/2025 0:00,453.06,0,9,North
876,,Male,Auto,14/07/2023,14/07/2026 0:00,794.14,5,5,South
877,56,Female,Motor,06/09/2020,06/09/2023 0:00,585.58,3,9,West
878,52,Female,Auto,04/01/2021,04/01/2023 0:00,269.63,1,,North
879,52,Male,Motor,09/01/2020,09/01/2022 0:00,559.35,5,4,North
880,35,Male,Motor,14/12/2021,14/12/2022 0:00,1434.68,0,2,East
881,,Female,Auto,21/02/2020,21/02/2021 0:00,938.75,3,7,West
882,29,Male,Home,25/04/2020,25/04/2021 0:00,990.11,5,2,West
883,51,Female,Auto,26/10/2019,26/10/2021 0:00,479.05,5,8,North
884,34,Female,Motor,14/08/2024,,1170.54,1,5,East
885,,Male,Motor,12/09/2024,12/09/2026 0:00,1104.28,,6,South
886,50,Male,Motor,09/04/2023,09/04/2026 0:00,1163.23,4,6,East
887,52,Female,Home,15/11/2019,15/11/2022 0:00,1241.89,4,6,East
888,34,Male,Motor,09/09/2021,,1404.35,0,6,South
889,35,Male,Motor,27/06/2022,27/06/2025 0:00,690.37,1,3,East
890,42,Female,Motor,08/09/2023,,487.32,5,8,South
891,36,Female,Motor,29/12/2019,29/12/2020 0:00,441.49,3,9,North
892,70,Female,Motor,29/11/2021,,850.52,4,1,North
893,19,Female,Auto,16/12/2019,16/12/2020 0:00,1341.49,3,6,West
894,70,Female,Home,05/02/2023,05/02/2026 0:00,629.74,5,2,West
895,,Male,Home,07/12/2020,07/12/2023 0:00,1183.03,1,9,West
896,,Male,Auto,12/12/2021,12/12/2022 0:00,671.52,0,10,West
897,54,Female,Home,07/12/2019,07/12/2021 0:00,1225.56,0,2,East
898,47,Male,Auto,15/11/2023,15/11/2024 0:00,446.1,0,6,North
899,29,Male,Home,29/06/2021,29/06/2023 0:00,263.61,1,8,West
900,24,Male,Auto,19/06/2024,19/06/2026 0:00,1483.43,3,7,North
901,58,Female,Home,27/05/2021,27/05/2024 0:00,1411.61,0,8,East
902,21,Female,Motor,16/12/2023,16/12/2024 0:00,526.14,0,7,South
903,52,Male,Home,01/11/2022,01/11/2025 0:00,392.1,2,8,South
904,55,Male,Auto,03/08/2024,03/08/2025 0:00,422.84,3,2,East
905,38,Male,Motor,06/04/2021,06/04/2022 0:00,1277.79,1,10,North
906,32,Female,Motor,22/04/2024,22/04/2026 0:00,1136.53,3,4,North
907,63,Female,Motor,17/07/2023,,312.27,3,10,South
908,47,Male,Home,10/07/2024,10/07/2027 0:00,1084.24,4,2,East
909,38,Male,Motor,19/04/2024,,686.33,2,5,North
910,57,Male,Auto,14/11/2021,,1285.54,0,6,East
911,40,Female,Home,26/08/2022,26/08/2023 0:00,484.92,3,4,West
912,65,Female,Home,10/10/2023,10/10/2025 0:00,1208.44,5,3,West
913,20,Male,Auto,18/10/2021,18/10/2024 0:00,837.71,0,6,North
914,18,Male,Motor,17/01/2020,17/01/2023 0:00,1060.43,0,9,South
915,66,Male,Home,10/12/2023,10/12/2025 0:00,627.33,3,3,East
916,32,Male,Motor,02/05/2023,,792.63,3,1,West
917,64,Male,Auto,06/11/2022,06/11/2023 0:00,708.53,1,9,East
918,60,Female,Motor,12/02/2024,,833.82,5,8,West
919,54,Female,Auto,21/02/2023,21/02/2026 0:00,1082.19,1,2,West
920,52,Male,Home,03/06/2021,03/06/2023 0:00,426.17,0,3,North
921,57,Female,Motor,13/06/2020,13/06/2023 0:00,1023.48,0,4,South
922,67,Female,Home,23/06/2023,23/06/2024 0:00,1060.9,5,9,East
923,24,Male,Home,13/11/2021,13/11/2023 0:00,759.05,1,5,South
924,39,Male,Home,23/08/2021,23/08/2023 0:00,1119.53,2,1,West
925,,Male,Auto,05/02/2021,05/02/2023 0:00,1342.98,1,9,North
926,53,Male,Motor,12/07/2023,12/07/2025 0:00,1051.02,2,8,East
927,57,Male,Motor,10/06/2022,10/06/2024 0:00,655.43,5,5,West
928,38,Female,Motor,15/07/2021,15/07/2024 0:00,1147.05,2,7,West
929,41,Female,Motor,19/09/2024,19/09/2025 0:00,428.65,4,8,West
930,65,Male,Home,12/11/2023,12/11/2025 0:00,288.69,5,2,North
931,46,Female,Motor,27/01/2022,27/01/2025 0:00,729.26,5,1,West
932,53,Female,Motor,24/08/2024,,400.94,0,2,West
933,57,Female,Motor,27/01/2020,27/01/2022 0:00,1273.14,,7,North
934,35,Female,Motor,18/07/2024,18/07/2025 0:00,1156.84,4,10,South
935,52,Male,Motor,17/02/2021,17/02/2022 0:00,974.17,1,2,West
936,55,Female,Motor,26/02/2024,,1019.96,4,1,South
937,50,Male,Motor,19/04/2023,,419.74,1,7,South
938,25,Male,Motor,12/06/2022,,936.36,5,2,North
939,46,Male,Motor,03/02/2020,03/02/2022 0:00,1117.71,5,3,East
940,39,Female,Home,29/01/2024,29/01/2025 0:00,1146.64,0,6,South
941,58,Female,Home,17/08/2023,17/08/2026 0:00,1174.4,1,8,North
942,19,Male,Home,08/11/2022,08/11/2025 0:00,715.06,3,5,South
943,48,Male,Motor,28/09/2022,,1499.63,0,7,North
944,55,Male,Home,26/04/2023,26/04/2025 0:00,755.2,4,1,West
945,55,Female,Motor,14/03/2021,14/03/2023 0:00,896.17,3,7,North
946,35,Male,Motor,30/11/2021,30/11/2023 0:00,1370.63,0,4,East
947,44,Male,Motor,30/10/2023,,663.55,0,7,North
948,69,Female,Motor,12/04/2022,,726.63,1,3,South
949,28,Female,Home,09/02/2021,,471.07,2,3,West
950,62,Female,Motor,04/05/2023,04/05/2026 0:00,378.28,1,4,North
951,67,Female,Auto,17/09/2023,17/09/2025 0:00,598.01,5,6,West
952,39,Female,Home,06/03/2024,,1252.46,1,8,North
953,32,Female,Home,24/05/2022,24/05/2023 0:00,267.08,3,8,West
954,39,Female,Motor,02/05/2023,,1290.61,1,1,North
955,50,Male,Home,28/02/2022,28/02/2025 0:00,1382.85,0,3,West
956,25,Female,Motor,11/06/2020,11/06/2022 0:00,325.65,5,2,West
957,,Female,Motor,10/10/2023,,522.69,0,8,East
958,21,Male,Motor,19/09/2024,,769.74,3,9,East
959,50,Male,Home,08/11/2019,,1050.79,3,7,East
960,39,Female,Home,22/05/2020,,787.57,5,9,West
961,63,Male,Motor,17/03/2021,,1028.36,4,8,North
962,19,Male,Motor,06/10/2019,06/10/2022 0:00,314.79,2,9,North
963,41,Female,Auto,10/07/2023,10/07/2025 0:00,1407.21,5,3,North
964,22,Male,Motor,14/05/2022,,748.5,5,4,West
965,54,Female,Motor,06/09/2021,06/09/2023 0:00,586.5,2,3,West
966,46,Female,Motor,15/08/2020,15/08/2021 0:00,728.78,,10,East
967,31,Female,Motor,17/09/2022,17/09/2023 0:00,1447.54,0,6,North
968,27,Female,Motor,25/09/2022,25/09/2025 0:00,1230.82,1,7,West
969,59,Female,Home,01/12/2022,01/12/2023 0:00,282.97,3,10,North
970,69,Male,Auto,13/06/2020,13/06/2021 0:00,1278.92,5,6,East
971,66,Female,Motor,17/12/2021,17/12/2022 0:00,1229.38,5,9,South
972,49,Female,Auto,18/03/2024,18/03/2027 0:00,951.46,3,2,South
973,23,Male,Motor,19/04/2020,19/04/2022 0:00,337.88,1,2,East
974,50,Male,Home,10/10/2020,10/10/2023 0:00,453.16,1,1,North
975,,Male,Motor,11/04/2020,,963.49,3,10,North
976,20,Female,Motor,23/06/2021,,902.52,4,6,South
977,35,Female,Motor,28/12/2020,,673.32,2,7,South
978,31,Female,Motor,27/07/2023,27/07/2025 0:00,1451.21,2,7,South
979,68,,Home,15/06/2023,15/06/2024 0:00,790.94,,4,North
980,28,Female,Home,22/07/2023,22/07/2025 0:00,1057.62,1,3,South
981,28,Male,Motor,20/02/2020,20/02/2022 0:00,1486.72,3,7,East
982,53,Female,Home,15/07/2024,15/07/2025 0:00,965.61,4,3,South
983,49,Male,Home,29/05/2023,29/05/2025 0:00,531.29,5,9,East
984,48,Female,Motor,06/01/2023,,599.33,1,8,South
985,61,Female,Home,27/06/2021,27/06/2023 0:00,789.54,1,5,North
986,70,Female,Auto,08/06/2023,08/06/2025 0:00,724.44,0,6,South
987,49,Female,Motor,23/06/2021,23/06/2022 0:00,479.52,2,10,West
988,52,Female,Motor,30/11/2021,,951.6,2,7,South
989,,Male,Auto,12/02/2020,12/02/2022 0:00,462.71,0,10,West
990,66,Male,Motor,16/03/2022,,1006.94,0,5,South
991,41,Female,Auto,12/11/2021,12/11/2024 0:00,286.86,4,2,East
992,47,Male,Motor,26/10/2022,26/10/2023 0:00,1054.08,0,5,South
993,33,Female,Motor,08/08/2022,,1204.91,3,1,South
994,39,Female,Home,10/08/2024,10/08/2025 0:00,722.07,1,9,East
995,26,Female,Home,16/02/2023,16/02/2025 0:00,1275,5,2,West
996,24,Female,Motor,03/05/2020,03/05/2021 0:00,899.09,1,4,West
997,23,Female,Motor,14/04/2020,14/04/2022 0:00,1449.6,5,8,West
998,59,Female,Home,18/10/2021,18/10/2023 0:00,552.26,5,6,South
999,31,Female,Home,11/09/2023,11/09/2026 0:00,254.06,0,2,North
1000,53,Female,Home,19/06/2022,19/06/2023 0:00,1228.51,,6,South
1001,36,Male,Auto,15/02/2020,15/02/2022 0:00,1490.46,1,4,East
1002,28,Female,Auto,13/05/2020,13/05/2021 0:00,1036.61,4,8,South
1003,38,Male,Home,07/07/2023,,817.92,1,10,South
1004,36,Male,Home,28/08/2021,28/08/2023 0:00,356.59,4,8,West
1005,50,Female,Motor,01/09/2024,,1036.16,3,2,West
1006,47,Male,Motor,23/10/2019,,971.38,5,6,West
1007,59,Female,Auto,02/01/2024,02/01/2025 0:00,611.68,0,5,South
1008,34,Male,Home,23/02/2022,23/02/2023 0:00,1016.7,5,5,East
1009,20,Female,Motor,06/10/2019,06/10/2020 0:00,618.1,1,2,West
1010,33,Male,Motor,08/03/2022,,814.11,5,5,South
1011,57,Female,Motor,03/08/2020,,1098.41,5,1,South
1012,63,Female,Motor,01/03/2024,,638.28,5,7,North
1013,37,Male,Motor,07/09/2020,07/09/2023 0:00,702.36,3,3,East
1014,35,Male,Motor,24/07/2022,,578.02,5,10,East
1015,28,,Motor,25/11/2022,25/11/2025 0:00,848.8,4,9,North
1016,57,Female,Home,21/10/2021,21/10/2023 0:00,1217.29,2,4,South
1017,59,Male,Motor,20/11/2021,,283.64,3,5,West
1018,37,Female,Auto,20/08/2023,20/08/2025 0:00,678.7,2,7,North
1019,,Male,Motor,13/08/2022,13/08/2024 0:00,1270.98,4,3,North
1020,30,Female,Auto,31/10/2019,31/10/2021 0:00,1164.14,0,6,East
1021,47,Male,Motor,15/01/2022,15/01/2025 0:00,1125.18,3,8,South
1022,48,Female,Motor,20/04/2023,,1472.73,3,,West
1023,30,Male,Motor,14/07/2022,14/07/2025 0:00,1262.16,1,5,West
1024,52,Male,Motor,08/04/2022,,552.62,5,1,East
1025,47,Male,Motor,24/06/2020,24/06/2023 0:00,535.82,0,1,East
1026,30,Female,Motor,15/09/2024,,350.08,3,4,North
1027,60,Female,Auto,28/03/2022,28/03/2023 0:00,524.21,0,6,West
1028,61,Male,Motor,18/09/2023,,271.55,0,10,North
1029,62,Male,Motor,13/05/2024,,611.9,1,7,South
1030,28,Male,Auto,18/04/2022,18/04/2023 0:00,1447.29,2,2,South
1031,41,Female,Home,05/12/2023,05/12/2025 0:00,870.13,4,2,East
1032,37,Female,Auto,28/11/2020,28/11/2022 0:00,1369.25,5,9,West
1033,45,Female,Motor,12/06/2021,,567.62,3,3,West
1034,23,Male,Home,09/10/2022,09/10/2024 0:00,1383.39,4,1,East
1035,66,Female,Home,16/06/2024,16/06/2026 0:00,554.07,5,6,West
1036,30,Male,Motor,15/10/2023,15/10/2024 0:00,826.22,4,2,South
1037,36,Male,Motor,21/09/2022,,341.57,4,3,South
1038,33,Female,Home,30/01/2023,30/01/2024 0:00,331.08,5,6,South
1039,44,Male,Home,12/05/2023,,947.12,2,2,South
1040,53,Female,Auto,03/09/2020,03/09/2022 0:00,396.36,2,7,North
1041,25,Male,Motor,16/02/2023,16/02/2024 0:00,1434.5,1,1,West
1042,,Female,Auto,16/01/2023,16/01/2024 0:00,789.14,0,3,West
1043,51,Female,Home,14/02/2020,14/02/2022 0:00,677.88,1,1,West
1044,70,Male,Auto,11/10/2020,11/10/2023 0:00,980.54,0,5,South
1045,47,Female,Motor,11/03/2022,11/03/2023 0:00,747.02,4,10,East
1046,49,Male,Motor,13/10/2021,13/10/2023 0:00,1156.11,5,1,West
1047,58,Male,Motor,05/11/2023,,1273.86,3,10,West
1048,24,,Home,02/12/2021,02/12/2024 0:00,489.46,4,,South
1049,69,Male,Motor,29/06/2023,,1247.31,1,5,North
1050,60,Female,Motor,12/03/2020,12/03/2023 0:00,1045.55,3,9,South
1051,29,Male,Motor,31/03/2020,,1173.44,1,9,North
1052,45,Female,Auto,21/01/2021,21/01/2023 0:00,977.01,4,2,South
1053,64,Male,Auto,08/02/2020,08/02/2023 0:00,587.58,1,,North
1054,69,Male,Auto,05/09/2022,05/09/2025 0:00,1148.52,4,5,North
1055,34,Female,Motor,22/04/2023,22/04/2025 0:00,1256.21,4,1,East
1056,45,Female,Motor,01/05/2023,,669.75,2,4,East
1057,43,Male,Motor,30/08/2022,30/08/2024 0:00,1253.16,0,3,South
1058,51,Male,Home,10/02/2021,,827.56,5,1,South
1059,67,Female,Motor,19/09/2024,,778.38,4,8,North
1060,69,Female,Auto,25/10/2019,25/10/2022 0:00,656.72,4,7,South
1061,26,Male,Motor,18/07/2023,18/07/2026 0:00,1393.37,4,10,South
1062,49,Male,Auto,28/01/2021,28/01/2024 0:00,960.69,5,9,North
1063,32,Female,Home,10/08/2021,10/08/2022 0:00,1091.74,1,8,North
1064,19,,Auto,01/04/2023,,1494.24,1,4,East
1065,26,Female,Auto,25/05/2024,25/05/2026 0:00,1168.22,4,8,East
1066,26,Male,Home,01/06/2024,01/06/2027 0:00,1092.56,3,4,North
1067,38,Female,Motor,06/02/2022,,843.38,3,7,East
1068,,Male,Motor,27/12/2021,,1296.63,3,10,North
1069,49,Female,Auto,17/11/2022,17/11/2025 0:00,851.45,4,1,East
1070,54,Female,Motor,13/06/2022,,1123.23,2,7,North
1071,37,Female,Motor,12/04/2022,,529.87,1,3,West
1072,33,Male,Motor,19/01/2023,,943.09,1,1,West
1073,18,Female,Home,08/04/2021,08/04/2023 0:00,664.68,2,1,West
1074,35,Female,Auto,17/09/2024,17/09/2026 0:00,538.38,0,6,West
1075,43,Female,Auto,06/04/2023,06/04/2025 0:00,294.59,4,1,East
1076,41,Female,Auto,27/06/2021,27/06/2022 0:00,402.33,5,5,North
1077,70,Male,Auto,13/07/2020,13/07/2023 0:00,614.46,2,7,North
1078,43,Male,Home,10/01/2024,10/01/2026 0:00,778.27,3,5,West
1079,57,Female,Motor,26/06/2021,,297.44,4,6,West
1080,18,Female,Auto,07/10/2023,07/10/2024 0:00,713.39,3,10,North
1081,49,Female,Home,26/01/2023,26/01/2025 0:00,1067.05,0,10,North
1082,34,Male,Home,01/12/2020,01/12/2023 0:00,572.38,1,4,North
1083,60,Male,Home,14/01/2021,14/01/2023 0:00,688.72,1,8,East
1084,29,Male,Motor,25/12/2022,25/12/2024 0:00,1482.63,3,5,South
1085,64,Male,Auto,01/09/2024,01/09/2025 0:00,1377.6,3,10,South
1086,38,Female,Motor,03/01/2024,,299.18,3,10,East
1087,67,Female,Home,30/10/2023,30/10/2026 0:00,679.25,5,6,South
1088,58,Female,Home,19/12/2023,19/12/2025 0:00,775.55,3,8,North
1089,55,Female,Motor,02/07/2024,02/07/2026 0:00,844.32,4,1,East
1090,58,Female,Motor,23/12/2019,23/12/2022 0:00,1388.04,4,10,North
1091,30,Male,Motor,27/11/2019,,418.4,1,2,East
1092,26,Male,Motor,09/03/2020,,949.06,0,5,South
1093,33,Female,Motor,24/03/2022,,873.36,5,10,North
1094,37,Female,Auto,07/10/2022,07/10/2023 0:00,1343.7,2,5,South
1095,35,Male,Motor,09/01/2022,,1275.63,5,4,West
1096,19,Male,Motor,25/06/2021,25/06/2024 0:00,432.62,0,3,North
1097,41,Female,Motor,20/08/2020,20/08/2021 0:00,440.26,2,2,South
1098,,Female,Home,14/07/2024,14/07/2025 0:00,404.29,0,2,South
1099,49,Female,Home,19/01/2024,19/01/2026 0:00,475.53,4,3,East
1100,50,Female,Auto,27/07/2021,27/07/2022 0:00,951.28,4,,North
1101,30,,Motor,19/02/2022,19/02/2025 0:00,1410.92,1,9,North
1102,62,Male,Motor,26/11/2020,,1021.98,3,1,South
1103,35,Male,Home,26/06/2024,26/06/2027 0:00,408.25,4,2,North
1104,24,Female,Motor,10/06/2021,10/06/2022 0:00,393.94,5,4,West
1105,50,Male,Home,21/06/2020,21/06/2021 0:00,1047.63,1,10,North
1106,36,,Home,17/02/2021,17/02/2023 0:00,1319.83,2,5,East
1107,23,Female,Motor,12/02/2023,12/02/2024 0:00,470.41,0,1,North
1108,53,Female,Motor,22/02/2022,22/02/2025 0:00,1307.75,,1,South
1109,59,Female,Motor,17/07/2022,,633.58,4,3,North
1110,,Female,Motor,14/11/2022,14/11/2025 0:00,911.09,3,7,West
1111,33,Female,Auto,19/08/2024,19/08/2026 0:00,1479.12,4,4,South
1112,49,Female,Home,07/12/2019,07/12/2020 0:00,999.28,4,6,East
1113,23,Male,Motor,11/06/2023,11/06/2026 0:00,602.21,1,6,West
1114,64,Male,Motor,19/06/2024,19/06/2025 0:00,1393.61,1,5,North
1115,36,Male,Home,20/01/2022,20/01/2024 0:00,1224.59,0,4,South
1116,,Female,Motor,22/03/2022,22/03/2025 0:00,889.04,1,3,West
1117,57,Female,Auto,08/03/2021,08/03/2024 0:00,645.99,5,9,North
1118,45,Female,Motor,15/06/2021,,550.8,4,5,South
1119,29,Female,Motor,09/02/2024,09/02/2026 0:00,1116.6,0,1,West
1120,40,Male,Home,01/11/2019,01/11/2020 0:00,1138.38,2,4,South
1121,54,Male,Auto,08/07/2022,08/07/2024 0:00,1233.43,2,5,South
1122,54,Male,Home,15/05/2024,15/05/2025 0:00,1239.82,3,7,North
1123,46,Female,Motor,24/10/2020,24/10/2022 0:00,589.2,2,6,North
1124,68,Male,Home,05/03/2022,05/03/2023 0:00,1406.57,4,1,South
1125,34,Female,Motor,12/11/2020,12/11/2021 0:00,903.33,3,10,South
1126,43,Female,Motor,29/03/2021,29/03/2022 0:00,1290.08,3,9,South
1127,53,Female,Motor,13/12/2021,13/12/2022 0:00,417.25,,5,West
1128,32,Male,Home,06/08/2022,06/08/2023 0:00,300,3,10,North
1129,45,Male,Motor,26/07/2020,,1001.57,0,7,North
1130,51,Female,Motor,03/01/2021,,587.12,0,2,West
1131,46,Female,Motor,19/04/2024,,856.99,4,7,West
1132,46,Female,Motor,25/02/2021,25/02/2024 0:00,1039.32,3,1,West
1133,54,Male,Home,27/09/2019,27/09/2021 0:00,332.45,1,7,West
1134,63,Female,Motor,08/02/2023,,1133.79,3,7,West
1135,32,Female,Home,09/07/2023,09/07/2025 0:00,616.19,1,6,East
1136,63,Male,Auto,15/12/2021,15/12/2024 0:00,1103.36,1,3,West
1137,42,Male,Auto,14/04/2020,14/04/2022 0:00,1111.47,4,4,North
1138,51,Male,Motor,24/12/2020,,874.82,2,,North
1139,,Male,Auto,08/12/2020,08/12/2021 0:00,1274.73,5,9,North
1140,33,Female,Auto,16/02/2022,16/02/2025 0:00,290.52,5,3,East
1141,69,Male,Home,18/06/2021,18/06/2024 0:00,780.94,4,8,North
1142,63,Male,Home,14/06/2022,14/06/2024 0:00,452.56,0,10,South
1143,46,Male,Home,13/03/2023,13/03/2026 0:00,821.86,3,10,East
1144,39,Male,Motor,28/02/2022,28/02/2024 0:00,525.99,0,4,West
1145,52,Female,Home,24/01/2022,24/01/2025 0:00,986.86,1,,East
1146,33,Female,Motor,02/10/2021,,1432.21,4,7,South
1147,48,Male,Motor,16/06/2024,,775.63,2,10,West
1148,20,Female,Motor,22/01/2021,22/01/2023 0:00,1061.56,4,8,East
1149,57,Male,Motor,15/07/2020,,524.06,3,3,East
1150,41,Female,Motor,10/08/2023,10/08/2026 0:00,1103.56,4,9,East
1151,52,Male,Motor,11/05/2024,11/05/2027 0:00,1418.99,4,7,North
1152,47,Male,Home,10/06/2023,10/06/2024 0:00,294.08,,7,East
1153,34,Female,Auto,23/04/2023,23/04/2026 0:00,1088.99,0,9,West
1154,56,Female,Motor,12/09/2022,12/09/2023 0:00,962.55,0,6,North
1155,31,Female,Auto,22/10/2020,22/10/2023 0:00,1418.09,2,7,West
1156,25,Female,Motor,30/11/2019,,1418.04,4,7,North
1157,51,Male,Home,08/06/2021,08/06/2022 0:00,828.63,3,4,North
1158,58,Female,Auto,10/01/2021,10/01/2022 0:00,1494.07,2,9,North
1159,59,Male,Motor,28/07/2024,,622.01,1,9,East
1160,21,Male,Motor,06/06/2022,06/06/2024 0:00,505.3,1,5,North
1161,37,Male,Motor,09/01/2022,09/01/2023 0:00,1404.13,1,4,North
1162,49,,Motor,08/12/2022,08/12/2023 0:00,1380.27,3,6,East
1163,59,Female,Home,20/06/2021,20/06/2022 0:00,419.6,4,4,East
1164,61,Female,Motor,02/07/2020,02/07/2022 0:00,322.28,5,7,North
1165,49,Male,Motor,02/08/2024,,1206.68,2,2,West
1166,24,Female,Motor,17/05/2020,17/05/2022 0:00,997.99,4,7,East
1167,36,Female,Motor,01/03/2024,,366.65,0,1,West
1168,34,Male,Home,10/02/2022,10/02/2023 0:00,1050.04,1,2,South
1169,50,Female,Auto,21/11/2019,21/11/2022 0:00,625.87,3,1,West
1170,26,Male,Motor,20/03/2023,20/03/2026 0:00,1129.1,1,5,South
1171,54,Female,Auto,04/10/2021,04/10/2022 0:00,679.58,2,7,East
1172,20,Male,Auto,10/04/2021,10/04/2022 0:00,968.1,2,8,North
1173,60,Male,Home,07/07/2024,07/07/2025 0:00,754.58,2,10,East
1174,42,,Motor,01/06/2023,01/06/2025 0:00,282.45,4,3,North
1175,69,Female,Motor,30/04/2023,,933.95,4,10,South
1176,26,Male,Home,05/05/2022,05/05/2025 0:00,723.7,0,3,South
1177,,Female,Auto,21/03/2023,21/03/2024 0:00,1212.79,3,5,West
1178,32,Male,Auto,31/03/2024,31/03/2025 0:00,599.18,5,3,South
1179,28,Male,Auto,24/07/2021,24/07/2023 0:00,1089.7,5,8,South
1180,60,Female,Auto,22/12/2019,22/12/2021 0:00,1479.25,3,5,East
1181,29,Male,Motor,07/09/2022,,1468.13,3,10,West
1182,47,Female,Motor,06/09/2021,06/09/2023 0:00,834.3,2,3,North
1183,49,Male,Home,21/05/2021,21/05/2024 0:00,279.15,4,7,South
1184,66,Female,Home,20/02/2023,20/02/2026 0:00,1110.82,1,4,South
1185,43,Male,Home,18/10/2020,18/10/2022 0:00,479.32,5,1,East
1186,28,Female,Motor,10/08/2024,10/08/2025 0:00,1143.12,5,9,West
1187,53,Female,Motor,01/05/2020,,545.19,2,9,South
1188,23,Male,Motor,25/03/2021,25/03/2022 0:00,560.71,2,5,South
1189,68,,Home,13/10/2020,13/10/2022 0:00,1390.23,4,9,West
1190,55,Male,Auto,04/01/2022,04/01/2025 0:00,1323.8,3,10,West
1191,70,Male,Home,16/07/2022,16/07/2025 0:00,866.05,0,,West
1192,63,Female,Auto,28/11/2019,28/11/2020 0:00,497,4,9,East
1193,18,Male,Auto,16/07/2021,16/07/2024 0:00,1050.55,5,10,West
1194,42,Male,Auto,29/05/2021,29/05/2024 0:00,509.56,3,3,East
1195,43,Male,Motor,06/12/2021,,819.19,0,8,South
1196,49,Female,Motor,24/09/2022,24/09/2024 0:00,1274.8,1,9,North
1197,20,Female,Auto,22/06/2023,22/06/2024 0:00,1207.52,3,6,West
1198,45,Female,Motor,24/12/2020,,1185.25,4,,South
1199,56,Female,Motor,16/08/2021,,958.82,3,6,West
1200,29,Male,Motor,14/11/2023,14/11/2025 0:00,493.31,3,3,West
1201,30,Female,Motor,17/07/2024,,1017.57,1,8,West
1202,48,Female,Motor,21/03/2021,,1059.58,5,2,North
1203,59,Female,Motor,09/02/2022,09/02/2024 0:00,1418.16,5,9,East
1204,22,Female,Motor,07/05/2023,,1404.98,4,7,West
1205,38,Male,Motor,15/03/2022,,1144.4,3,3,East
1206,42,Female,Motor,09/12/2022,,803.76,1,2,East
1207,38,Female,Home,18/05/2022,18/05/2024 0:00,1285.55,2,2,East
1208,64,Female,Motor,26/08/2022,,952.95,1,10,West
1209,40,Female,Motor,09/11/2019,,825.97,1,3,East
1210,38,Male,Motor,12/06/2023,,643.96,0,4,South
1211,69,Male,Auto,20/05/2020,,617.34,3,4,North
1212,33,Female,Motor,17/03/2022,,1005.39,2,4,South
1213,69,Male,Motor,15/05/2023,,367.88,0,2,West
1214,29,Female,Home,30/12/2021,30/12/2024 0:00,687.37,1,2,West
1215,25,Male,Auto,29/05/2022,29/05/2023 0:00,504.04,5,3,West
1216,20,Female,Auto,28/06/2023,28/06/2024 0:00,975.85,0,5,West
1217,52,Female,Home,03/07/2024,03/07/2025 0:00,785.42,3,7,West
1218,58,Male,Auto,26/07/2023,26/07/2026 0:00,1449,1,2,East
1219,54,Male,Motor,16/07/2022,16/07/2024 0:00,799.59,5,7,South
1220,27,Female,Motor,27/05/2020,27/05/2022 0:00,1113.18,2,9,North
1221,66,Female,Motor,23/09/2022,,1110.62,0,8,West
1222,30,Male,Motor,18/02/2022,18/02/2024 0:00,1486.66,0,8,East
1223,68,Male,Motor,21/03/2024,,1004.76,2,1,East
1224,33,Male,Home,11/02/2021,11/02/2023 0:00,1357.34,1,9,West
1225,58,Male,Auto,16/12/2023,16/12/2026 0:00,363.89,3,,South
1226,26,Female,Auto,17/12/2021,17/12/2024 0:00,1354.63,2,3,South
1227,22,Female,Auto,26/07/2022,26/07/2023 0:00,896.96,1,7,West
1228,58,Male,Home,05/03/2023,05/03/2026 0:00,930.6,2,5,North
1229,40,Female,Motor,11/05/2022,,1155.02,5,7,North
1230,41,Male,Motor,05/04/2021,05/04/2022 0:00,1492.26,0,2,South
1231,52,Female,Auto,23/11/2023,23/11/2025 0:00,383.1,1,3,North
1232,57,Male,Motor,09/10/2019,09/10/2021 0:00,989.39,1,3,South
1233,49,Male,Motor,20/11/2023,,324.96,4,2,South
1234,44,Male,Home,02/11/2019,02/11/2022 0:00,1159.94,1,8,West
1235,29,Male,Auto,10/03/2024,10/03/2027 0:00,491.97,,5,East
1236,28,Male,Motor,22/04/2021,,1218.42,4,9,North
1237,66,Male,Motor,04/06/2023,04/06/2026 0:00,510.35,4,3,South
1238,67,Male,Motor,21/02/2021,,1037.35,5,2,South
1239,29,Male,Motor,23/02/2022,,504.81,1,6,East
1240,26,Female,Home,12/09/2024,12/09/2026 0:00,329,5,3,South
1241,28,Female,Auto,21/06/2023,21/06/2025 0:00,1072.93,4,9,North
1242,70,Female,Motor,24/03/2024,24/03/2026 0:00,801.53,4,1,South
1243,24,Male,Auto,22/03/2020,22/03/2021 0:00,1356.9,1,1,East
1244,45,Male,Auto,10/07/2023,10/07/2026 0:00,367.85,0,2,East
1245,59,Female,Home,16/07/2021,16/07/2022 0:00,1205.36,0,1,South
1246,21,Male,Motor,21/05/2020,21/05/2023 0:00,534.07,1,5,East
1247,35,Female,Motor,11/01/2020,11/01/2023 0:00,804,1,9,East
1248,42,Male,Motor,08/09/2020,,1120.51,2,5,East
1249,25,Female,Motor,12/06/2022,,864.11,4,6,East
1250,27,Female,Home,25/04/2023,25/04/2026 0:00,1217.51,0,4,East
1251,38,Female,Auto,24/11/2022,24/11/2024 0:00,1460.81,4,3,South
1252,30,Female,Auto,15/05/2020,15/05/2021 0:00,705.84,0,10,North
1253,44,Male,Motor,24/03/2021,24/03/2023 0:00,435.88,2,5,East
1254,,Male,Auto,09/01/2023,09/01/2024 0:00,385.86,4,8,West
1255,49,Female,Motor,06/07/2023,06/07/2026 0:00,367.53,2,10,North
1256,28,Female,Auto,12/01/2022,12/01/2024 0:00,989.68,5,7,South
1257,63,Female,Motor,03/07/2021,,285.25,0,7,North
1258,33,Male,Motor,20/07/2020,20/07/2021 0:00,952.98,2,8,West
1259,37,Female,Motor,25/11/2020,25/11/2023 0:00,1448.19,2,2,West
1260,56,Male,Auto,16/12/2023,16/12/2025 0:00,912.48,3,1,West
1261,47,Male,Motor,20/02/2020,20/02/2022 0:00,292.35,1,2,West
1262,21,Female,Home,13/08/2024,13/08/2026 0:00,449.37,4,6,North
1263,37,Female,Motor,02/06/2021,,798.14,,6,West
1264,50,Female,Home,22/09/2024,22/09/2025 0:00,261.34,4,8,North
1265,18,Male,Home,19/01/2022,19/01/2025 0:00,1050.41,4,5,North
1266,70,Male,Motor,26/03/2020,26/03/2023 0:00,1241.09,4,10,East
1267,36,Female,Home,16/01/2023,16/01/2026 0:00,923.71,2,5,East
1268,31,Male,Motor,24/12/2020,,1450.54,4,7,North
1269,59,Female,Motor,30/01/2023,,284.86,1,9,North
1270,48,Female,Auto,31/08/2020,31/08/2021 0:00,1047.81,3,2,East
1271,26,Male,Motor,05/08/2024,,290.3,2,3,East
1272,68,Female,Home,02/02/2020,02/02/2022 0:00,1419.45,1,,North
1273,48,Female,Motor,17/03/2021,,569.19,2,9,West
1274,61,Female,Home,14/11/2020,14/11/2023 0:00,573.4,3,4,South
1275,49,Female,Motor,02/02/2023,02/02/2026 0:00,1230.95,5,2,East
1276,58,Female,Motor,13/09/2022,13/09/2023 0:00,1056.89,5,4,West
1277,58,Male,Home,25/07/2022,25/07/2023 0:00,746.12,0,2,West
1278,56,Female,Auto,28/10/2022,28/10/2024 0:00,1078.64,5,9,South
1279,25,Male,Motor,06/08/2021,06/08/2022 0:00,518.74,1,2,West
1280,59,Female,Motor,31/07/2020,,724.96,5,4,West
1281,43,Male,Home,23/12/2020,23/12/2021 0:00,1495.38,5,9,North
1282,43,Male,Home,30/05/2021,30/05/2022 0:00,391.85,1,10,North
1283,63,Female,Home,06/06/2023,06/06/2025 0:00,1390.52,5,9,North
1284,69,Female,Motor,07/03/2022,,760.07,2,6,West
1285,43,Male,Motor,23/06/2020,23/06/2023 0:00,308.4,5,2,East
1286,57,Male,Motor,17/02/2020,17/02/2023 0:00,644.21,3,4,North
1287,20,Male,Auto,27/01/2022,27/01/2025 0:00,1139.5,4,7,South
1288,28,Female,Auto,22/03/2022,22/03/2025 0:00,1288.02,5,3,South
1289,37,Male,Unknown,12/08/2022,12/08/2024 0:00,969.7,5,5,East
1290,62,Male,Motor,02/12/2020,,433.95,4,4,South
1291,32,Male,Home,05/06/2023,05/06/2024 0:00,1479.17,0,3,North
1292,35,Female,Motor,26/09/2023,26/09/2025 0:00,1137.94,5,7,South
1293,30,Female,Home,13/02/2024,13/02/2026 0:00,1403.71,4,3,East
1294,,Female,Motor,14/05/2024,,945.93,4,8,West
1295,24,Female,Auto,24/11/2020,24/11/2023 0:00,503.12,4,9,West
1296,53,Female,Motor,02/09/2024,02/09/2025 0:00,750.55,4,4,South
1297,36,Male,Motor,08/03/2020,,1323.09,4,9,North
1298,34,Male,Motor,29/07/2021,29/07/2024 0:00,527.26,0,7,North
1299,27,Female,Motor,16/06/2023,16/06/2024 0:00,834.2,0,4,West
1300,65,Male,Motor,19/08/2021,,478.6,2,8,North
1301,21,Male,Auto,15/04/2020,15/04/2023 0:00,1322.59,0,9,West
1302,31,Female,Motor,15/05/2021,15/05/2024 0:00,1173.95,3,9,West
1303,57,Female,Auto,17/06/2021,17/06/2024 0:00,788.4,4,3,East
1304,28,Female,Motor,07/01/2024,,937.67,3,8,West
1305,52,Female,Motor,30/07/2021,,937.26,5,9,South
1306,31,Male,Motor,24/04/2021,,613.5,5,9,East
1307,25,Female,Auto,17/06/2021,17/06/2024 0:00,1420.51,1,10,South
1308,33,Female,Home,20/07/2024,20/07/2025 0:00,784.22,2,7,North
1309,23,Male,Motor,04/01/2020,04/01/2021 0:00,376.04,5,5,South
1310,64,Male,Motor,25/07/2024,25/07/2026 0:00,1263.46,0,4,North
1311,47,Male,Motor,13/01/2021,,707.57,0,4,West
1312,29,Male,Motor,08/07/2021,,868.07,5,5,South
1313,27,Female,Motor,07/05/2023,,251.37,0,6,West
1314,27,Female,Motor,31/08/2021,31/08/2023 0:00,1293.69,5,9,East
1315,43,Female,Motor,04/06/2021,04/06/2022 0:00,831.16,3,5,East
1316,54,Male,Motor,12/11/2021,,1259.61,4,1,West
1317,27,Male,Motor,01/12/2023,,453.21,0,1,East
1318,47,Male,Auto,14/09/2024,14/09/2025 0:00,1252.3,5,8,West
1319,,Male,Home,23/05/2021,23/05/2024 0:00,1114.68,0,2,East
1320,32,Male,Motor,11/10/2020,,499.2,1,3,North
1321,52,Female,Home,19/12/2021,19/12/2024 0:00,475.54,1,4,East
1322,19,Female,Motor,27/12/2019,27/12/2022 0:00,555.88,4,9,East
1323,56,Male,Auto,04/08/2020,04/08/2023 0:00,1429.08,0,4,South
1324,34,Female,Unknown,05/09/2023,05/09/2026 0:00,1121.44,3,8,North
1325,43,Male,Home,23/09/2021,23/09/2023 0:00,322.17,2,6,West
1326,28,Female,Auto,25/06/2022,25/06/2023 0:00,1171.62,,5,North
1327,52,Male,Auto,24/01/2024,24/01/2027 0:00,839.09,3,9,South
1328,46,Male,Motor,24/10/2020,24/10/2023 0:00,422.41,0,9,West
1329,23,Male,Motor,21/02/2022,21/02/2024 0:00,1208.73,1,3,North
1330,28,Male,Motor,12/02/2024,,489.04,5,9,West
1331,70,Female,Motor,05/07/2022,,665.21,,3,East
1332,65,Female,Home,14/03/2023,14/03/2024 0:00,803.27,4,8,North
1333,22,Female,Auto,30/05/2021,30/05/2022 0:00,318.21,3,9,South
1334,36,Female,Home,07/04/2023,07/04/2025 0:00,606.91,5,3,North
1335,63,Male,Motor,25/08/2022,25/08/2025 0:00,1493.17,0,5,West
1336,,Female,Motor,10/01/2022,10/01/2025 0:00,1255.42,1,10,West
1337,41,Male,Motor,16/02/2021,,597.42,1,6,South
1338,,Female,Motor,11/12/2021,11/12/2024 0:00,304.1,5,5,North
1339,68,Male,Home,13/04/2021,13/04/2022 0:00,730.71,0,3,South
1340,57,Female,Auto,08/12/2021,08/12/2024 0:00,265.8,0,4,South
1341,19,Female,Home,04/05/2024,04/05/2026 0:00,1110.95,1,6,West
1342,38,Male,Motor,14/04/2021,14/04/2024 0:00,1180.19,3,4,West
1343,36,Female,Auto,27/06/2020,27/06/2021 0:00,1048.29,3,7,North
1344,39,Male,Home,15/01/2024,15/01/2025 0:00,965.44,5,10,East
1345,52,Female,Home,04/08/2023,04/08/2025 0:00,371.88,5,1,West
1346,45,Female,Home,01/01/2022,01/01/2023 0:00,1452.65,3,8,North
1347,58,Female,Motor,21/12/2022,,408.68,3,7,West
1348,63,Female,Home,28/05/2022,28/05/2024 0:00,946.4,0,10,South
1349,67,Male,Auto,15/06/2020,15/06/2021 0:00,1315.3,2,4,South
1350,,Male,Motor,09/05/2024,,1157.08,4,5,East
1351,44,Male,Motor,05/06/2021,05/06/2022 0:00,1072.32,4,10,East
1352,33,Male,Auto,16/10/2019,16/10/2022 0:00,1398.41,3,10,South
1353,56,Female,Motor,17/01/2023,,1468.65,1,4,North
1354,61,Female,Home,28/07/2022,28/07/2024 0:00,1173.56,4,7,East
1355,58,Female,Motor,02/02/2024,02/02/2027 0:00,949.21,3,2,West
1356,,Male,Auto,22/02/2021,22/02/2023 0:00,659.98,5,6,East
1357,,Female,Auto,19/04/2024,19/04/2026 0:00,989.53,3,1,South
1358,59,Male,Motor,05/07/2021,,561.56,2,9,East
1359,54,Female,Home,03/10/2021,03/10/2024 0:00,435.71,4,9,North
1360,58,,Auto,30/09/2022,30/09/2024 0:00,1348.76,1,8,South
1361,22,Male,Motor,29/09/2020,,1274.89,0,1,South
1362,56,Male,Motor,10/09/2024,,1123.95,1,4,West
1363,23,Male,Motor,06/04/2022,,406.43,5,2,East
1364,25,Male,Motor,11/11/2020,11/11/2021 0:00,1146.94,0,5,East
1365,49,Male,Motor,04/12/2022,,266.97,5,9,East
1366,54,Male,Auto,22/03/2021,22/03/2022 0:00,1031.58,2,1,East
1367,23,Female,Auto,02/07/2022,02/07/2024 0:00,1121.55,4,3,South
1368,27,Male,Auto,01/11/2022,01/11/2025 0:00,452.58,1,8,South
1369,28,Male,Home,26/02/2024,26/02/2027 0:00,619.98,3,6,South
1370,44,Male,Motor,31/08/2023,31/08/2024 0:00,invalid,5,2,North
1371,34,Male,Home,11/10/2022,11/10/2025 0:00,509.49,5,6,East
1372,39,Male,Motor,25/08/2021,,707.84,3,5,North
1373,19,Female,Home,10/03/2020,10/03/2022 0:00,1327.88,1,2,West
1374,58,Male,Home,05/07/2024,05/07/2025 0:00,447.77,2,1,East
1375,55,Female,Motor,16/02/2020,16/02/2023 0:00,848.44,1,6,West
1376,46,Female,Motor,21/07/2022,21/07/2024 0:00,913.99,4,2,North
1377,,Female,Home,12/08/2022,12/08/2025 0:00,999.51,5,1,South
1378,31,Male,Auto,19/06/2020,19/06/2021 0:00,832.95,3,8,South
1379,39,Male,Home,28/01/2021,28/01/2023 0:00,532.02,1,9,East
1380,44,Male,Motor,05/03/2021,,614.59,4,3,South
1381,64,Female,Motor,17/10/2020,17/10/2023 0:00,1035.37,1,5,South
1382,38,Female,Home,26/09/2023,26/09/2025 0:00,373.74,5,2,East
1383,32,Male,Home,18/08/2020,18/08/2022 0:00,1050.74,2,6,West
1384,68,Female,Motor,20/08/2022,20/08/2025 0:00,1238.62,1,3,South
1385,26,Female,Auto,09/07/2023,09/07/2025 0:00,250.48,2,1,West
1386,34,Male,Motor,19/01/2022,,357.55,0,1,East
1387,42,Male,Motor,08/06/2024,08/06/2027 0:00,484.13,1,10,South
1388,66,Female,Motor,13/07/2024,13/07/2027 0:00,1363.86,3,6,North
1389,51,Female,Home,11/01/2023,11/01/2026 0:00,252.99,2,6,North
1390,27,Male,Motor,07/02/2020,,351.8,2,3,East
1391,24,Male,Motor,20/12/2023,20/12/2026 0:00,946.61,2,2,East
1392,41,Male,Motor,12/12/2022,,1449.58,4,6,West
1393,27,Male,Motor,08/05/2021,,257.16,5,1,West
1394,33,Male,Home,13/07/2020,13/07/2022 0:00,514.97,1,3,West
1395,49,Female,Motor,06/03/2023,06/03/2024 0:00,invalid,0,9,West
1396,65,Male,Motor,29/05/2021,,1248.93,2,2,East
1397,33,Female,Motor,26/05/2021,26/05/2023 0:00,1475.27,4,9,South
1398,55,Male,Motor,30/10/2023,,792.48,5,10,West
1399,28,Male,Motor,21/01/2024,21/01/2027 0:00,564.35,1,8,East
1400,63,Female,Auto,03/02/2022,03/02/2023 0:00,1382.71,4,5,West
1401,32,Female,Auto,19/06/2023,19/06/2025 0:00,966.04,0,2,West
1402,26,Male,Motor,01/02/2024,,618.4,2,5,East
1403,67,Female,Motor,07/12/2023,,519.55,1,3,North
1404,39,Male,Home,16/05/2022,16/05/2024 0:00,1104.37,4,4,South
1405,47,Female,Motor,20/04/2024,,1254.58,0,2,South
1406,54,Male,Motor,26/09/2022,26/09/2025 0:00,1046.95,5,6,South
1407,38,Female,Motor,11/09/2023,11/09/2024 0:00,1337.26,0,8,West
1408,30,Male,Motor,21/10/2020,21/10/2021 0:00,1134.27,2,9,North
1409,49,Male,Motor,08/04/2022,,1263.7,1,4,South
1410,25,Male,Motor,14/07/2022,14/07/2024 0:00,698.21,4,10,South
1411,25,Male,Motor,31/08/2020,31/08/2021 0:00,invalid,5,3,West
1412,25,Female,Home,15/06/2021,15/06/2024 0:00,910.29,3,10,North
1413,45,Female,Home,30/06/2024,30/06/2025 0:00,768.49,1,1,East
1414,24,Female,Home,16/08/2023,16/08/2024 0:00,531.31,4,1,West
1415,,Female,Home,13/03/2024,13/03/2025 0:00,848.7,0,3,South
1416,70,Male,Home,08/11/2020,08/11/2023 0:00,1026.86,2,7,East
1417,70,Female,Motor,15/11/2022,,1408.05,,3,North
1418,21,Female,Auto,20/02/2022,20/02/2023 0:00,837.62,5,5,North
1419,39,Female,Auto,04/11/2019,04/11/2020 0:00,1397.93,2,1,East
1420,38,Male,Home,29/06/2021,29/06/2024 0:00,632,5,3,East
1421,50,Male,Auto,28/08/2024,28/08/2025 0:00,380.43,3,2,East
1422,24,Female,Motor,27/08/2023,27/08/2025 0:00,1361.43,2,8,West
1423,52,Male,Motor,21/08/2021,,1455.92,5,4,South
1424,68,Male,Motor,23/04/2024,23/04/2027 0:00,1190.34,2,5,South
1425,27,Male,Motor,18/01/2021,,286.33,2,9,South
1426,23,Female,Motor,16/07/2024,16/07/2025 0:00,1387.34,4,10,East
1427,59,Male,Motor,11/09/2022,11/09/2023 0:00,730.96,,6,West
1428,19,Female,Home,15/11/2021,15/11/2023 0:00,1397.05,4,7,West
1429,39,Male,Motor,01/02/2020,,974.19,,4,East
1430,43,Female,Motor,27/08/2024,27/08/2026 0:00,274.48,5,8,South
1431,39,Male,Motor,14/11/2019,,896.46,2,4,West
1432,21,Male,Auto,09/09/2020,09/09/2023 0:00,925.4,2,5,South
1433,42,Female,Auto,03/02/2021,03/02/2024 0:00,524.63,3,10,North
1434,30,Male,Auto,17/02/2023,17/02/2024 0:00,719.41,3,8,East
1435,27,Male,Home,05/03/2024,05/03/2027 0:00,934.73,0,8,North
1436,37,Female,Motor,12/04/2020,,1114.8,4,10,South
1437,34,Male,Motor,08/12/2023,,1087.01,4,2,East
1438,44,Male,Motor,09/03/2024,,1280.15,4,2,East
1439,43,Male,Motor,18/11/2019,,886.41,3,9,North
1440,70,Female,Home,30/03/2022,30/03/2025 0:00,864.45,2,9,South
1441,32,Male,Motor,06/09/2022,06/09/2024 0:00,325.47,4,3,South
1442,69,Male,Auto,24/02/2021,24/02/2024 0:00,790.91,0,4,East
1443,37,Female,Auto,10/12/2020,10/12/2023 0:00,669.59,4,8,West
1444,20,Female,Motor,14/11/2023,14/11/2026 0:00,733.99,4,3,West
1445,53,Female,Home,14/05/2022,14/05/2024 0:00,555.82,4,5,West
1446,42,Male,Motor,14/02/2024,,552.66,4,4,South
1447,35,Male,Motor,28/01/2022,,860.93,4,9,South
1448,22,Male,Auto,08/10/2022,08/10/2024 0:00,257.24,1,6,West
1449,25,Male,Home,14/11/2022,14/11/2024 0:00,258.05,0,5,East
1450,18,Male,Motor,30/06/2022,30/06/2024 0:00,1048.62,1,4,South
1451,47,Male,Home,13/11/2023,13/11/2026 0:00,1107.34,0,3,South
1452,43,Female,Motor,10/10/2019,,909.82,5,1,South
1453,23,Female,Auto,01/08/2020,01/08/2021 0:00,590.23,2,7,West
1454,19,Male,Motor,23/10/2022,23/10/2024 0:00,831.25,0,4,South
1455,38,Female,Motor,30/10/2019,,838.06,2,5,North
1456,67,Female,Motor,01/01/2021,01/01/2023 0:00,813.43,1,3,West
1457,62,Male,Home,12/09/2023,12/09/2024 0:00,1350.15,3,9,South
1458,53,Female,Auto,01/03/2022,01/03/2024 0:00,710.95,1,3,East
1459,36,Female,Motor,04/03/2021,04/03/2024 0:00,1316.82,2,2,East
1460,25,Female,Motor,03/12/2021,03/12/2023 0:00,865.01,2,9,West
1461,53,Male,Home,06/08/2024,06/08/2027 0:00,705.75,1,1,East
1462,39,Male,Auto,08/12/2022,,1042.76,1,4,North
1463,40,Female,Motor,27/09/2019,27/09/2022 0:00,513.16,4,,North
1464,23,Female,Motor,16/11/2020,,410.22,1,10,East
1465,58,Female,Auto,06/04/2022,06/04/2023 0:00,314.31,5,6,North
1466,33,Male,Home,25/09/2019,25/09/2020 0:00,1014.87,4,4,West
1467,28,Female,Motor,16/03/2023,,490.87,4,7,South
1468,53,Female,Auto,09/11/2021,09/11/2023 0:00,286,1,6,East
1469,59,Female,Home,12/10/2023,12/10/2026 0:00,490.93,5,,North
1470,24,Male,Motor,16/08/2024,16/08/2025 0:00,754.73,0,4,West
1471,70,Male,Home,23/12/2019,23/12/2022 0:00,1474.64,3,4,West
1472,67,Male,Home,05/06/2023,05/06/2025 0:00,901.81,5,3,South
1473,41,Male,Motor,13/09/2021,,1460.61,5,9,East
1474,28,Male,Auto,05/09/2020,05/09/2023 0:00,270.54,0,7,West
1475,31,Male,Home,23/08/2022,23/08/2025 0:00,1058.99,3,2,East
1476,24,Female,Motor,08/11/2022,,627.85,4,9,West
1477,40,Female,Home,15/09/2021,15/09/2024 0:00,628.99,0,6,West
1478,18,,Home,30/12/2022,30/12/2023 0:00,353.14,4,7,South
1479,36,Female,Home,04/04/2022,04/04/2025 0:00,910.05,5,2,East
1480,50,Female,Home,11/11/2022,11/11/2025 0:00,1356.26,1,5,East
1481,47,,Motor,01/08/2022,,672.12,4,5,North
1482,22,Female,Motor,03/05/2021,,269.82,1,4,East
1483,40,Male,Motor,10/11/2021,10/11/2023 0:00,579.67,3,1,East
1484,70,Female,Motor,22/02/2024,,320.91,0,10,West
1485,60,Male,Home,03/03/2024,03/03/2026 0:00,277.77,2,2,South
1486,19,Male,Motor,08/11/2021,,1129.51,2,7,West
1487,43,Male,Auto,26/02/2020,26/02/2023 0:00,329.62,1,6,South
1488,24,Female,Auto,25/09/2022,25/09/2025 0:00,254.28,2,5,South
1489,70,Male,Home,30/01/2021,30/01/2024 0:00,710.97,,4,East
1490,27,Male,Auto,18/09/2020,18/09/2023 0:00,1141.6,2,7,West
1491,47,,Motor,22/03/2024,,654.94,5,8,West
1492,21,Female,Home,18/04/2022,18/04/2023 0:00,451.35,2,5,West
1493,22,Female,Motor,25/07/2024,,396.27,0,2,East
1494,52,Female,Motor,16/10/2020,16/10/2023 0:00,276.83,2,9,North
1495,23,Female,Motor,27/08/2024,,1335.86,0,6,East
1496,59,Male,Auto,21/10/2020,21/10/2022 0:00,404.86,3,1,East
1497,30,Male,Auto,03/11/2021,03/11/2023 0:00,475.06,5,2,North
1498,25,Male,Home,05/08/2022,05/08/2025 0:00,808.43,5,9,South
1499,63,Female,Home,11/12/2023,11/12/2025 0:00,814.4,2,9,South
1500,33,Female,Home,30/04/2021,30/04/2024 0:00,1422.97,,10,North
1501,47,Female,Motor,04/10/2022,04/10/2023 0:00,1059.84,1,3,North
1502,25,Male,Auto,05/06/2020,05/06/2022 0:00,1384.26,3,6,North
1503,37,Male,Motor,26/01/2024,26/01/2027 0:00,488.72,2,,North
1504,37,Male,Home,27/09/2021,,314.89,5,9,North
1505,69,Male,Motor,11/04/2022,11/04/2024 0:00,261.7,5,1,West
1506,62,Female,Motor,26/10/2023,26/10/2026 0:00,1049.62,4,2,West
1507,54,Male,Motor,23/06/2024,23/06/2025 0:00,610.16,4,1,East
1508,33,Female,Motor,18/06/2024,18/06/2027 0:00,1285.16,2,8,East
1509,56,Female,Auto,28/05/2022,28/05/2024 0:00,790.7,5,8,South
1510,58,Male,Motor,02/02/2022,02/02/2025 0:00,929.73,3,8,South
1511,55,Female,Auto,24/04/2022,24/04/2025 0:00,998.09,1,7,South
1512,69,Female,Motor,24/04/2021,24/04/2023 0:00,1274.12,4,9,East
1513,63,Female,Home,11/07/2021,11/07/2022 0:00,384.43,4,10,North
1514,48,Female,Motor,05/06/2023,05/06/2025 0:00,751,3,5,North
1515,23,Female,Home,10/10/2022,10/10/2025 0:00,1192.85,0,7,South
1516,69,Male,Home,15/02/2023,15/02/2025 0:00,1336.83,1,3,South
1517,53,Female,Home,05/02/2023,05/02/2026 0:00,1146.41,4,8,South
1518,36,Male,Motor,07/03/2021,07/03/2022 0:00,1217.06,2,2,West
1519,22,Female,Motor,20/02/2023,,295.08,1,9,North
1520,41,Male,Motor,04/02/2022,04/02/2024 0:00,1297.24,3,1,West
1521,62,Female,Home,29/08/2023,29/08/2024 0:00,570.38,3,3,East
1522,32,Female,Auto,11/11/2020,11/11/2021 0:00,592.23,0,9,South
1523,53,Female,Auto,07/10/2019,07/10/2020 0:00,413.57,4,1,North
1524,31,Male,Motor,03/12/2022,03/12/2024 0:00,1103.31,3,5,South
1525,,Female,Motor,28/11/2023,,1258.64,1,1,South
1526,28,Female,Auto,27/05/2020,27/05/2023 0:00,657.95,3,1,East
1527,70,Female,Motor,29/12/2019,,966.51,5,2,North
1528,31,Male,Home,24/04/2024,24/04/2027 0:00,393.01,5,7,West
1529,34,Male,Motor,26/11/2023,,310.23,1,8,South
1530,44,Female,Motor,26/10/2019,26/10/2022 0:00,524.16,0,1,East
1531,59,Female,Home,08/10/2019,08/10/2021 0:00,481.94,2,1,East
1532,66,Female,Motor,19/11/2019,,419.14,2,8,South
1533,54,Male,Auto,11/11/2021,11/11/2024 0:00,invalid,2,1,South
1534,26,Male,Motor,14/11/2021,,1483.53,0,7,South
1535,59,Female,Home,14/03/2022,14/03/2024 0:00,322.76,0,2,East
1536,45,Female,Auto,17/07/2021,17/07/2023 0:00,1321.7,4,9,West
1537,68,Male,Home,01/07/2023,01/07/2025 0:00,521.44,5,2,East
1538,18,Male,Unknown,05/09/2023,05/09/2024 0:00,1038.15,5,6,North
1539,30,Male,Home,18/03/2020,18/03/2021 0:00,445.65,4,2,East
1540,49,Male,Motor,27/05/2020,,759.64,1,2,North
1541,36,Male,Motor,22/08/2020,22/08/2021 0:00,1216.99,0,3,East
1542,61,Female,Motor,28/02/2024,,1110.56,5,9,South
1543,43,Male,Home,08/04/2022,08/04/2024 0:00,1230.83,2,2,East
1544,35,Male,Auto,31/05/2021,31/05/2024 0:00,1216.45,4,2,North
1545,30,Male,Motor,25/12/2021,25/12/2022 0:00,914.81,4,4,West
1546,34,Male,Motor,04/12/2022,,1057.11,2,1,North
1547,35,Male,Auto,04/08/2023,04/08/2026 0:00,532.02,5,2,North
1548,46,Male,Home,04/07/2023,04/07/2025 0:00,invalid,3,7,North
1549,22,Female,Home,16/02/2023,16/02/2026 0:00,1357.22,2,6,East
1550,41,Male,Auto,11/12/2021,11/12/2024 0:00,732.09,2,4,North
1551,44,Male,Motor,03/02/2020,,431.85,1,8,West
1552,61,Male,Motor,01/04/2022,,792.33,1,2,North
1553,32,Female,Home,21/03/2024,21/03/2026 0:00,498.19,5,1,East
1554,18,Female,Motor,12/04/2023,12/04/2026 0:00,955.03,0,1,East
1555,20,Female,Auto,30/05/2022,30/05/2024 0:00,1192.35,0,10,South
1556,61,Female,Auto,14/11/2019,14/11/2022 0:00,284.5,3,3,North
1557,41,Male,Auto,28/05/2023,28/05/2024 0:00,1339.93,3,6,West
1558,47,Male,Motor,20/02/2020,,738.97,2,2,West
1559,31,Female,Motor,11/06/2024,,1341.55,3,1,North
1560,36,Male,Auto,16/10/2021,16/10/2024 0:00,1092.05,5,7,West
1561,49,Male,Home,02/11/2023,02/11/2024 0:00,703.93,5,6,West
1562,46,Male,Auto,11/01/2022,11/01/2024 0:00,647.27,4,,East
1563,54,Male,Motor,21/09/2023,21/09/2026 0:00,607.92,3,7,South
1564,66,Male,Home,11/12/2021,11/12/2024 0:00,534.77,0,2,West
1565,55,Male,Auto,05/08/2024,05/08/2025 0:00,1139.99,4,8,South
1566,40,Male,Motor,20/04/2022,20/04/2023 0:00,518.05,5,9,West
1567,53,Female,Motor,21/05/2021,,1270.08,1,7,South
1568,51,Female,Auto,01/10/2019,,1207.72,3,9,North
1569,32,Male,Motor,16/10/2023,,730.03,3,9,North
1570,69,Female,Motor,07/10/2022,,359.59,4,2,West
1571,37,Male,Auto,08/05/2023,08/05/2024 0:00,703.6,1,5,West
1572,20,Female,Auto,22/03/2021,22/03/2023 0:00,442.71,4,5,West
1573,57,Male,Home,13/12/2023,13/12/2026 0:00,1391.61,5,6,North
1574,19,Male,Auto,26/09/2020,26/09/2022 0:00,687,4,9,North
1575,54,Female,Motor,02/07/2020,,768.07,2,2,South
1576,66,Male,Motor,25/07/2023,25/07/2026 0:00,1103.65,2,10,East
1577,21,Male,Home,10/09/2024,10/09/2026 0:00,868.15,5,8,South
1578,30,Female,Auto,02/04/2023,02/04/2026 0:00,251.89,0,,East
1579,53,Male,Auto,03/04/2023,03/04/2026 0:00,1267.84,3,4,North
1580,59,Male,Auto,27/07/2023,27/07/2026 0:00,1134.79,1,9,North
1581,,Male,Auto,16/04/2022,16/04/2023 0:00,1262.77,5,10,North
1582,40,Male,Home,23/06/2021,23/06/2023 0:00,574.07,0,4,North
1583,52,Male,Auto,15/08/2024,15/08/2026 0:00,263.21,3,3,West
1584,69,Male,Motor,28/01/2022,,1001.72,3,10,South
1585,53,Female,Auto,05/12/2022,05/12/2024 0:00,1325.95,0,4,South
1586,37,Female,Auto,19/02/2022,19/02/2025 0:00,356.33,3,8,North
1587,39,Male,Auto,24/11/2019,24/11/2020 0:00,740.26,1,8,East
1588,68,Male,Motor,17/07/2024,17/07/2027 0:00,419.37,4,9,West
1589,21,Female,Auto,15/11/2019,15/11/2021 0:00,1294.51,2,1,West
1590,34,Male,Home,25/05/2022,,609.31,4,2,North
1591,41,Male,Auto,10/09/2021,10/09/2023 0:00,779.43,5,4,North
1592,62,Male,Motor,18/08/2023,18/08/2024 0:00,1014.43,5,7,North
1593,31,Male,Motor,03/02/2020,03/02/2023 0:00,464.65,,,North
1594,70,Female,Motor,02/12/2020,02/12/2021 0:00,1312.9,3,7,East
1595,58,Male,Motor,22/08/2020,,328.86,3,5,South
1596,69,Male,Auto,10/05/2023,10/05/2025 0:00,454.52,4,5,North
1597,51,Male,Home,09/12/2020,09/12/2022 0:00,435.16,2,10,South
1598,69,Male,Home,27/01/2022,27/01/2025 0:00,1360.11,,,West
1599,50,Female,Motor,01/06/2023,,1442.66,1,1,East
1600,68,Female,Auto,27/04/2023,27/04/2025 0:00,399.83,2,5,West
1601,20,Female,Auto,22/02/2020,22/02/2022 0:00,857.57,,6,West
1602,46,Female,Motor,05/01/2020,05/01/2022 0:00,1112.44,2,2,West
1603,44,Male,Motor,26/09/2020,26/09/2023 0:00,379.14,2,6,East
1604,45,Male,Auto,04/05/2023,04/05/2026 0:00,422.45,0,7,West
1605,65,Female,Auto,11/04/2022,11/04/2024 0:00,648.37,0,9,South
1606,35,Female,Motor,15/02/2020,,1115.03,3,2,South
1607,59,Male,Home,19/03/2024,19/03/2027 0:00,709.67,1,3,North
1608,62,Male,Motor,20/09/2020,20/09/2023 0:00,1348.97,3,7,South
1609,44,Female,Motor,10/10/2022,,686,4,6,South
1610,24,Male,Auto,27/03/2023,27/03/2024 0:00,459.89,0,7,East
1611,28,Male,Motor,06/07/2022,06/07/2023 0:00,581.17,1,5,East
1612,35,Female,Home,06/02/2023,06/02/2024 0:00,705.14,2,10,West
1613,66,Female,Motor,28/09/2019,,1450.49,3,1,East
1614,24,Female,Home,22/05/2023,22/05/2024 0:00,412.53,0,2,North
1615,38,Female,Motor,29/08/2020,,1382.85,1,1,North
1616,45,Female,Auto,03/08/2021,03/08/2023 0:00,878.21,1,5,North
1617,39,Female,Home,26/11/2022,26/11/2024 0:00,547.86,1,10,South
1618,35,Male,Unknown,24/05/2022,24/05/2024 0:00,380.87,4,5,North
1619,29,Female,Auto,20/04/2024,20/04/2027 0:00,1471.38,4,2,North
1620,52,Male,Motor,09/05/2020,09/05/2022 0:00,1258.96,5,7,North
1621,63,Male,Motor,20/09/2023,20/09/2025 0:00,1469.9,4,2,South
1622,49,Male,Motor,16/10/2021,,1062.4,1,10,South
1623,56,Female,Auto,13/07/2022,13/07/2025 0:00,348.94,3,9,West
1624,19,Male,Auto,23/06/2024,23/06/2025 0:00,602.76,1,9,West
1625,69,Female,Motor,16/11/2021,16/11/2022 0:00,371.63,0,1,South
1626,43,Male,Motor,12/11/2021,,1112.96,5,8,South
1627,22,Male,Auto,26/10/2023,26/10/2025 0:00,744.78,1,10,West
1628,55,Female,Motor,28/11/2022,,1345.28,2,7,West
1629,54,Female,Auto,08/07/2020,08/07/2023 0:00,479.65,1,6,East
1630,,Female,Motor,22/04/2024,22/04/2026 0:00,1371.22,1,7,East
1631,58,Male,Auto,26/02/2020,26/02/2022 0:00,608.34,2,10,South
1632,47,Male,Motor,07/04/2022,,668.78,,7,North
1633,19,Female,Motor,05/02/2021,05/02/2024 0:00,1147.31,5,7,South
1634,23,Female,Auto,27/06/2021,27/06/2024 0:00,1114.44,4,6,East
1635,42,Female,Home,07/09/2020,07/09/2022 0:00,412.05,3,10,West
1636,30,Male,Home,01/12/2023,01/12/2024 0:00,265.74,0,1,West
1637,38,Male,Motor,10/04/2020,10/04/2021 0:00,984.88,4,2,South
1638,50,Female,Auto,04/02/2021,04/02/2024 0:00,1164.52,4,1,South
1639,,Male,Home,26/02/2023,26/02/2025 0:00,340.07,0,5,East
1640,42,Female,Home,26/06/2020,26/06/2021 0:00,1199.55,,9,South
1641,61,Female,Auto,23/06/2021,,1490.97,0,9,West
1642,51,Female,Motor,31/07/2021,,1330.94,4,9,North
1643,45,Female,Home,03/04/2024,03/04/2027 0:00,1027.3,5,2,North
1644,69,Male,Home,14/05/2023,,782.98,4,1,North
1645,70,Female,Motor,23/06/2021,23/06/2023 0:00,615.1,0,8,North
1646,50,Female,Motor,28/05/2020,,1117.83,2,1,East
1647,18,Male,Auto,26/09/2019,26/09/2021 0:00,688.93,5,10,West
1648,49,Male,Motor,13/08/2023,,780.92,5,7,East
1649,28,Male,Auto,16/03/2022,16/03/2023 0:00,1041.97,0,8,South
1650,19,Male,Auto,05/01/2022,05/01/2023 0:00,302.96,2,7,South
1651,35,Male,Motor,02/07/2022,,1138.34,0,1,North
1652,31,Male,Auto,08/07/2021,08/07/2024 0:00,1312.37,5,,South
1653,,Male,Motor,01/06/2022,,1195.58,1,6,North
1654,47,Female,Home,26/03/2022,26/03/2023 0:00,606.01,2,8,East
1655,52,Female,Motor,01/09/2020,,343.51,0,4,East
1656,24,Male,Motor,04/06/2023,,1304.02,0,6,West
1657,70,Male,Motor,10/05/2020,10/05/2021 0:00,473.15,3,9,South
1658,30,Male,Auto,23/02/2022,23/02/2025 0:00,585.11,2,9,East
1659,51,Male,Home,14/07/2020,14/07/2022 0:00,1106.88,2,5,South
1660,40,Female,Auto,16/06/2021,16/06/2023 0:00,437.89,0,6,East
1661,35,Female,Motor,31/12/2023,31/12/2025 0:00,invalid,5,1,South
1662,69,Female,Auto,13/06/2021,13/06/2023 0:00,648.43,2,7,East
1663,19,Female,Auto,03/05/2020,03/05/2021 0:00,1015.97,0,2,South
1664,43,Female,Motor,15/06/2024,15/06/2026 0:00,1466.56,4,5,South
1665,22,Male,Motor,12/03/2022,,1376.09,4,2,East
1666,23,,Motor,05/05/2021,,1486,,7,West
1667,53,Female,Home,12/10/2021,,758.89,1,10,East
1668,61,Male,Auto,06/10/2023,06/10/2024 0:00,460.82,5,7,West
1669,23,Female,Home,07/04/2022,07/04/2023 0:00,651.97,2,3,North
1670,48,Female,Home,12/09/2023,12/09/2026 0:00,1003.19,5,7,South
1671,32,Female,Auto,30/06/2023,30/06/2024 0:00,1406,3,1,South
1672,53,Female,Auto,01/10/2023,01/10/2026 0:00,922.42,1,6,East
1673,45,Male,Motor,10/03/2021,,381.22,0,3,South
1674,28,Female,Auto,28/12/2022,28/12/2023 0:00,741.03,2,4,North
1675,41,Female,Motor,20/02/2021,20/02/2024 0:00,507.01,2,2,North
1676,23,Female,Motor,29/07/2020,29/07/2021 0:00,748.9,0,3,South
1677,51,Female,Home,29/09/2021,29/09/2022 0:00,1328.67,0,3,North
1678,68,Female,Home,08/10/2022,08/10/2023 0:00,851.43,3,8,South
1679,58,Male,Motor,11/04/2020,,843.92,1,8,East
1680,62,Female,Auto,11/03/2024,11/03/2026 0:00,486.09,0,9,East
1681,34,Male,Home,10/03/2022,10/03/2023 0:00,1033.7,2,6,North
1682,20,Female,Motor,22/05/2023,22/05/2024 0:00,1017.76,0,6,East
1683,58,Male,Motor,03/01/2020,03/01/2023 0:00,502.95,3,5,North
1684,65,Male,Home,05/02/2024,05/02/2025 0:00,1299.53,5,,East
1685,56,Male,Auto,24/11/2021,24/11/2024 0:00,1045.44,2,2,South
1686,51,Male,Motor,09/09/2022,09/09/2025 0:00,1129.43,1,3,South
1687,66,Female,Home,14/10/2022,14/10/2023 0:00,1316.57,2,8,West
1688,22,Male,Motor,06/04/2023,,908.34,0,10,South
1689,21,Female,Motor,16/12/2022,16/12/2023 0:00,605.59,5,4,South
1690,35,Male,Home,18/04/2021,18/04/2022 0:00,362.25,0,2,North
1691,67,Female,Auto,02/10/2023,02/10/2024 0:00,689.1,3,8,East
1692,49,Male,Auto,16/02/2022,16/02/2023 0:00,289.71,1,9,West
1693,64,Male,Motor,04/08/2022,04/08/2025 0:00,960.46,2,3,West
1694,32,Female,Home,15/04/2022,15/04/2024 0:00,1270.89,1,8,West
1695,43,Male,Motor,06/03/2021,,1350.21,4,6,South
1696,22,Male,Home,26/03/2023,26/03/2024 0:00,750.81,4,1,South
1697,38,Male,Auto,04/04/2024,04/04/2027 0:00,352.9,0,2,North
1698,62,Female,Motor,11/08/2024,,497.49,,9,East
1699,60,Male,Home,31/07/2022,31/07/2024 0:00,1008.79,5,6,West
1700,57,Male,Auto,04/03/2023,04/03/2024 0:00,915.4,3,10,North
1701,44,Female,Home,10/09/2021,10/09/2024 0:00,1484.52,3,6,North
1702,66,Female,Auto,22/06/2023,22/06/2025 0:00,852.85,2,4,East
1703,56,Male,Motor,02/07/2020,,350.51,,8,West
1704,47,Female,Motor,29/11/2023,,610.77,2,2,South
1705,53,Male,Motor,13/11/2023,13/11/2025 0:00,1387.46,4,2,East
1706,21,Male,Motor,30/06/2024,30/06/2026 0:00,476.51,1,7,East
1707,62,Female,Motor,22/01/2021,22/01/2023 0:00,263.55,2,8,West
1708,47,Male,Motor,19/11/2019,,545.44,5,2,East
1709,57,Female,Motor,29/12/2022,,323.11,1,5,North
1710,52,Male,Auto,08/07/2020,08/07/2023 0:00,589.9,3,2,South
1711,33,Male,Motor,16/06/2022,,1210.17,2,1,South
1712,48,Male,Motor,30/08/2023,,1306.6,4,4,East
1713,48,Female,Motor,17/10/2021,,1183.7,2,7,South
1714,37,Female,Motor,22/11/2022,22/11/2023 0:00,770.77,4,2,North
1715,58,Female,Home,05/02/2021,05/02/2023 0:00,417.14,4,7,West
1716,34,Male,Auto,31/01/2024,,399.72,0,4,East
1717,57,Female,Home,03/03/2023,03/03/2024 0:00,595.99,,5,North
1718,29,Male,Auto,23/09/2019,23/09/2022 0:00,1012.55,4,5,West
1719,49,Female,Home,14/05/2020,14/05/2021 0:00,692.65,4,5,West
1720,63,Male,Motor,20/05/2024,20/05/2027 0:00,1420.32,4,8,South
1721,64,Female,Home,06/01/2022,,753.48,3,7,East
1722,29,Female,Home,06/02/2024,06/02/2025 0:00,1032.52,5,8,East
1723,47,Female,Home,30/01/2021,30/01/2022 0:00,909.06,4,8,East
1724,47,Female,Motor,06/05/2021,,544.63,1,4,South
1725,40,Male,Motor,07/10/2022,,1255.43,5,5,South
1726,,Male,Home,12/12/2022,12/12/2024 0:00,1142.88,0,2,North
1727,24,Male,Auto,24/05/2021,24/05/2024 0:00,347.97,2,3,South
1728,48,Male,Auto,20/08/2022,20/08/2024 0:00,276.03,2,7,West
1729,22,Female,Motor,05/12/2023,05/12/2026 0:00,443.42,1,6,East
1730,41,Male,Unknown,07/11/2019,07/11/2020 0:00,1099.89,1,7,South
1731,48,Female,Motor,28/10/2022,28/10/2023 0:00,1057.05,3,3,North
1732,51,Female,Motor,20/09/2024,20/09/2026 0:00,843.5,4,1,East
1733,40,Male,Motor,05/09/2023,05/09/2026 0:00,453.73,2,8,East
1734,32,Male,Auto,30/01/2024,30/01/2027 0:00,823.7,2,2,East
1735,42,Female,Motor,25/01/2024,25/01/2026 0:00,555.18,0,6,South
1736,24,Male,Home,18/06/2024,18/06/2025 0:00,1238.68,4,10,South
1737,62,Male,Auto,31/05/2024,31/05/2026 0:00,718.31,0,5,East
1738,50,Female,Auto,23/09/2022,23/09/2023 0:00,606.26,2,9,West
1739,19,Male,Home,18/07/2022,18/07/2025 0:00,1056.14,2,1,West
1740,65,Female,Motor,03/08/2022,03/08/2024 0:00,1428.29,2,7,East
1741,56,Female,Motor,22/07/2022,,405.53,5,3,North
1742,43,Female,Motor,30/08/2020,,773.51,2,5,North
1743,59,Female,Home,19/07/2024,19/07/2025 0:00,252.18,0,6,West
1744,60,Female,Motor,21/05/2023,21/05/2024 0:00,1207.64,3,5,South
1745,50,Male,Auto,12/07/2020,12/07/2022 0:00,821.27,5,3,East
1746,54,Male,Motor,17/04/2023,17/04/2024 0:00,416.57,4,7,South
1747,54,Female,Motor,25/08/2020,,516.77,3,8,South
1748,61,Male,Motor,31/07/2024,31/07/2026 0:00,804.83,2,2,West
1749,24,Female,Motor,02/09/2023,,1339.75,2,8,South
1750,41,Male,Motor,27/01/2024,,513.88,3,4,East
1751,38,Female,Motor,10/05/2023,10/05/2025 0:00,847.68,1,9,South
1752,56,Female,Auto,18/08/2021,18/08/2023 0:00,1375.62,3,4,West
1753,47,Male,Home,19/09/2024,19/09/2025 0:00,1019.98,0,8,North
1754,,Male,Home,10/09/2020,10/09/2022 0:00,1183.86,0,10,East
1755,43,Male,Auto,09/10/2023,09/10/2026 0:00,903.78,5,7,North
1756,25,Male,Motor,17/12/2020,,1052.92,1,8,East
1757,63,Female,Home,07/08/2023,07/08/2026 0:00,793.52,2,6,East
1758,69,,Motor,25/03/2022,25/03/2023 0:00,1187.75,5,8,South
1759,29,Female,Motor,05/10/2023,,257.08,4,6,East
1760,33,Female,Auto,27/03/2024,27/03/2026 0:00,1479.97,1,9,South
1761,51,Female,Home,24/11/2023,24/11/2024 0:00,1474.98,4,8,East
1762,60,Female,Motor,29/05/2021,,1324.47,1,1,North
1763,22,Male,Home,04/11/2019,04/11/2021 0:00,439.16,1,10,South
1764,66,Female,Motor,19/01/2022,,552.2,1,2,South
1765,68,Female,Motor,09/02/2023,,1115.87,4,,South
1766,24,Female,Motor,03/08/2024,,386.32,1,8,North
1767,55,Female,Motor,19/02/2020,19/02/2022 0:00,1341.4,2,3,South
1768,40,Female,Motor,08/05/2020,08/05/2022 0:00,518.81,0,6,South
1769,56,Female,Motor,10/05/2020,10/05/2022 0:00,506.89,0,1,North
1770,49,Female,Home,25/10/2021,25/10/2023 0:00,701.94,0,1,West
1771,64,Female,Auto,15/01/2021,15/01/2023 0:00,1079.66,1,2,West
1772,39,Male,Auto,04/03/2022,04/03/2024 0:00,478.57,5,7,East
1773,31,Female,Home,24/10/2023,24/10/2024 0:00,910.91,3,10,West
1774,49,Female,Home,08/01/2022,08/01/2024 0:00,1264.3,5,1,West
1775,61,Male,Motor,03/08/2024,,1228.26,0,1,West
1776,62,Male,Motor,14/08/2022,14/08/2025 0:00,1341.38,3,6,North
1777,64,Female,Motor,15/01/2022,15/01/2023 0:00,1005.28,,7,West
1778,25,Male,Auto,11/04/2020,11/04/2021 0:00,1497.88,0,4,East
1779,34,Male,Home,14/07/2020,14/07/2022 0:00,1410,5,4,South
1780,44,Male,Motor,17/09/2024,,474.93,3,4,West
1781,55,Female,Motor,11/03/2020,11/03/2022 0:00,1366.82,4,2,East
1782,49,,Motor,07/02/2023,,1219.98,0,4,South
1783,46,Male,Home,09/11/2019,09/11/2022 0:00,558.54,5,9,West
1784,69,Female,Motor,19/02/2023,19/02/2024 0:00,986.03,0,4,East
1785,51,Male,Home,29/04/2023,29/04/2026 0:00,351.78,5,5,South
1786,56,Female,Auto,03/06/2023,03/06/2025 0:00,1431.97,2,2,West
1787,39,Male,Motor,31/08/2023,,1165.25,0,6,North
1788,52,Male,Motor,24/05/2020,,954.89,5,7,South
1789,63,Male,Auto,20/03/2020,20/03/2023 0:00,1314.75,1,6,West
1790,40,Female,Auto,12/04/2022,12/04/2024 0:00,1053.06,,9,East
1791,48,Female,Home,29/04/2020,29/04/2021 0:00,1372.17,0,8,West
1792,,Male,Motor,30/05/2022,30/05/2023 0:00,623.12,5,8,West
1793,51,Female,Auto,03/01/2024,03/01/2025 0:00,invalid,5,10,South
1794,68,Male,Motor,25/02/2021,,765.62,4,6,West
1795,31,Male,Motor,02/09/2022,,1427.49,3,3,West
1796,,Female,Auto,24/06/2022,24/06/2025 0:00,512.82,1,7,South
1797,20,Female,Auto,13/11/2020,13/11/2021 0:00,1260.76,1,10,West
1798,19,Male,Home,23/10/2020,23/10/2021 0:00,671.53,3,4,North
1799,33,Male,Motor,05/04/2020,05/04/2022 0:00,667.55,5,3,South
1800,26,Female,Home,05/08/2021,05/08/2024 0:00,387.39,1,1,North
1801,53,Female,Motor,16/11/2020,16/11/2022 0:00,276.41,5,4,West
1802,45,Male,Home,05/07/2024,05/07/2026 0:00,1281.56,2,3,West
1803,49,Male,Motor,02/02/2023,,841.09,5,,North
1804,51,Female,Motor,15/08/2024,15/08/2026 0:00,1126.25,5,10,North
1805,42,Male,Motor,11/06/2020,,344.82,5,9,South
1806,50,Male,Motor,16/11/2019,16/11/2022 0:00,886.8,3,8,East
1807,55,Male,Auto,28/11/2023,28/11/2025 0:00,928.65,4,10,North
1808,51,Female,Motor,22/08/2020,22/08/2021 0:00,580.14,1,10,North
1809,50,Male,Motor,25/01/2022,,1016.92,2,8,West
1810,56,Female,Auto,11/02/2020,11/02/2022 0:00,1177.09,1,2,West
1811,36,Female,Motor,07/04/2020,,532.52,0,3,South
1812,30,Female,Auto,02/08/2022,02/08/2025 0:00,819.16,2,10,North
1813,63,Female,Auto,30/08/2022,30/08/2023 0:00,705.72,2,4,North
1814,30,Male,Motor,26/04/2023,,1108.41,2,5,South
1815,20,Male,Motor,14/02/2021,,1031.98,4,2,North
1816,33,Female,Motor,08/06/2024,,889.54,2,9,South
1817,42,Female,Motor,03/05/2024,03/05/2025 0:00,1019.99,1,3,North
1818,36,Male,Auto,15/07/2022,15/07/2025 0:00,736.74,3,2,West
1819,53,,Motor,19/08/2022,19/08/2025 0:00,1336.41,1,1,North
1820,45,Male,Auto,29/07/2021,29/07/2022 0:00,1109.37,5,5,North
1821,22,Male,Auto,05/05/2023,05/05/2025 0:00,1084.05,3,4,South
1822,37,Male,Home,25/07/2020,25/07/2022 0:00,927.18,4,3,South
1823,62,Male,Motor,05/02/2022,05/02/2023 0:00,1469.2,0,5,East
1824,31,Male,Home,18/01/2021,18/01/2023 0:00,979.08,1,1,South
1825,50,Male,Motor,11/02/2023,,1285.37,,7,East
1826,50,Male,Home,17/10/2023,17/10/2024 0:00,892.81,5,3,North
1827,52,Female,Motor,09/06/2020,,473.02,2,8,East
1828,55,Female,Auto,22/06/2021,22/06/2023 0:00,749.78,1,7,West
1829,30,Male,Motor,06/04/2020,,812.74,1,4,North
1830,34,Male,Motor,03/01/2023,03/01/2024 0:00,592.94,1,2,West
1831,42,Female,Motor,17/03/2020,,1263.22,0,3,South
1832,42,Male,Motor,08/08/2022,08/08/2024 0:00,612.2,4,3,North
1833,44,Female,Auto,12/11/2021,12/11/2022 0:00,1414.13,1,,West
1834,61,Female,Auto,17/02/2021,17/02/2024 0:00,503.01,2,,East
1835,61,Female,Home,02/08/2023,02/08/2024 0:00,1058.6,3,6,East
1836,21,Female,Motor,09/12/2019,,542.84,2,9,North
1837,53,Male,Auto,05/04/2020,05/04/2023 0:00,728.74,2,7,West
1838,24,Male,Auto,27/04/2021,27/04/2024 0:00,1044.57,3,7,East
1839,46,Male,Home,28/05/2024,28/05/2026 0:00,1159.81,3,3,North
1840,32,Female,Motor,18/11/2021,,1008.82,4,7,East
1841,36,Female,Motor,10/03/2020,,1328.47,2,9,South
1842,21,Female,Home,28/04/2024,,1314.6,4,10,West
1843,61,Male,Motor,28/05/2020,,1482.22,4,5,North
1844,36,Male,Auto,31/10/2020,,529.63,2,3,South
1845,60,Female,Motor,25/10/2019,,1333.86,2,1,North
1846,28,Male,Motor,25/02/2023,,452.31,2,9,North
1847,32,Female,Motor,04/11/2021,,1151.84,1,10,West
1848,30,Male,Auto,05/03/2021,05/03/2024 0:00,528.27,2,2,East
1849,27,Female,Auto,03/07/2020,03/07/2021 0:00,1265.55,0,7,South
1850,62,Female,Auto,07/02/2020,07/02/2021 0:00,289.31,2,5,West
1851,68,Male,Motor,23/04/2020,,1327.12,2,6,East
1852,70,Male,Motor,26/07/2021,,498.16,5,7,South
1853,69,Female,Motor,05/11/2019,,270.96,1,8,South
1854,47,Male,Home,23/07/2024,23/07/2026 0:00,1214.61,3,7,East
1855,61,Female,Home,01/04/2020,01/04/2021 0:00,755.24,2,6,West
1856,63,Male,Motor,05/08/2022,05/08/2025 0:00,577.72,,1,North
1857,25,Male,Home,01/02/2021,01/02/2023 0:00,907.03,1,2,South
1858,30,Male,Auto,04/12/2023,04/12/2024 0:00,1400.62,4,5,South
1859,49,Female,Motor,18/12/2019,18/12/2021 0:00,587.33,4,4,West
1860,19,Male,Motor,09/11/2021,,440.46,4,2,North
1861,21,Male,Home,12/04/2024,12/04/2027 0:00,809.35,5,6,North
1862,57,Female,Motor,12/12/2023,12/12/2025 0:00,1344.28,3,3,East
1863,57,Female,Motor,27/09/2019,,501.46,1,10,South
1864,19,Male,Auto,02/08/2020,02/08/2022 0:00,1370.61,5,3,West
1865,48,Male,Motor,14/01/2020,,873.62,2,6,West
1866,38,Female,Home,14/10/2019,14/10/2022 0:00,512.87,3,6,East
1867,21,Female,Motor,13/01/2022,13/01/2025 0:00,695.5,3,10,South
1868,,Male,Auto,29/01/2021,29/01/2023 0:00,1082.91,1,2,West
1869,21,Female,Motor,23/02/2024,23/02/2027 0:00,1169.23,2,7,East
1870,40,Male,Home,26/07/2024,26/07/2025 0:00,1138.24,3,,East
1871,59,Female,Auto,28/04/2022,28/04/2025 0:00,641.88,5,,North
1872,48,Female,Motor,03/08/2021,,519.89,,2,North
1873,65,Male,Motor,16/06/2021,,1013.45,5,1,South
1874,60,Male,Auto,01/01/2022,01/01/2024 0:00,562.92,3,5,North
1875,66,Female,Home,19/11/2023,19/11/2025 0:00,1458.81,4,10,South
1876,26,Male,Auto,08/08/2023,08/08/2025 0:00,279.09,5,9,West
1877,43,Male,Motor,21/07/2023,21/07/2025 0:00,1220.44,2,1,North
1878,28,Female,Motor,27/07/2021,27/07/2024 0:00,262.34,4,5,North
1879,31,Male,Motor,24/09/2023,,520.14,3,4,West
1880,30,Female,Auto,01/08/2020,01/08/2023 0:00,398.99,0,3,South
1881,37,Male,Home,31/10/2022,31/10/2023 0:00,805.84,5,2,North
1882,22,Female,Auto,15/12/2020,15/12/2023 0:00,297.23,3,8,West
1883,25,Female,Motor,01/08/2021,,837.85,4,10,North
1884,38,Female,Motor,04/09/2020,,384.68,5,5,East
1885,56,Male,Motor,22/10/2020,22/10/2022 0:00,475.63,4,4,West
1886,39,Male,Home,07/10/2021,,589.98,3,3,North
1887,48,Male,Motor,18/10/2023,,1112.18,3,6,East
1888,55,Male,Home,06/07/2021,,1349.61,2,8,North
1889,28,Male,Auto,31/01/2023,31/01/2024 0:00,849.14,4,2,East
1890,35,Female,Home,09/08/2022,09/08/2023 0:00,606.62,4,3,North
1891,37,Female,Home,22/11/2022,,551.72,5,10,East
1892,57,Female,Home,11/09/2023,,625.51,,10,North
1893,19,Male,Motor,23/03/2020,,368.05,0,1,North
1894,27,Male,Home,01/05/2024,01/05/2026 0:00,656.55,2,5,West
1895,64,Male,Auto,05/10/2019,05/10/2020 0:00,799.9,1,9,North
1896,28,,Motor,22/12/2023,22/12/2026 0:00,1031.85,5,3,West
1897,20,Male,Motor,23/04/2020,23/04/2023 0:00,869.72,3,9,North
1898,20,Male,Home,27/01/2023,27/01/2024 0:00,1238.04,4,5,South
1899,27,Male,Motor,25/02/2024,25/02/2027 0:00,1133.08,1,3,South
1900,44,Male,Motor,03/12/2019,03/12/2022 0:00,312.48,4,2,North
1901,20,Female,Motor,26/04/2021,26/04/2022 0:00,664.22,3,1,South
1902,33,Male,Auto,20/06/2023,20/06/2025 0:00,1037.53,2,5,North
1903,40,Female,Home,18/08/2024,18/08/2026 0:00,679.19,0,1,West
1904,45,Male,Home,08/02/2022,,522.79,2,1,East
1905,67,Female,Home,09/03/2024,,902.28,3,7,South
1906,60,Male,Home,18/01/2023,18/01/2024 0:00,1229.1,3,5,North
1907,47,Female,Auto,07/11/2022,07/11/2025 0:00,908.63,2,1,North
1908,64,Female,Home,17/10/2021,,718.94,0,3,West
1909,52,Female,Auto,10/01/2021,10/01/2023 0:00,570.38,0,5,North
1910,39,Female,Home,10/09/2021,10/09/2023 0:00,580.02,0,2,South
1911,63,Female,Home,11/10/2020,,282.79,,2,West
1912,33,Male,Motor,11/11/2023,11/11/2024 0:00,813.59,1,5,South
1913,48,Male,Motor,22/08/2021,22/08/2024 0:00,1193.18,0,3,North
1914,55,Male,Motor,14/05/2022,14/05/2025 0:00,810.45,5,3,South
1915,42,Male,Auto,13/01/2020,13/01/2021 0:00,557.61,1,6,West
1916,28,Female,Home,14/07/2022,14/07/2023 0:00,1272.85,4,5,North
1917,25,Female,Home,10/07/2023,,1307.22,,1,South
1918,25,Male,Home,24/04/2024,,1183.95,4,6,West
1919,59,Female,Motor,21/09/2023,21/09/2026 0:00,992.54,4,4,West
1920,20,Female,Home,03/07/2022,03/07/2023 0:00,1194.14,1,9,South
1921,64,Male,Home,14/08/2020,,1103.67,5,3,South
1922,61,Male,Home,11/06/2020,,945.58,0,,West
1923,46,Male,Home,05/02/2024,05/02/2025 0:00,365.21,1,7,West
1924,,Female,Auto,25/05/2024,25/05/2026 0:00,443.16,3,5,South
1925,40,Male,Auto,03/11/2021,03/11/2024 0:00,951.84,5,3,East
1926,20,Male,Motor,03/12/2020,03/12/2021 0:00,703.7,0,5,East
1927,55,Female,Motor,20/05/2022,20/05/2024 0:00,893.53,5,8,West
1928,59,Female,Motor,17/12/2020,17/12/2023 0:00,489.6,0,1,East
1929,38,Female,Home,28/07/2024,28/07/2026 0:00,731.19,1,3,North
1930,62,Male,Motor,29/03/2020,29/03/2022 0:00,1352.02,1,8,West
1931,60,Male,Home,13/01/2024,,723.47,3,8,North
1932,42,Female,Home,22/12/2020,22/12/2022 0:00,455.48,1,9,East
1933,69,Female,Home,18/02/2024,,948.87,2,4,North
1934,64,Male,Home,02/12/2019,,314.53,2,3,East
1935,22,Female,Motor,13/01/2021,13/01/2024 0:00,1251.76,3,6,North
1936,26,Male,Home,29/01/2024,29/01/2027 0:00,1145.53,2,10,South
1937,60,Female,Home,03/08/2021,03/08/2023 0:00,502.43,5,7,West
1938,50,Male,Auto,25/07/2020,25/07/2023 0:00,1112.69,0,7,East
1939,24,Female,Motor,11/08/2022,,invalid,5,3,North
1940,33,Male,Home,30/03/2020,30/03/2023 0:00,1228.22,,8,South
1941,58,Male,Motor,18/11/2019,18/11/2022 0:00,1401.71,1,8,West
1942,21,Male,Auto,01/04/2020,01/04/2023 0:00,1318.59,1,6,North
1943,21,Female,Home,25/04/2024,,1082.64,0,6,East
1944,49,Female,Motor,03/03/2024,03/03/2027 0:00,756.94,2,2,East
1945,42,Female,Auto,16/08/2024,16/08/2026 0:00,1257.84,4,7,West
1946,53,Female,Home,29/01/2023,,1390.1,1,8,South
1947,62,Female,Home,19/02/2021,19/02/2024 0:00,462.88,2,10,West
1948,61,Male,Home,24/01/2024,,1258.64,0,7,South
1949,22,Female,Home,06/10/2022,,1443.39,1,9,West
1950,56,Male,Motor,11/07/2023,11/07/2026 0:00,1346.4,0,4,North
1951,25,Female,Auto,14/12/2021,14/12/2023 0:00,1264.9,1,9,North
1952,57,Female,Home,16/11/2023,16/11/2025 0:00,461.79,2,2,North
1953,63,Male,Auto,29/03/2020,29/03/2022 0:00,665.75,3,6,North
1954,53,Female,Home,28/06/2024,,591.41,2,8,North
1955,37,Male,Auto,23/12/2022,23/12/2023 0:00,1306.45,0,4,South
1956,22,Male,Motor,12/12/2022,12/12/2023 0:00,515.58,2,3,East
1957,30,Male,Home,21/06/2020,,905.96,4,1,East
1958,30,Male,Home,24/01/2023,24/01/2025 0:00,1419.79,4,2,North
1959,49,Female,Home,29/08/2023,29/08/2025 0:00,729.6,1,5,West
1960,41,Male,Unknown,08/12/2023,08/12/2026 0:00,invalid,2,2,South
1961,63,Female,Auto,13/12/2022,13/12/2025 0:00,1292.58,5,2,South
1962,66,Female,Auto,16/01/2024,,354.73,1,5,West
1963,34,Male,Home,11/12/2021,,415.08,3,9,West
1964,21,Male,Auto,01/06/2020,01/06/2022 0:00,997.28,2,9,North
1965,70,Male,Home,02/10/2022,,595.07,1,1,West
1966,56,Female,Auto,01/08/2021,01/08/2023 0:00,443.08,5,9,East
1967,28,Male,Auto,07/07/2023,07/07/2026 0:00,536.94,0,1,North
1968,67,Male,Home,31/03/2020,,901.12,1,6,West
1969,24,Female,Home,04/12/2019,,1037.02,2,2,North
1970,60,Female,Auto,14/07/2021,14/07/2023 0:00,invalid,0,6,East
1971,41,Male,Auto,24/07/2024,24/07/2026 0:00,490.51,0,7,South
1972,36,Male,Motor,02/09/2024,02/09/2026 0:00,924.05,0,5,West
1973,59,Male,Motor,15/11/2022,15/11/2024 0:00,900.94,4,4,South
1974,37,Male,Motor,16/02/2020,16/02/2021 0:00,931.46,5,2,West
1975,29,,Home,19/12/2019,19/12/2022 0:00,1235.26,3,6,South
1976,66,Female,Auto,13/11/2021,13/11/2023 0:00,1338.64,3,2,South
1977,41,Male,Home,24/01/2023,24/01/2024 0:00,487.88,2,8,North
1978,43,Male,Auto,11/03/2022,11/03/2025 0:00,1233.11,2,1,East
1979,51,Female,Auto,09/01/2020,09/01/2023 0:00,505.82,2,,South
1980,38,Female,Home,02/10/2021,02/10/2023 0:00,1145.85,4,3,North
1981,22,Female,Home,20/03/2020,20/03/2023 0:00,613.66,5,8,North
1982,63,,Auto,24/05/2020,24/05/2021 0:00,265.93,4,2,East
1983,21,Female,Motor,12/11/2021,12/11/2023 0:00,744.93,0,10,South
1984,30,Male,Motor,03/04/2020,03/04/2021 0:00,460.45,1,6,West
1985,68,Female,Home,19/03/2021,19/03/2024 0:00,548.92,5,6,South
1986,27,Male,Home,07/09/2021,,559.73,0,10,North
1987,52,Male,Home,25/10/2022,,1004.8,3,10,South
1988,36,Male,Home,31/08/2022,,752.86,0,8,East
1989,35,Female,Motor,05/12/2022,05/12/2023 0:00,453.49,1,7,West
1990,57,Male,Home,19/07/2023,19/07/2026 0:00,1125.31,2,9,West
1991,35,Male,Home,28/09/2022,,583.66,1,8,North
1992,18,Female,Auto,24/07/2021,24/07/2023 0:00,600.54,5,5,South
1993,56,Male,Auto,30/09/2023,30/09/2025 0:00,1413.13,4,8,East
1994,34,Male,Motor,02/08/2020,02/08/2022 0:00,805.26,1,6,West
1995,21,Male,Motor,03/08/2024,03/08/2026 0:00,1442.22,2,6,East
1996,34,Male,Auto,09/12/2020,09/12/2022 0:00,487.56,4,7,North
1997,67,Female,Auto,12/04/2023,12/04/2024 0:00,1465.67,1,5,East
1998,23,Female,Home,11/01/2022,,291.56,1,10,North
1999,,Female,Motor,06/02/2023,06/02/2025 0:00,1469.53,1,8,North
2000,,Female,Home,08/10/2020,08/10/2021 0:00,516.6,0,9,East
2001,59,Male,Home,06/04/2023,,813.95,2,1,North
2002,56,Female,Motor,22/03/2021,22/03/2023 0:00,340.32,4,10,North
2003,59,Male,Home,26/01/2023,26/01/2025 0:00,1102.14,3,3,East
2004,33,Male,Auto,10/02/2022,10/02/2023 0:00,626.12,4,9,South
2005,55,Female,Motor,27/08/2021,27/08/2022 0:00,616.39,5,5,North
2006,50,Male,Home,29/04/2024,,486.24,0,4,South
2007,56,Female,Auto,07/06/2022,07/06/2025 0:00,1151.42,3,6,North
2008,31,Male,Motor,07/05/2024,07/05/2027 0:00,1152.9,5,1,East
2009,29,Male,Home,14/12/2023,,596.98,5,10,South
2010,23,Male,Home,16/09/2020,,780.54,0,1,North
2011,22,Male,Motor,06/10/2019,06/10/2021 0:00,987.53,0,8,West
2012,49,Female,Home,21/03/2021,,1301.92,2,1,West
2013,32,Female,Home,03/07/2023,,631.74,4,4,East
2014,66,Female,Auto,27/01/2020,,1125.48,5,5,North
2015,39,Male,Auto,14/01/2021,14/01/2022 0:00,929.24,5,9,East
2016,34,Female,Auto,28/06/2023,28/06/2024 0:00,976.59,5,6,South
2017,22,Male,Home,05/03/2020,,1083.1,0,8,West
2018,36,Female,Home,09/08/2020,09/08/2023 0:00,465.56,0,8,East
2019,33,Male,Motor,13/06/2021,13/06/2024 0:00,707.16,3,10,North
2020,22,Male,Home,11/03/2022,11/03/2023 0:00,973.87,3,9,East
2021,70,Female,Home,05/07/2024,,537.18,1,4,North
2022,19,Female,Motor,22/07/2022,22/07/2024 0:00,620.15,4,9,South
2023,56,Male,Unknown,07/07/2021,07/07/2022 0:00,998.24,4,7,East
2024,25,Male,Home,23/11/2019,,835.71,2,7,West
2025,34,Female,Auto,23/08/2022,23/08/2023 0:00,525.52,1,1,North
2026,34,Female,Motor,13/12/2019,13/12/2020 0:00,689.29,4,7,North
2027,42,Female,Home,27/02/2023,,1115.08,0,6,South
2028,,Male,Home,21/05/2021,21/05/2024 0:00,784.1,5,2,East
2029,40,Male,Motor,10/08/2021,10/08/2023 0:00,266.29,5,6,West
2030,55,Male,Home,10/11/2023,,1145.39,0,8,West
2031,35,Female,Motor,15/12/2019,15/12/2022 0:00,745.92,0,1,East
2032,40,Female,Motor,24/05/2020,24/05/2023 0:00,601.27,4,8,North
2033,39,Male,Home,26/06/2023,26/06/2026 0:00,1437.54,4,8,West
2034,68,Female,Home,25/01/2021,25/01/2024 0:00,523.59,0,7,North
2035,60,Female,Home,23/07/2022,,465.15,4,10,South
2036,48,Female,Auto,03/04/2021,03/04/2022 0:00,296.75,4,10,North
2037,24,Female,Home,16/07/2023,16/07/2024 0:00,1042.22,4,10,East
2038,21,Male,Motor,11/11/2020,11/11/2021 0:00,800.09,0,9,East
2039,47,,Motor,26/01/2020,26/01/2021 0:00,1131.61,3,2,West
2040,59,Female,Auto,08/05/2020,08/05/2021 0:00,1136.81,3,7,North
2041,24,Female,Home,04/11/2021,,1114.43,1,8,North
2042,26,Female,Home,25/04/2024,,580.36,3,5,East
2043,41,Female,Home,20/11/2022,20/11/2023 0:00,1037.18,3,1,North
2044,43,Female,Auto,15/02/2020,15/02/2023 0:00,304.1,0,4,South
2045,43,Female,Home,06/01/2024,,1089.54,0,7,North
2046,29,Male,Home,21/10/2023,,1416.46,0,10,North
2047,19,Male,Home,27/08/2021,,850.76,3,4,West
2048,30,Male,Home,08/09/2023,,316.8,0,7,South
2049,45,Female,Home,14/06/2021,14/06/2022 0:00,735.57,3,3,South
2050,28,Male,Home,09/04/2022,,1075.54,4,10,West
2051,35,Female,Auto,04/05/2024,04/05/2025 0:00,1450.53,3,9,South
2052,52,Female,Home,10/02/2021,,364.54,4,2,South
2053,40,Female,Home,03/04/2021,,1164.36,4,7,East
2054,49,Female,Home,05/07/2024,05/07/2025 0:00,1167.01,2,9,South
2055,26,Female,Motor,24/12/2021,24/12/2023 0:00,1048.96,5,3,South
2056,26,Female,Auto,31/08/2024,31/08/2026 0:00,1470.19,0,1,South
2057,36,Male,Auto,06/04/2020,06/04/2021 0:00,279.8,2,7,North
2058,65,Male,Auto,07/09/2022,,873.79,4,9,North
2059,44,Male,Home,15/10/2019,,583.51,4,7,South
2060,20,Male,Home,15/04/2024,15/04/2026 0:00,1127.47,0,6,South
2061,30,Male,Motor,08/01/2022,08/01/2023 0:00,1324.58,3,9,West
2062,65,Female,Home,10/12/2020,,618.18,2,2,East
2063,67,Male,Motor,03/03/2021,03/03/2024 0:00,1163.95,3,10,North
2064,59,Male,Motor,12/10/2021,12/10/2023 0:00,851.52,3,6,East
2065,18,Female,Auto,08/02/2023,08/02/2025 0:00,1035.97,5,5,North
2066,45,Male,Auto,04/10/2021,04/10/2023 0:00,1239.49,1,7,South
2067,37,Female,Home,18/07/2022,18/07/2024 0:00,546.61,2,10,North
2068,19,Female,Home,26/05/2024,26/05/2026 0:00,743.33,3,3,North
2069,35,Male,Home,14/05/2022,,524,1,3,North
2070,20,Female,Auto,02/08/2024,02/08/2025 0:00,1268.67,5,1,South
2071,28,Female,Motor,11/01/2022,11/01/2025 0:00,905.37,1,2,North
2072,68,Female,Home,27/10/2019,27/10/2020 0:00,1405.13,4,5,West
2073,70,Male,Motor,12/04/2023,12/04/2025 0:00,1485.77,2,9,West
2074,43,Male,Auto,08/08/2020,08/08/2021 0:00,531.61,5,6,South
2075,55,Female,Auto,05/09/2020,05/09/2021 0:00,1206.87,5,6,West
2076,57,Female,Motor,04/03/2021,04/03/2023 0:00,974.89,0,3,East
2077,60,Male,Home,22/02/2021,22/02/2023 0:00,1041.46,3,3,South
2078,20,Male,Home,31/12/2023,31/12/2024 0:00,1031.54,0,8,East
2079,22,Female,Home,23/08/2022,23/08/2024 0:00,855.76,4,1,South
2080,65,Female,Home,28/09/2022,,581.35,1,10,North
2081,25,Female,Home,19/09/2023,19/09/2024 0:00,1092.9,0,3,East
2082,45,Male,Auto,13/09/2021,13/09/2024 0:00,846.73,5,9,North
2083,63,Female,Home,15/03/2020,15/03/2021 0:00,268.41,0,6,South
2084,40,Male,Auto,20/01/2023,20/01/2024 0:00,1294.44,,3,West
2085,21,Male,Motor,19/04/2022,19/04/2024 0:00,1233.07,4,5,West
2086,56,Female,Motor,27/04/2021,27/04/2023 0:00,944.09,2,4,East
2087,44,Female,Auto,05/10/2022,05/10/2023 0:00,277.64,5,5,East
2088,31,Male,Auto,14/10/2019,14/10/2021 0:00,272.6,5,6,South
2089,47,Female,Home,19/07/2022,19/07/2023 0:00,836.23,5,9,East
2090,39,Female,Motor,18/08/2020,18/08/2022 0:00,1453.16,1,2,North
2091,19,Male,Auto,18/11/2019,18/11/2022 0:00,481.6,2,4,East
2092,70,,Home,07/11/2020,07/11/2022 0:00,1243.75,3,10,South
2093,23,Male,Home,30/11/2020,,989.54,3,7,West
2094,70,Male,Auto,17/09/2020,,1050.01,3,6,North
2095,34,Male,Home,21/05/2020,,294.75,4,7,East
2096,58,Female,Home,01/02/2023,01/02/2026 0:00,751.52,4,8,South
2097,31,Female,Motor,26/09/2019,26/09/2020 0:00,632.91,1,8,South
2098,42,Female,Home,15/06/2023,15/06/2024 0:00,1109.59,2,3,West
2099,48,Female,Motor,17/12/2023,17/12/2024 0:00,1055.51,5,10,South
2100,70,Male,Home,05/03/2021,,1403.37,4,9,South
2101,25,Male,Motor,26/06/2022,26/06/2023 0:00,1463.65,4,8,West
2102,20,Female,Motor,20/08/2024,20/08/2025 0:00,365.95,2,8,West
2103,18,Male,Auto,29/12/2019,29/12/2022 0:00,443.05,5,6,South
2104,32,Female,Home,02/02/2024,,404.48,5,8,East
2105,50,Female,Home,01/04/2023,01/04/2024 0:00,1133.91,4,1,South
2106,,Female,Auto,01/01/2021,01/01/2023 0:00,1485.27,4,4,West
2107,24,Female,Auto,16/05/2020,16/05/2022 0:00,355.24,4,5,South
2108,42,Female,Home,06/02/2020,06/02/2023 0:00,627.67,5,8,South
2109,,Male,Home,05/07/2021,,invalid,4,7,West
2110,56,Male,Home,29/04/2020,,347.64,5,2,West
2111,,Male,Home,26/04/2021,,349,0,3,South
2112,42,Male,Home,16/03/2024,,941.78,5,5,East
2113,28,Female,Auto,06/02/2023,06/02/2025 0:00,1083.82,3,1,South
2114,28,Male,Home,03/01/2021,03/01/2023 0:00,783.71,5,6,West
2115,55,Female,Home,17/04/2024,17/04/2025 0:00,1268.31,0,8,West
2116,25,Male,Motor,09/04/2024,09/04/2027 0:00,1314.83,3,3,East
2117,46,Male,Home,20/05/2020,20/05/2022 0:00,1266.77,0,10,East
2118,26,Female,Auto,01/10/2022,01/10/2025 0:00,1340.78,3,6,South
2119,48,Female,Home,05/01/2020,,323.01,5,3,North
2120,52,Male,Home,03/11/2022,03/11/2023 0:00,516.31,0,4,East
2121,56,Male,Auto,28/05/2024,28/05/2026 0:00,1336.59,2,1,West
2122,40,Male,Home,18/12/2022,18/12/2024 0:00,463.94,3,8,East
2123,62,Male,Motor,16/07/2020,16/07/2022 0:00,887.54,3,6,South
2124,34,Male,Home,02/11/2019,02/11/2022 0:00,537.28,2,7,East
2125,42,Male,Motor,25/01/2022,25/01/2024 0:00,1429.07,2,6,West
2126,57,Male,Motor,05/02/2023,05/02/2026 0:00,1270.17,1,3,South
2127,21,Male,Motor,31/03/2021,31/03/2023 0:00,1408.55,1,1,North
2128,38,Female,Home,07/12/2019,,356.08,2,9,West
2129,33,Female,Home,22/08/2022,22/08/2023 0:00,250.34,5,9,East
2130,27,Female,Home,31/10/2019,,1082.66,0,1,North
2131,45,Female,Home,27/08/2024,,1236.97,3,4,South
2132,66,Female,Auto,28/05/2021,28/05/2023 0:00,518.45,0,3,East
2133,19,Female,Auto,04/05/2022,04/05/2024 0:00,1229.34,3,,East
2134,45,Male,Motor,17/02/2023,17/02/2025 0:00,428.55,5,6,North
2135,70,Female,Home,11/07/2024,11/07/2025 0:00,468.13,3,5,North
2136,57,Female,Auto,02/12/2019,02/12/2020 0:00,740.93,2,1,West
2137,61,Female,Home,15/12/2020,15/12/2022 0:00,489.66,5,5,South
2138,55,Female,Auto,23/08/2022,23/08/2023 0:00,471.68,4,8,North
2139,58,Male,Auto,18/12/2022,18/12/2025 0:00,284.04,,6,East
2140,57,Male,Home,16/12/2023,16/12/2025 0:00,384.76,2,8,South
2141,65,Female,Auto,01/04/2021,01/04/2023 0:00,1234.19,3,1,South
2142,36,,Home,12/11/2020,12/11/2022 0:00,462.14,3,9,West
2143,36,Male,Motor,22/05/2020,22/05/2021 0:00,1420.83,,2,East
2144,45,Male,Auto,19/02/2020,19/02/2022 0:00,1089.97,3,1,North
2145,69,Female,Motor,06/06/2022,06/06/2024 0:00,1005.01,1,8,North
2146,31,Male,Home,04/07/2021,04/07/2023 0:00,475.33,2,2,East
2147,18,Female,Auto,17/03/2021,17/03/2024 0:00,393.98,4,10,North
2148,40,Male,Home,12/11/2023,12/11/2024 0:00,342.58,5,8,East
2149,18,Male,Motor,22/09/2022,22/09/2025 0:00,1028.03,1,2,South
2150,49,Male,Home,13/11/2023,13/11/2026 0:00,421.02,4,4,South
2151,24,Male,Home,03/12/2022,03/12/2025 0:00,1344.81,3,3,East
2152,20,Female,Motor,14/04/2020,14/04/2023 0:00,367.52,0,3,South
2153,40,Female,Home,04/03/2024,,306.78,5,,East
2154,23,Male,Motor,29/11/2022,29/11/2025 0:00,1302.53,3,10,West
2155,41,Female,Auto,27/01/2024,27/01/2026 0:00,827.86,3,8,East
2156,35,Female,Home,30/06/2021,,622.59,4,8,South
2157,70,Female,Motor,31/03/2024,31/03/2025 0:00,1261.85,1,10,South
2158,29,Male,Auto,08/07/2023,08/07/2024 0:00,743.73,5,,West
2159,56,,Home,08/07/2023,08/07/2025 0:00,499.27,3,4,North
2160,29,Female,Home,04/07/2022,04/07/2025 0:00,1406.21,4,5,East
2161,32,Female,Home,23/07/2020,23/07/2023 0:00,955.6,1,1,North
2162,60,Female,Home,19/03/2023,,410.13,3,3,North
2163,35,Female,Auto,24/09/2022,24/09/2023 0:00,649.8,4,6,North
2164,29,Male,Motor,01/07/2023,01/07/2025 0:00,950.48,4,3,North
2165,47,Female,Home,13/02/2022,13/02/2023 0:00,1452.96,0,6,West
2166,67,Male,Auto,01/10/2020,01/10/2021 0:00,1277.95,5,7,South
2167,,Male,Motor,13/11/2023,13/11/2024 0:00,835.56,1,9,West
2168,18,Male,Motor,12/01/2020,12/01/2023 0:00,959.46,0,6,South
2169,57,Male,Auto,02/07/2020,02/07/2022 0:00,1159.31,2,10,West
2170,39,Female,Motor,08/06/2023,08/06/2025 0:00,1259.86,5,6,South
2171,31,Male,Motor,16/06/2023,16/06/2025 0:00,316.7,2,6,North
2172,39,Female,Home,24/12/2023,,1229.17,4,1,West
2173,46,Female,Home,19/04/2021,,474.77,0,7,West
2174,61,Female,Auto,01/03/2022,01/03/2025 0:00,327.64,2,3,East
2175,23,Female,Home,16/03/2021,,invalid,3,9,East
2176,20,Female,Home,06/11/2021,,768.92,4,7,North
2177,55,Male,Auto,27/12/2023,,1265.71,0,6,West
2178,33,Female,Auto,07/01/2024,07/01/2025 0:00,850.88,5,1,South
2179,52,Female,Auto,29/10/2022,29/10/2023 0:00,815.74,0,9,West
2180,34,Male,Motor,16/11/2020,,930.91,5,9,West
2181,40,Female,Home,07/01/2023,07/01/2025 0:00,1206.01,3,8,North
2182,57,Male,Home,23/01/2022,,704.88,3,3,North
2183,56,Female,Home,12/06/2020,12/06/2023 0:00,1479.03,3,5,West
2184,38,Female,Motor,17/12/2022,17/12/2023 0:00,797.17,2,2,East
2185,35,Female,Motor,12/11/2022,12/11/2023 0:00,1251.27,5,7,North
2186,49,Male,Motor,21/06/2021,21/06/2024 0:00,892.06,4,4,North
2187,47,Female,Home,30/01/2020,30/01/2021 0:00,1167.88,4,1,East
2188,25,Female,Home,27/04/2020,,1139.24,3,1,East
2189,48,Female,Home,22/02/2020,22/02/2023 0:00,694.98,3,1,South
2190,37,Male,Home,13/06/2024,,328.13,2,10,North
2191,47,Female,Home,28/03/2020,,548.61,4,2,North
2192,24,Male,Home,09/12/2023,,628.42,2,1,North
2193,68,Male,Motor,14/01/2020,14/01/2022 0:00,379.71,0,7,South
2194,48,Male,Home,01/11/2019,,330.95,0,8,South
2195,38,Female,Home,29/07/2022,,1167.58,0,8,South
2196,68,Female,Auto,02/04/2022,02/04/2023 0:00,1143.12,0,3,North
2197,46,Female,Home,19/10/2019,19/10/2021 0:00,257.41,2,9,North
2198,32,Female,Home,02/03/2023,,701.15,5,10,West
2199,40,Male,Auto,13/03/2020,13/03/2023 0:00,1078.33,1,5,South
2200,23,Female,Home,12/12/2023,12/12/2026 0:00,687.97,1,1,East
2201,69,Male,Motor,15/06/2024,15/06/2026 0:00,729.85,2,5,East
2202,21,Female,Home,06/09/2021,,588.8,1,10,South
2203,67,Female,Auto,25/02/2024,25/02/2025 0:00,803.68,3,8,North
2204,27,Male,Home,08/11/2021,08/11/2024 0:00,472.35,1,8,East
2205,29,Female,Motor,08/02/2021,08/02/2022 0:00,1446.18,0,1,East
2206,57,Female,Home,22/02/2020,22/02/2022 0:00,1397.7,,8,East
2207,28,Male,Auto,13/02/2021,13/02/2022 0:00,1333.06,0,10,South
2208,31,Male,Auto,02/12/2020,02/12/2021 0:00,423.32,1,1,West
2209,24,Female,Auto,31/12/2020,31/12/2022 0:00,766.44,4,1,South
2210,27,Female,Motor,07/04/2020,07/04/2021 0:00,1213.59,5,4,South
2211,29,Male,Home,29/12/2021,29/12/2023 0:00,1055.23,1,3,North
2212,38,Female,Home,06/07/2022,06/07/2024 0:00,807.16,4,8,South
2213,52,Female,Home,11/03/2022,11/03/2023 0:00,769.12,,2,North
2214,25,Male,Auto,11/05/2021,11/05/2022 0:00,1061.45,3,1,North
2215,56,Female,Auto,18/06/2021,18/06/2023 0:00,340.17,3,1,West
2216,49,Male,Auto,15/07/2024,15/07/2026 0:00,548.52,3,7,East
2217,48,Female,Motor,10/01/2021,10/01/2022 0:00,893.7,5,6,South
2218,19,Female,Auto,25/01/2021,25/01/2024 0:00,689.14,1,5,South
2219,50,Female,Motor,16/10/2022,16/10/2023 0:00,1148.4,0,7,West
2220,45,Male,Auto,07/11/2021,07/11/2023 0:00,1067.42,0,7,North
2221,46,Female,Motor,20/05/2023,20/05/2025 0:00,574.19,2,10,East
2222,41,Male,Motor,19/01/2020,19/01/2023 0:00,416.17,1,9,East
2223,23,Female,Motor,30/07/2020,30/07/2021 0:00,1125.63,0,3,East
2224,53,Female,Auto,17/11/2019,17/11/2021 0:00,1361.21,2,1,West
2225,30,Female,Home,30/12/2019,,301.18,5,3,South
2226,35,Male,Motor,27/07/2023,27/07/2026 0:00,1490.71,0,7,West
2227,18,Male,Motor,18/02/2023,18/02/2025 0:00,741.8,3,2,South
2228,29,Female,Home,11/09/2020,11/09/2023 0:00,1218.33,5,8,North
2229,40,Male,Home,24/02/2021,24/02/2024 0:00,509.14,2,10,North
2230,23,Female,Auto,17/11/2019,17/11/2022 0:00,1347.88,0,4,North
2231,51,Female,Auto,21/10/2021,21/10/2022 0:00,379.37,4,2,North
2232,46,Male,Motor,09/08/2023,09/08/2024 0:00,1476.46,1,7,South
2233,57,Female,Motor,18/01/2021,18/01/2024 0:00,934.49,4,10,North
2234,,Female,Motor,24/10/2020,24/10/2021 0:00,306.85,5,9,West
2235,25,Male,Auto,08/08/2023,08/08/2025 0:00,906.71,4,10,East
2236,49,Female,Auto,08/10/2022,08/10/2025 0:00,1096.53,1,4,East
2237,34,Female,Home,22/12/2022,,430,4,1,South
2238,56,Male,Home,17/11/2021,17/11/2024 0:00,713.57,1,6,North
2239,21,Male,Home,20/09/2024,,699.15,5,9,East
2240,,Female,Motor,07/06/2024,07/06/2026 0:00,1431.36,4,7,North
2241,21,Male,Motor,16/07/2020,,1481.89,4,6,South
2242,65,Male,Auto,01/01/2023,01/01/2024 0:00,294.32,3,5,South
2243,26,Female,Home,15/07/2023,,1349.09,1,9,East
2244,45,Female,Home,07/10/2021,07/10/2024 0:00,1334.83,0,7,South
2245,70,Female,Motor,08/12/2020,08/12/2022 0:00,347.12,4,7,East
2246,55,Male,Auto,02/09/2023,02/09/2026 0:00,882.92,0,6,South
2247,,Female,Auto,23/02/2020,23/02/2022 0:00,714.36,0,3,South
2248,44,Female,Auto,27/04/2021,27/04/2022 0:00,1239.14,5,9,North
2249,33,Female,Home,18/02/2020,,952.33,1,1,North
2250,66,Male,Motor,28/03/2024,28/03/2026 0:00,445.24,2,10,West
2251,60,Female,Home,13/05/2020,13/05/2022 0:00,266.55,0,6,South
2252,33,Male,Home,31/03/2024,31/03/2025 0:00,505.77,3,2,South
2253,58,Male,Motor,03/11/2021,03/11/2023 0:00,1297.64,0,5,West
2254,31,Female,Auto,24/04/2020,24/04/2021 0:00,977.18,5,10,North
2255,55,Male,Home,16/06/2022,,1183.74,0,1,East
2256,50,Male,Home,17/05/2020,17/05/2022 0:00,947.17,5,4,West
2257,64,Male,Motor,05/02/2020,05/02/2021 0:00,591.47,5,7,South
2258,35,Female,Motor,24/08/2021,24/08/2022 0:00,921.08,0,6,West
2259,70,Male,Motor,20/03/2020,,1316.85,,6,West
2260,56,Female,Home,30/09/2023,,615.45,1,2,East
2261,70,Female,Auto,02/11/2021,02/11/2022 0:00,1204.18,4,1,West
2262,57,Male,Home,29/06/2023,,635.98,2,8,North
2263,57,Female,Auto,09/07/2020,09/07/2022 0:00,1266.23,5,8,North
2264,60,Female,Auto,29/10/2020,29/10/2023 0:00,1027.68,3,2,West
2265,31,Female,Home,10/04/2023,10/04/2026 0:00,635.5,4,3,West
2266,25,Female,Motor,29/07/2023,29/07/2025 0:00,665.42,5,9,South
2267,67,Female,Motor,20/10/2019,20/10/2020 0:00,513.2,3,8,East
2268,61,Male,Home,06/06/2024,,763.94,4,6,North
2269,20,Female,Auto,19/01/2023,19/01/2024 0:00,706.5,3,5,North
2270,20,Female,Motor,28/02/2021,28/02/2023 0:00,981.8,3,7,West
2271,23,Female,Home,30/06/2021,,788.03,3,9,East
2272,45,Female,Home,10/11/2023,,1200.45,1,3,West
2273,25,Female,Home,26/12/2022,26/12/2023 0:00,581.86,3,10,South
2274,68,Male,Home,16/02/2023,16/02/2025 0:00,994.52,1,10,West
2275,22,Male,Auto,12/01/2020,12/01/2022 0:00,1205.94,5,9,East
2276,21,Male,Auto,15/04/2021,15/04/2023 0:00,821.41,4,8,South
2277,55,Female,Auto,09/10/2020,09/10/2023 0:00,701.91,2,5,North
2278,34,Male,Auto,18/09/2021,18/09/2022 0:00,405.64,3,10,East
2279,69,Female,Home,20/05/2020,20/05/2021 0:00,1374.16,1,6,East
2280,52,Male,Home,23/12/2021,23/12/2022 0:00,434.48,3,7,East
2281,29,Female,Home,23/09/2019,,398.38,3,7,East
2282,47,Female,Auto,17/02/2023,17/02/2026 0:00,610.33,4,7,South
2283,54,Female,Home,03/05/2020,,733.91,4,10,West
2284,66,Male,Home,24/11/2023,24/11/2026 0:00,764.37,0,7,North
2285,61,Male,Home,03/03/2020,,1346.45,0,4,North
2286,32,Female,Home,27/07/2021,27/07/2024 0:00,1146.01,3,5,South
2287,20,Male,Home,03/11/2023,03/11/2024 0:00,856.33,0,4,North
2288,31,Female,Home,12/09/2024,12/09/2026 0:00,650.03,4,2,North
2289,69,Female,Home,31/12/2021,31/12/2024 0:00,502.98,2,8,East
2290,21,Female,Motor,03/02/2021,03/02/2024 0:00,325.6,0,7,North
2291,25,Male,Motor,25/06/2024,25/06/2027 0:00,789.7,,4,East
2292,47,Female,Home,14/11/2022,,933.66,5,5,South
2293,41,Male,Auto,13/04/2023,13/04/2025 0:00,1095.71,4,10,South
2294,23,Female,Home,15/06/2023,,646.99,2,3,North
2295,64,Male,Home,23/08/2022,23/08/2025 0:00,1062.37,4,8,East
2296,57,Male,Home,14/12/2019,14/12/2021 0:00,751.73,3,6,West
2297,31,Male,Home,26/09/2022,26/09/2025 0:00,892.01,5,2,North
2298,33,Male,Home,05/02/2020,,1170.09,0,4,North
2299,35,Male,Motor,14/08/2023,14/08/2024 0:00,648.16,2,3,South
2300,48,Male,Home,12/11/2020,,1054.07,2,7,West
2301,57,Female,Auto,08/11/2023,08/11/2024 0:00,978.64,2,6,West
2302,32,Male,Motor,31/01/2024,31/01/2025 0:00,316.19,4,1,South
2303,64,Male,Motor,25/02/2020,25/02/2021 0:00,1044.92,5,10,North
2304,65,Male,Unknown,04/07/2023,04/07/2025 0:00,1297.62,2,4,West
2305,60,Female,Home,24/06/2024,24/06/2025 0:00,1340.45,1,2,East
2306,44,Female,Auto,11/05/2023,11/05/2024 0:00,536.99,1,3,North
2307,37,Male,Motor,01/11/2021,01/11/2022 0:00,1324.85,1,4,North
2308,44,Female,Home,21/03/2020,,876.43,4,1,North
2309,33,Female,Home,10/06/2024,10/06/2027 0:00,1424.58,5,7,North
2310,40,Female,Home,23/02/2020,23/02/2021 0:00,1446.94,1,6,South
2311,32,Female,Auto,08/10/2021,08/10/2023 0:00,727.37,5,8,West
2312,46,Male,Home,31/08/2022,,1268.04,1,5,North
2313,55,Male,Home,08/02/2024,08/02/2027 0:00,459.82,4,6,North
2314,27,Female,Auto,05/01/2023,05/01/2025 0:00,369.16,4,2,West
2315,18,Male,Auto,22/10/2020,22/10/2022 0:00,467,5,8,North
2316,26,Male,Home,17/04/2020,17/04/2022 0:00,349.89,5,7,East
2317,51,Female,Home,01/10/2021,,867.24,3,1,North
2318,22,Female,Auto,01/03/2021,01/03/2024 0:00,296.05,4,9,South
2319,41,Female,Home,06/01/2024,06/01/2025 0:00,460.96,3,10,South
2320,27,Female,Auto,07/06/2022,07/06/2025 0:00,1413.42,3,9,East
2321,19,Female,Home,17/11/2021,17/11/2022 0:00,857.61,5,4,East
2322,31,Female,Home,20/05/2024,20/05/2025 0:00,1313.1,5,4,East
2323,56,Male,Motor,09/06/2022,09/06/2024 0:00,1117.98,4,9,East
2324,46,Female,Home,25/11/2021,25/11/2024 0:00,336.94,4,3,West
2325,57,Male,Home,21/07/2021,21/07/2023 0:00,962.76,0,1,North
2326,20,Male,Home,21/05/2024,,1121.49,2,4,West
2327,61,Female,Auto,19/08/2023,19/08/2026 0:00,1320.14,3,6,West
2328,60,Female,Auto,24/12/2020,24/12/2021 0:00,674.02,1,6,West
2329,55,Male,Auto,15/05/2023,15/05/2024 0:00,392.37,2,10,South
2330,31,Male,Auto,09/10/2023,09/10/2024 0:00,821.52,2,5,North
2331,31,Male,Motor,19/12/2019,19/12/2020 0:00,775.69,2,5,North
2332,70,Male,Auto,14/08/2023,14/08/2025 0:00,1025.87,1,7,North
2333,62,Male,Auto,03/12/2021,03/12/2024 0:00,605.16,5,9,East
2334,59,Female,Home,24/01/2024,,1205.32,3,10,North
2335,32,Male,Home,14/02/2021,,962.36,1,8,North
2336,25,Male,Auto,06/02/2020,06/02/2021 0:00,303.56,2,6,South
2337,30,Female,Auto,13/08/2023,13/08/2026 0:00,537.91,0,2,East
2338,52,Female,Auto,08/11/2020,08/11/2022 0:00,475.71,3,6,East
2339,67,Male,Home,26/07/2023,26/07/2024 0:00,1327.38,4,3,East
2340,25,Female,Home,01/09/2023,,1198.72,2,6,South
2341,25,Female,Auto,07/07/2020,07/07/2021 0:00,990.21,4,6,North
2342,55,Female,Auto,28/05/2024,28/05/2026 0:00,797.15,3,5,West
2343,54,Female,Home,28/05/2024,,276.32,5,7,East
2344,18,,Home,17/10/2019,17/10/2021 0:00,476.94,1,2,North
2345,19,Female,Auto,05/11/2023,05/11/2024 0:00,735.36,2,1,South
2346,50,Male,Home,05/09/2022,,384.75,2,3,South
2347,45,Male,Motor,21/02/2020,21/02/2021 0:00,920.45,5,4,North
2348,66,Female,Auto,05/08/2022,05/08/2023 0:00,1134.19,5,5,South
2349,64,Female,Home,09/07/2022,,455.65,2,8,South
2350,68,Male,Auto,05/05/2024,05/05/2025 0:00,728.16,0,8,North
2351,40,Female,Auto,06/04/2023,06/04/2026 0:00,337.15,1,6,West
2352,33,Female,Home,03/09/2024,03/09/2026 0:00,1117.7,5,3,West
2353,40,Female,Auto,27/12/2020,27/12/2023 0:00,354.18,5,9,East
2354,46,Female,Auto,22/07/2022,22/07/2023 0:00,389.5,3,1,West
2355,62,Female,Auto,16/12/2019,16/12/2020 0:00,313.98,4,2,West
2356,52,Male,Home,06/10/2022,,756.53,5,,West
2357,61,Male,Home,14/08/2020,14/08/2022 0:00,754.22,0,6,East
2358,50,Female,Home,14/11/2022,14/11/2025 0:00,896.05,3,7,South
2359,23,Male,Home,21/05/2020,21/05/2021 0:00,953,5,3,North
2360,60,Female,Auto,03/07/2024,03/07/2027 0:00,628.35,1,8,East
2361,62,Male,Motor,18/09/2020,18/09/2022 0:00,1026.95,1,6,North
2362,46,Female,Home,26/07/2024,,895.78,2,9,East
2363,48,Male,Motor,27/09/2020,27/09/2021 0:00,972.19,2,4,North
2364,65,Male,Auto,04/03/2024,,271.86,2,1,North
2365,43,Female,Auto,20/04/2021,20/04/2023 0:00,607.69,5,3,North
2366,58,Male,Home,11/01/2023,11/01/2026 0:00,592.49,0,7,West
2367,50,Female,Home,11/04/2024,11/04/2027 0:00,464.41,3,5,North
2368,64,Female,Home,03/12/2023,03/12/2025 0:00,377.31,2,7,West
2369,54,Female,Home,20/04/2023,20/04/2024 0:00,1287.63,3,7,South
2370,48,Female,Auto,21/05/2022,21/05/2024 0:00,344.72,5,5,West
2371,34,Female,Motor,17/07/2022,17/07/2025 0:00,1127.82,4,6,East
2372,18,Female,Home,28/07/2020,28/07/2022 0:00,1346.36,1,4,East
2373,41,Male,Motor,20/10/2023,20/10/2026 0:00,1368.75,5,5,South
2374,56,Female,Motor,04/08/2023,04/08/2025 0:00,1471.43,5,6,South
2375,56,Female,Home,23/04/2023,23/04/2026 0:00,703.12,2,6,West
2376,48,Female,Motor,17/06/2022,17/06/2024 0:00,735.08,3,10,North
2377,41,Female,Home,06/01/2022,06/01/2023 0:00,252.76,1,10,West
2378,27,Female,Home,17/08/2021,,1149.15,1,7,East
2379,62,Female,Motor,03/03/2022,03/03/2024 0:00,606.15,,7,South
2380,54,Female,Motor,28/09/2021,28/09/2023 0:00,1415.88,5,10,South
2381,70,Male,Auto,12/01/2020,,1284.28,4,1,South
2382,70,Male,Motor,29/11/2020,29/11/2023 0:00,360.62,4,3,North
2383,66,Male,Motor,11/04/2024,11/04/2025 0:00,1254.66,1,5,East
2384,37,Male,Home,29/02/2020,,1215.15,3,,South
2385,51,Male,Home,24/09/2023,24/09/2024 0:00,428.35,4,10,South
2386,64,Male,Home,12/08/2023,12/08/2026 0:00,312.48,0,10,South
2387,23,Male,Home,22/07/2021,22/07/2022 0:00,825.01,2,3,East
2388,53,Female,Motor,17/09/2021,17/09/2024 0:00,332.64,1,6,North
2389,34,Male,Motor,11/11/2021,,260.76,4,7,North
2390,52,Female,Home,28/01/2023,28/01/2026 0:00,1360.72,4,6,South
2391,27,Female,Auto,11/12/2019,11/12/2020 0:00,1402.02,2,10,West
2392,55,Female,Home,12/05/2021,12/05/2024 0:00,786.97,1,5,West
2393,26,Female,Motor,26/10/2020,26/10/2022 0:00,746.33,3,8,East
2394,56,Female,Home,16/07/2023,16/07/2024 0:00,281.77,5,10,South
2395,53,Male,Home,15/08/2024,15/08/2026 0:00,947.22,1,1,North
2396,21,Female,Home,17/02/2024,17/02/2027 0:00,1092.06,0,,East
2397,48,Female,Motor,28/02/2024,28/02/2026 0:00,733.22,4,7,East
2398,40,Male,Home,04/06/2022,,784.8,3,9,South
2399,32,Male,Motor,28/09/2020,28/09/2023 0:00,909.01,0,7,East
2400,23,Female,Home,05/12/2021,,1042.78,5,6,West
2401,62,Female,Home,05/04/2021,05/04/2023 0:00,1020.49,1,9,West
2402,18,Male,Motor,12/11/2022,12/11/2023 0:00,591.23,0,8,South
2403,48,Female,Home,06/12/2022,06/12/2025 0:00,400.84,3,5,West
2404,59,Female,Motor,28/11/2020,28/11/2023 0:00,1316.62,2,1,South
2405,67,Male,Motor,07/09/2022,07/09/2023 0:00,1039.98,1,8,North
2406,33,Male,Motor,13/01/2021,,500.06,1,1,South
2407,33,,Home,04/09/2020,04/09/2022 0:00,1068.19,2,8,North
2408,35,Female,Motor,23/12/2022,23/12/2024 0:00,267.81,5,2,East
2409,29,Female,Home,05/01/2023,05/01/2024 0:00,1342.16,0,2,South
2410,21,Female,Home,22/02/2020,,1320.37,1,8,South
2411,42,Female,Motor,05/06/2024,05/06/2027 0:00,944.28,0,1,South
2412,62,Female,Home,14/10/2020,14/10/2021 0:00,754.98,1,,East
2413,69,Female,Home,18/09/2020,,1047.14,3,1,South
2414,37,Female,Home,09/09/2020,,1465.71,1,3,West
2415,57,Male,Motor,27/07/2021,27/07/2022 0:00,551.79,2,10,West
2416,59,Female,Motor,18/06/2021,,1010.69,5,2,North
2417,38,Male,Motor,04/02/2020,04/02/2021 0:00,359.3,4,8,North
2418,36,Male,Home,10/12/2022,10/12/2023 0:00,1436.25,4,5,West
2419,65,Male,Home,07/09/2022,07/09/2025 0:00,868.21,5,7,North
2420,66,Male,Motor,17/03/2023,17/03/2024 0:00,1244.05,3,5,South
2421,63,Male,Home,07/09/2020,,1420.33,2,8,West
2422,53,Female,Home,04/06/2023,,376.41,3,5,West
2423,20,Male,Motor,11/01/2021,11/01/2022 0:00,1485.06,4,4,North
2424,23,Male,Home,25/07/2021,,1198.4,1,5,North
2425,69,Male,Auto,03/07/2021,03/07/2022 0:00,1047.89,0,7,South
2426,26,,Home,11/09/2021,,400.19,2,10,South
2427,30,Male,Home,21/07/2021,21/07/2024 0:00,1121.02,1,1,East
2428,59,Female,Auto,06/10/2023,06/10/2026 0:00,1457.49,5,5,South
2429,34,Female,Motor,23/12/2019,23/12/2022 0:00,invalid,3,7,East
2430,33,Male,Motor,09/09/2021,09/09/2024 0:00,614.63,1,6,West
2431,23,Female,Home,18/08/2020,18/08/2021 0:00,1321.62,5,2,South
2432,38,Male,Motor,26/01/2020,26/01/2022 0:00,505.75,0,9,West
2433,70,Male,Auto,23/08/2023,23/08/2026 0:00,261.62,2,8,South
2434,37,Female,Home,11/01/2024,11/01/2026 0:00,1432.55,2,1,East
2435,36,Male,Auto,11/07/2022,11/07/2025 0:00,713.53,5,4,South
2436,58,Female,Home,17/06/2021,17/06/2023 0:00,1312.55,,9,South
2437,22,Male,Home,11/04/2020,11/04/2022 0:00,1457.39,4,8,West
2438,29,Female,Auto,18/01/2023,18/01/2025 0:00,316.52,2,4,North
2439,45,Female,Auto,03/12/2019,03/12/2022 0:00,468.02,,10,South
2440,66,Male,Home,21/12/2019,,1027.56,0,1,West
2441,32,Female,Home,13/12/2020,13/12/2022 0:00,1337.91,4,8,South
2442,35,Female,Auto,08/06/2022,08/06/2023 0:00,1388.56,3,4,East
2443,68,Female,Motor,27/03/2021,27/03/2024 0:00,309.87,3,4,South
2444,26,Male,Home,23/07/2023,,390.77,1,2,South
2445,23,Female,Home,16/06/2022,,518.78,1,5,North
2446,46,Female,Home,25/12/2022,,731.97,1,10,North
2447,67,Male,Home,18/02/2022,18/02/2025 0:00,1003.91,3,7,East
2448,25,Female,Home,31/10/2020,31/10/2022 0:00,817.1,2,5,West
2449,42,Male,Home,16/10/2022,16/10/2024 0:00,969.96,3,2,North
2450,64,Female,Motor,27/07/2020,27/07/2022 0:00,317.25,0,5,West
2451,61,Female,Motor,07/07/2022,07/07/2025 0:00,1129.79,4,1,North
2452,37,Female,Motor,18/03/2021,18/03/2022 0:00,496.02,5,2,North
2453,34,Male,Home,28/10/2020,28/10/2023 0:00,1170.42,3,4,East
2454,36,Male,Motor,15/09/2021,15/09/2024 0:00,296.17,,3,East
2455,41,Female,Home,06/05/2023,,531.47,3,5,East
2456,55,Female,Home,30/09/2022,,328.1,1,2,South
2457,46,Male,Auto,26/03/2020,26/03/2021 0:00,967.05,1,9,East
2458,47,Female,Auto,29/12/2021,29/12/2024 0:00,1092.34,2,3,East
2459,43,Male,Motor,08/02/2022,08/02/2024 0:00,470.81,2,9,East
2460,40,Female,Auto,28/11/2020,28/11/2022 0:00,1487.63,3,1,South
2461,40,Male,Home,05/03/2023,05/03/2024 0:00,518.41,0,3,South
2462,50,Female,Home,25/09/2019,25/09/2022 0:00,689.35,5,5,West
2463,66,Male,Motor,03/09/2023,03/09/2025 0:00,1391.49,4,3,West
2464,42,Male,Auto,26/04/2020,26/04/2023 0:00,1220.79,4,4,North
2465,33,Male,Home,05/12/2023,,1092.81,4,10,East
2466,64,Male,Motor,17/03/2023,17/03/2024 0:00,571.53,0,5,East
2467,59,Female,Auto,11/04/2022,11/04/2023 0:00,432.77,2,7,South
2468,29,Female,Motor,14/08/2024,14/08/2025 0:00,471.21,2,4,West
2469,69,,Motor,18/12/2022,18/12/2023 0:00,575,1,10,North
2470,41,Male,Motor,24/07/2020,24/07/2022 0:00,1018.21,4,7,South
2471,,Male,Home,27/04/2024,27/04/2026 0:00,1085.14,5,4,East
2472,21,Female,Auto,09/06/2022,09/06/2024 0:00,267.07,5,10,North
2473,59,Female,Home,08/02/2022,,1061.1,2,7,South
2474,32,Female,Home,13/12/2019,13/12/2021 0:00,665.41,1,7,West
2475,25,Female,Home,23/05/2024,23/05/2027 0:00,850.38,3,8,West
2476,44,Male,Home,04/06/2020,04/06/2023 0:00,1130.2,1,7,North
2477,53,Male,Motor,28/01/2024,28/01/2026 0:00,938.06,0,10,South
2478,,Female,Auto,28/02/2021,28/02/2023 0:00,655.8,,2,East
2479,69,Male,Motor,26/07/2020,26/07/2023 0:00,1462.04,1,2,North
2480,66,Female,Home,06/05/2020,,1433.05,2,6,North
2481,40,Female,Home,09/10/2021,09/10/2024 0:00,723.1,3,7,West
2482,42,Male,Unknown,11/08/2022,11/08/2024 0:00,1065.21,1,1,East
2483,58,Female,Home,18/01/2020,,580.57,5,1,West
2484,37,Female,Motor,24/02/2021,24/02/2023 0:00,442.4,3,10,West
2485,53,Male,Auto,30/10/2022,30/10/2025 0:00,1431.7,4,10,East
2486,,Female,Home,16/05/2021,,876.17,2,4,West
2487,49,Male,Auto,03/10/2019,03/10/2021 0:00,832.92,2,9,South
2488,53,Female,Home,01/11/2020,,586.73,,4,South
2489,22,Male,Home,15/10/2019,,775.61,2,3,South
2490,57,Male,Home,14/04/2022,,703.72,4,8,South
2491,,Female,Home,17/03/2022,17/03/2023 0:00,389.46,3,7,West
2492,46,Female,Home,18/07/2024,18/07/2027 0:00,282.89,3,1,East
2493,61,Male,Home,13/02/2022,13/02/2024 0:00,1101.69,4,6,West
2494,27,Female,Motor,19/12/2021,19/12/2024 0:00,1331.89,1,10,East
2495,60,Female,Home,15/06/2020,,676.16,4,2,South
2496,68,Male,Motor,08/12/2021,08/12/2024 0:00,1196.76,3,9,North
2497,25,Female,Home,16/11/2021,,547.86,1,3,East
2498,33,Male,Motor,05/11/2020,05/11/2021 0:00,invalid,2,9,West
2499,52,Female,Home,21/03/2023,,1486.52,5,7,South
2500,67,Female,Home,25/06/2021,25/06/2022 0:00,1279.83,4,9,East
2501,57,Female,Home,19/05/2021,19/05/2024 0:00,888.18,0,6,South
2502,30,,Auto,03/10/2023,03/10/2025 0:00,869,1,2,West
2503,23,Male,Auto,24/02/2023,24/02/2026 0:00,1247.57,4,6,South
2504,31,Male,Auto,14/06/2020,,766.86,5,2,West
2505,36,Female,Auto,28/11/2022,28/11/2025 0:00,401.91,2,5,East
2506,43,Male,Motor,09/12/2023,09/12/2024 0:00,601.05,0,2,North
2507,54,Male,Motor,26/05/2020,26/05/2023 0:00,785.4,1,6,South
2508,55,Female,Home,01/12/2020,01/12/2022 0:00,1400.03,1,1,West
2509,26,Female,Motor,15/06/2021,15/06/2022 0:00,664.76,0,2,South
2510,18,Male,Home,10/11/2021,10/11/2024 0:00,662.07,0,,East
2511,27,Female,Home,19/06/2023,19/06/2024 0:00,1318.01,0,9,South
2512,37,Male,Motor,12/05/2024,12/05/2025 0:00,1481.68,,9,North
2513,31,Male,Home,14/04/2021,14/04/2022 0:00,389.85,1,2,South
2514,23,Female,Motor,26/05/2024,,589.9,1,4,South
2515,34,Male,Motor,02/05/2020,02/05/2022 0:00,333.11,1,7,South
2516,48,Female,Auto,05/09/2022,,766.62,1,1,West
2517,33,Female,Home,10/03/2020,,440.01,2,2,South
2518,65,Male,Motor,29/11/2019,29/11/2020 0:00,821.54,4,5,West
2519,32,Male,Home,08/05/2023,08/05/2025 0:00,1219.75,3,9,South
2520,43,Male,Auto,11/06/2020,11/06/2023 0:00,518.7,4,4,South
2521,26,Male,Home,13/05/2021,,523.64,3,3,South
2522,52,Male,Motor,08/07/2020,08/07/2021 0:00,558.69,1,2,South
2523,62,Female,Motor,29/10/2021,29/10/2022 0:00,537.58,1,4,West
2524,35,Male,Auto,02/07/2021,02/07/2023 0:00,535.86,5,9,South
2525,48,Female,Home,03/04/2021,,724.18,4,3,East
2526,70,Male,Home,07/12/2020,,937.38,5,2,South
2527,24,Female,Auto,21/03/2022,21/03/2024 0:00,1220.72,3,3,West
2528,44,Female,Home,31/03/2024,,1480.35,2,5,East
2529,,Female,Home,29/12/2021,29/12/2022 0:00,1424.1,0,4,East
2530,31,Male,Auto,01/11/2019,01/11/2020 0:00,1197.42,,3,West
2531,34,Female,Auto,24/05/2023,24/05/2024 0:00,473.72,3,10,East
2532,39,Female,Motor,27/09/2021,27/09/2024 0:00,1306.79,4,2,North
2533,40,Male,Auto,20/12/2022,20/12/2024 0:00,1293.04,0,3,West
2534,37,Male,Home,27/04/2023,27/04/2024 0:00,1344.97,0,10,South
2535,64,Female,Home,08/03/2020,,1136.38,2,8,South
2536,58,Male,Motor,29/08/2022,29/08/2023 0:00,1070.73,1,5,East
2537,41,Male,Home,26/01/2024,26/01/2026 0:00,invalid,2,5,West
2538,21,Female,Home,21/06/2023,21/06/2026 0:00,1320.68,5,5,East
2539,63,Male,Home,02/03/2022,02/03/2023 0:00,575.3,0,7,North
2540,53,Female,Home,26/03/2021,26/03/2024 0:00,982.67,0,1,South
2541,22,Male,Motor,24/04/2023,24/04/2026 0:00,494.8,4,10,South
2542,33,Male,Motor,07/04/2020,07/04/2021 0:00,1084.28,2,5,East
2543,32,Male,Auto,03/02/2020,03/02/2021 0:00,1093.69,3,2,North
2544,39,Female,Motor,14/06/2023,14/06/2025 0:00,1254.59,2,4,West
2545,44,Female,Home,03/04/2021,03/04/2023 0:00,706.64,1,9,West
2546,28,Male,Home,27/09/2021,,1249.16,5,7,West
2547,19,Male,Home,30/06/2024,30/06/2026 0:00,530.1,,2,West
2548,25,Male,Home,18/11/2021,18/11/2023 0:00,820.19,4,5,East
2549,,Female,Auto,18/09/2023,18/09/2025 0:00,359.18,5,6,West
2550,65,Male,Motor,26/02/2022,26/02/2023 0:00,442.18,3,10,North
2551,70,Female,Auto,01/11/2022,01/11/2023 0:00,260.59,3,2,North
2552,41,Male,Motor,26/04/2020,26/04/2023 0:00,1331.7,5,2,West
2553,69,Female,Home,12/03/2022,12/03/2023 0:00,1070.39,,1,South
2554,44,Female,Home,17/03/2021,17/03/2024 0:00,503.93,1,4,South
2555,18,Male,Home,26/11/2021,26/11/2023 0:00,990.99,0,10,West
2556,29,Female,Auto,06/01/2020,06/01/2022 0:00,1254.18,0,8,South
2557,53,Female,Motor,03/04/2020,03/04/2021 0:00,1459.97,4,,South
2558,31,Male,Auto,05/03/2021,05/03/2023 0:00,456.78,3,5,West
2559,43,Male,Motor,07/07/2021,07/07/2023 0:00,1281.24,2,7,North
2560,64,Female,Home,03/11/2022,,475.51,4,1,East
2561,23,Male,Auto,11/02/2022,11/02/2024 0:00,887.72,0,6,West
2562,45,Female,Home,12/09/2024,12/09/2025 0:00,1375.99,5,7,West
2563,47,Female,Home,09/09/2020,09/09/2021 0:00,1139.71,0,7,North
2564,19,,Home,11/06/2020,11/06/2022 0:00,1174.89,5,4,North
2565,28,Female,Home,30/03/2020,30/03/2022 0:00,1117.76,0,1,East
2566,33,Female,Motor,26/09/2020,26/09/2022 0:00,483,2,7,South
2567,57,Female,Home,21/02/2023,21/02/2026 0:00,845.65,4,8,West
2568,43,Female,Home,19/11/2022,,814.33,0,2,South
2569,42,Female,Home,23/08/2021,23/08/2024 0:00,1061.46,4,4,North
2570,45,Male,Auto,24/02/2022,24/02/2025 0:00,1031.67,3,8,West
2571,56,Female,Home,10/06/2022,10/06/2024 0:00,845.98,,9,South
2572,42,Female,Motor,15/12/2019,15/12/2020 0:00,1378.05,4,8,North
2573,43,Male,Home,18/03/2024,,626.39,0,,North
2574,,Male,Home,20/09/2020,,1324.01,3,9,West
2575,57,Male,Auto,07/06/2023,07/06/2025 0:00,731.14,2,3,North
2576,38,Female,Motor,15/07/2024,15/07/2025 0:00,629.29,3,7,East
2577,68,Female,Motor,30/10/2019,30/10/2021 0:00,649.89,3,9,North
2578,20,Male,Auto,10/10/2022,10/10/2024 0:00,1258.63,4,5,West
2579,19,Female,Home,07/03/2024,07/03/2026 0:00,254.91,5,5,East
2580,19,Male,Motor,17/02/2023,17/02/2024 0:00,268.58,5,6,East
2581,65,Male,Home,31/01/2020,31/01/2022 0:00,1122.31,4,9,South
2582,56,Male,Home,21/06/2020,,639.81,2,5,North
2583,30,Male,Auto,21/12/2019,21/12/2022 0:00,400.9,5,8,North
2584,69,Male,Auto,14/11/2023,14/11/2025 0:00,712.99,1,1,West
2585,35,Male,Motor,30/05/2024,30/05/2025 0:00,639.27,0,3,West
2586,52,Male,Home,24/06/2020,,391.06,1,6,West
2587,44,Female,Home,25/11/2023,,408.71,2,6,West
2588,68,Female,Home,30/09/2019,30/09/2020 0:00,824.91,4,10,West
2589,38,Male,Home,04/01/2022,,677.69,0,9,East
2590,60,Female,Motor,26/07/2024,26/07/2026 0:00,656.9,3,,West
2591,68,Male,Home,24/02/2023,,1143.05,3,1,West
2592,56,Male,Home,15/04/2020,15/04/2021 0:00,1265.48,4,5,West
2593,26,Male,Home,02/06/2022,02/06/2023 0:00,1352.92,0,4,East
2594,57,Female,Motor,26/01/2022,26/01/2024 0:00,490.69,2,8,East
2595,59,Male,Home,18/05/2024,,276.77,0,4,North
2596,31,Male,Home,04/07/2024,04/07/2025 0:00,655.82,0,4,South
2597,35,Male,Motor,18/06/2021,18/06/2022 0:00,1098.74,1,2,West
2598,57,Male,Home,03/12/2020,03/12/2022 0:00,321.79,5,3,North
2599,61,Female,Home,21/03/2020,21/03/2021 0:00,1492.9,2,10,East
2600,35,Female,Home,21/09/2021,,551.18,1,9,East
2601,58,Female,Home,26/07/2022,26/07/2023 0:00,852.47,4,2,South
2602,27,Female,Motor,23/11/2022,23/11/2023 0:00,796.38,5,1,West
2603,44,Male,Home,17/03/2022,,1150.82,2,7,East
2604,18,,Motor,28/07/2022,,689.38,4,4,North
2605,47,Female,Auto,06/01/2024,06/01/2025 0:00,799.42,5,2,South
2606,58,Female,Motor,06/12/2023,06/12/2024 0:00,307.41,5,10,West
2607,39,Male,Auto,12/03/2023,12/03/2025 0:00,683.51,2,6,South
2608,41,Male,Home,07/10/2019,,1007.61,2,2,North
2609,,Male,Auto,16/02/2020,16/02/2021 0:00,1238.3,3,6,South
2610,,Female,Home,20/11/2019,20/11/2021 0:00,972.93,1,4,West
2611,66,Male,Home,17/11/2023,17/11/2024 0:00,863.22,5,7,North
2612,22,Male,Auto,24/07/2021,,742.81,2,8,West
2613,65,Male,Motor,09/03/2023,09/03/2024 0:00,1283.42,0,1,East
2614,52,Male,Home,18/05/2024,18/05/2026 0:00,820.33,0,8,South
2615,56,Male,Motor,22/12/2021,22/12/2024 0:00,1490.52,1,5,South
2616,55,Female,Auto,14/08/2023,14/08/2025 0:00,1082.23,3,2,West
2617,41,Female,Auto,27/05/2022,27/05/2025 0:00,974.59,4,3,North
2618,47,Female,Auto,13/10/2021,13/10/2022 0:00,1269.71,0,1,North
2619,70,Male,Auto,07/07/2023,07/07/2025 0:00,981.62,5,9,East
2620,31,Male,Home,22/01/2021,,1470.11,0,8,North
2621,52,Male,Home,15/02/2020,,543.88,5,2,East
2622,25,Male,Home,02/12/2021,02/12/2024 0:00,576.47,,10,East
2623,31,Female,Home,16/12/2020,16/12/2022 0:00,1412.5,2,1,South
2624,29,Male,Motor,04/02/2021,04/02/2023 0:00,524.47,2,7,South
2625,27,Female,Unknown,18/04/2022,18/04/2024 0:00,1068.25,3,7,East
2626,,Female,Home,25/06/2021,,978.77,5,8,West
2627,58,Male,Auto,10/07/2020,10/07/2021 0:00,1317.29,3,3,South
2628,32,Female,Home,09/11/2022,09/11/2024 0:00,1192.66,1,7,East
2629,22,Female,Home,29/07/2020,,353.56,3,5,North
2630,68,Male,Auto,15/08/2024,15/08/2026 0:00,1298.07,5,7,East
2631,36,Female,Home,05/03/2021,05/03/2023 0:00,1098.58,4,3,West
2632,26,Female,Motor,02/02/2020,02/02/2022 0:00,837.33,0,3,North
2633,66,Male,Home,02/11/2023,,727.34,0,8,South
2634,28,Female,Home,01/12/2019,,1003.13,0,2,North
2635,26,Female,Motor,17/10/2021,17/10/2024 0:00,1151.13,,1,South
2636,65,Female,Home,14/11/2020,,706.51,1,10,East
2637,50,Male,Home,08/11/2021,08/11/2022 0:00,1091.42,0,,North
2638,49,Male,Motor,23/12/2019,23/12/2022 0:00,527.89,4,4,West
2639,47,Female,Home,27/11/2022,27/11/2025 0:00,1100.4,1,9,East
2640,60,Female,Auto,05/06/2024,05/06/2025 0:00,868.21,1,3,South
2641,22,Male,Home,23/08/2022,23/08/2024 0:00,492.01,0,3,South
2642,66,Female,Home,19/08/2020,19/08/2021 0:00,1439.96,4,8,North
2643,61,Male,Home,16/06/2022,,845.39,4,2,South
2644,63,Female,Motor,03/09/2022,03/09/2025 0:00,1348.16,2,,South
2645,56,Male,Motor,19/08/2021,19/08/2023 0:00,1422.07,4,9,North
2646,59,Male,Auto,24/03/2020,24/03/2023 0:00,1475.6,2,1,East
2647,50,Male,Home,18/04/2020,,306.58,3,7,North
2648,24,Male,Home,22/03/2020,,756.35,2,6,South
2649,68,,Auto,21/08/2023,21/08/2024 0:00,767.03,4,7,West
2650,45,Female,Home,10/05/2023,,1109.12,5,3,South
2651,52,Male,Motor,23/09/2021,23/09/2024 0:00,929.38,1,7,South
2652,21,,Auto,03/06/2024,03/06/2026 0:00,938.29,3,10,North
2653,56,Female,Auto,10/12/2021,10/12/2024 0:00,1159.04,1,5,North
2654,,Female,Auto,26/11/2020,26/11/2023 0:00,686.33,2,8,South
2655,24,Female,Home,03/05/2024,,1387.73,,10,South
2656,59,Female,Home,21/10/2023,21/10/2025 0:00,791.54,0,1,South
2657,27,Male,Home,12/05/2023,12/05/2025 0:00,1403.95,1,10,North
2658,19,Female,Auto,26/08/2024,26/08/2026 0:00,1433.23,4,7,West
2659,37,Female,Home,07/03/2024,07/03/2026 0:00,355.27,1,4,North
2660,70,Male,Home,02/11/2019,,404.73,0,8,North
2661,65,Female,Home,03/12/2023,,867.64,2,10,East
2662,40,Female,Motor,03/07/2024,03/07/2027 0:00,1331.43,4,8,West
2663,55,Female,Motor,06/09/2022,06/09/2025 0:00,818.01,2,9,South
2664,,Male,Home,08/03/2023,08/03/2024 0:00,1063.27,3,5,East
2665,26,Male,Motor,10/03/2021,10/03/2024 0:00,1493.9,4,2,South
2666,47,Male,Home,30/12/2021,30/12/2024 0:00,814.74,3,3,West
2667,47,Female,Home,18/08/2022,18/08/2024 0:00,1285.77,0,3,North
2668,67,Male,Motor,31/05/2020,31/05/2021 0:00,455.51,1,4,East
2669,48,Male,Home,09/10/2023,,1056.73,3,4,South
2670,22,Male,Home,20/11/2023,20/11/2024 0:00,1231.64,3,6,West
2671,48,Male,Home,10/02/2023,,631.84,2,5,West
2672,50,Male,Auto,22/11/2022,22/11/2025 0:00,1466.46,3,3,North
2673,60,Male,Motor,17/11/2019,17/11/2020 0:00,1115.58,2,6,North
2674,65,Female,Auto,28/01/2021,28/01/2023 0:00,466.41,1,4,South
2675,40,Male,Home,06/04/2024,,1282.06,2,3,North
2676,67,Male,Home,10/09/2022,,972.14,1,8,South
2677,38,Female,Auto,20/06/2022,20/06/2024 0:00,729.96,1,6,North
2678,29,Female,Home,31/08/2023,,269.23,3,1,North
2679,28,Female,Home,09/07/2020,09/07/2023 0:00,1447.24,1,8,North
2680,40,Female,Home,16/06/2020,,1146.13,4,9,East
2681,50,Male,Motor,30/12/2020,30/12/2021 0:00,1224.39,0,9,East
2682,62,Female,Home,29/09/2023,29/09/2024 0:00,424.21,0,9,East
2683,68,Male,Auto,01/02/2024,01/02/2026 0:00,868.23,3,4,North
2684,63,Female,Auto,26/01/2020,26/01/2021 0:00,550.25,1,5,East
2685,56,Male,Home,05/02/2022,,435.91,5,2,West
2686,27,Male,Home,09/03/2022,09/03/2023 0:00,716.2,1,3,West
2687,32,Male,Home,03/07/2023,,invalid,3,8,West
2688,60,Female,Home,02/11/2021,02/11/2023 0:00,1190.52,2,8,West
2689,33,Female,Auto,15/06/2022,15/06/2025 0:00,1184.92,2,2,North
2690,29,Male,Home,21/12/2022,21/12/2025 0:00,1242.69,4,1,West
2691,43,Female,Auto,10/04/2024,10/04/2026 0:00,328.08,3,4,North
2692,27,Female,Auto,20/01/2022,20/01/2023 0:00,755.1,0,10,North
2693,38,Male,Home,17/08/2023,17/08/2025 0:00,1278.73,3,10,North
2694,29,Female,Home,30/03/2023,,462.36,4,8,South
2695,67,Male,Home,05/02/2020,,1408.64,0,4,South
2696,35,Male,Home,18/06/2023,18/06/2026 0:00,278.86,4,3,West
2697,38,Female,Home,25/12/2019,25/12/2020 0:00,854.95,3,6,North
2698,56,Female,Motor,20/01/2020,20/01/2023 0:00,323.12,3,4,West
2699,52,Male,Home,17/03/2024,,994.56,3,9,South
2700,44,Male,Motor,27/06/2021,27/06/2023 0:00,419.71,,1,West
2701,64,Male,Home,22/04/2023,,567,2,5,West
2702,70,Female,Home,08/08/2020,,263.36,2,2,East
2703,20,Male,Home,04/03/2024,,269.1,4,6,West
2704,60,Male,Auto,18/04/2022,18/04/2024 0:00,863.07,1,9,West
2705,21,Female,Auto,17/08/2021,17/08/2022 0:00,845.13,0,4,North
2706,65,Male,Home,08/11/2020,,268.82,3,8,East
2707,32,Female,Home,03/08/2024,,601.67,0,4,South
2708,55,Male,Auto,28/12/2019,28/12/2022 0:00,1339.49,4,5,North
2709,24,Male,Motor,25/02/2020,25/02/2023 0:00,1050.12,0,9,West
2710,30,Male,Home,31/05/2023,31/05/2024 0:00,929.62,1,4,South
2711,42,Female,Motor,03/09/2021,03/09/2022 0:00,1192.91,5,7,North
2712,23,Female,Home,17/07/2023,17/07/2026 0:00,1486.69,2,4,West
2713,62,Female,Auto,07/01/2021,07/01/2023 0:00,251.92,1,5,South
2714,22,Male,Auto,04/11/2022,04/11/2023 0:00,1308.33,4,8,North
2715,70,Male,Auto,29/08/2020,29/08/2023 0:00,885.63,1,10,West
2716,18,Male,Motor,16/05/2022,16/05/2024 0:00,1176.29,0,3,West
2717,56,Male,Motor,08/09/2021,08/09/2023 0:00,597.1,0,5,West
2718,23,Male,Auto,18/03/2023,18/03/2026 0:00,609.7,0,2,North
2719,34,Female,Home,21/01/2023,21/01/2024 0:00,638.86,5,2,West
2720,19,Female,Motor,30/11/2021,30/11/2022 0:00,864.93,1,7,South
2721,66,Female,Motor,04/04/2020,04/04/2021 0:00,406.44,2,1,North
2722,69,Male,Auto,17/04/2023,17/04/2024 0:00,380.55,3,10,North
2723,42,Male,Auto,14/07/2021,14/07/2023 0:00,776.08,4,3,East
2724,21,Female,Home,03/12/2019,,319.65,,1,North
2725,47,Male,Motor,19/08/2022,19/08/2024 0:00,1152.27,1,5,South
2726,63,Female,Motor,23/07/2021,23/07/2024 0:00,894.85,2,1,North
2727,,Male,Home,26/01/2020,,1249.96,4,7,South
2728,59,Female,Home,17/08/2021,17/08/2024 0:00,1498.09,4,8,South
2729,40,Female,Auto,15/02/2021,15/02/2024 0:00,415.34,3,8,East
2730,,Female,Motor,20/03/2022,20/03/2024 0:00,1429.65,4,4,East
2731,36,Female,Home,09/07/2020,,285.93,1,1,West
2732,53,Female,Home,21/08/2024,21/08/2026 0:00,1240.25,0,6,North
2733,64,Female,Home,10/01/2021,,922.18,2,2,South
2734,21,Female,Home,04/03/2020,,1009.67,5,8,South
2735,25,Male,Motor,05/10/2023,05/10/2026 0:00,769.55,0,9,North
2736,39,Male,Auto,25/06/2022,25/06/2023 0:00,1176.3,4,4,South
2737,,Male,Home,01/02/2023,01/02/2025 0:00,427.36,0,8,North
2738,69,Male,Auto,29/11/2023,29/11/2025 0:00,469.13,0,10,North
2739,63,Female,Home,10/01/2020,10/01/2023 0:00,933.89,5,9,East
2740,19,Female,Home,07/05/2020,07/05/2022 0:00,908.94,4,8,East
2741,21,Female,Home,06/08/2022,06/08/2025 0:00,891.37,1,9,East
2742,35,Male,Motor,15/04/2021,15/04/2024 0:00,508.79,2,1,West
2743,63,Male,Home,09/12/2022,,544.27,0,3,East
2744,34,Male,Home,16/11/2021,16/11/2024 0:00,1491.42,4,7,North
2745,30,Female,Auto,21/07/2020,21/07/2023 0:00,622.45,3,3,South
2746,27,Female,Home,10/03/2020,10/03/2021 0:00,490.48,2,7,South
2747,70,Male,Auto,17/12/2020,17/12/2022 0:00,672.66,2,1,West
2748,44,Male,Motor,07/06/2021,07/06/2023 0:00,1248.15,4,2,North
2749,64,Male,Home,09/05/2022,09/05/2025 0:00,743.3,5,2,East
2750,37,Female,Auto,29/03/2022,29/03/2025 0:00,1441.5,3,1,West
2751,44,Male,Home,28/12/2020,,1336.74,2,9,South
2752,34,Female,Motor,02/11/2020,02/11/2023 0:00,835.28,4,4,West
2753,39,Male,Motor,27/10/2022,27/10/2024 0:00,816.84,2,4,North
2754,28,Female,Motor,03/03/2023,03/03/2024 0:00,740.63,4,2,North
2755,21,Female,Home,26/09/2022,,471.45,0,6,North
2756,39,Male,Home,13/03/2020,,1455.12,0,6,South
2757,61,Female,Auto,25/10/2020,25/10/2023 0:00,1052.58,5,1,North
2758,36,Male,Home,30/11/2021,,985.01,4,2,West
2759,52,Male,Unknown,23/11/2023,23/11/2025 0:00,837.54,0,1,East
2760,45,Male,Home,17/06/2022,17/06/2025 0:00,285.56,3,4,East
2761,57,Male,Home,19/10/2019,19/10/2022 0:00,491.45,5,8,West
2762,70,Female,Home,13/06/2024,13/06/2027 0:00,1114.71,0,5,North
2763,56,Male,Auto,25/01/2021,25/01/2022 0:00,1224.71,1,10,West
2764,65,,Home,14/11/2023,14/11/2025 0:00,1381.51,0,6,North
2765,46,Male,Home,16/02/2024,16/02/2026 0:00,1368.52,2,1,South
2766,65,Male,Motor,30/01/2024,30/01/2025 0:00,1005.66,5,8,West
2767,45,Male,Auto,10/01/2021,10/01/2023 0:00,274.88,0,6,East
2768,56,Male,Motor,23/09/2019,23/09/2022 0:00,713.76,1,9,South
2769,28,Male,Home,13/03/2023,13/03/2026 0:00,682.07,1,3,East
2770,21,Male,Auto,11/07/2024,11/07/2025 0:00,1449.14,3,8,South
2771,,Female,Home,08/09/2021,08/09/2023 0:00,1233.8,0,6,South
2772,29,Female,Auto,26/02/2021,26/02/2022 0:00,364.46,3,10,South
2773,56,Male,Auto,24/04/2021,24/04/2023 0:00,1191.94,0,8,West
2774,25,Female,Home,24/10/2021,24/10/2022 0:00,943.1,0,,South
2775,46,,Auto,31/08/2022,31/08/2025 0:00,985.3,3,6,West
2776,31,Male,Home,26/03/2021,,1300.24,3,7,West
2777,39,Male,Home,10/04/2020,,681.72,2,9,West
2778,40,Female,Motor,22/09/2022,22/09/2023 0:00,355.91,1,2,East
2779,25,Female,Home,03/05/2024,,1014.23,4,6,North
2780,32,Female,Home,28/04/2020,,1248.96,0,9,South
2781,58,Male,Auto,13/11/2019,13/11/2021 0:00,881.78,3,9,West
2782,,Female,Home,15/07/2024,15/07/2027 0:00,1176.28,5,2,North
2783,52,Male,Auto,30/05/2022,30/05/2024 0:00,568.6,4,7,North
2784,57,Female,Motor,14/03/2023,14/03/2024 0:00,665.69,2,6,East
2785,41,Female,Auto,18/07/2023,18/07/2024 0:00,335.04,5,1,East
2786,33,Female,Motor,30/03/2023,30/03/2025 0:00,537.29,1,5,North
2787,35,Female,Auto,28/12/2022,28/12/2023 0:00,788.19,0,5,North
2788,24,Female,Home,24/09/2023,,381.74,5,1,West
2789,62,Male,Home,18/12/2023,18/12/2025 0:00,625.17,5,5,South
2790,37,Male,Home,20/05/2023,20/05/2026 0:00,549.37,3,9,North
2791,40,Male,Auto,15/02/2023,15/02/2024 0:00,1159.44,1,3,South
2792,50,Male,Auto,28/11/2019,28/11/2022 0:00,1314.96,3,8,South
2793,41,Male,Auto,09/01/2020,09/01/2021 0:00,539.37,4,1,North
2794,25,Male,Motor,02/09/2022,02/09/2023 0:00,308.89,3,3,North
2795,61,Female,Motor,25/12/2019,,670.85,1,9,South
2796,54,Female,Home,14/06/2020,,374.08,1,3,West
2797,43,Female,Home,27/03/2022,27/03/2024 0:00,1063.49,5,7,South
2798,34,Male,Auto,03/11/2021,03/11/2022 0:00,1108.18,2,8,South
2799,21,Male,Motor,08/01/2024,08/01/2026 0:00,679.42,3,7,South
2800,,Male,Motor,22/10/2023,22/10/2026 0:00,308.71,4,10,North
2801,50,Male,Auto,29/12/2021,29/12/2022 0:00,1022.9,0,4,West
2802,32,Male,Home,03/07/2020,,1479.48,1,1,North
2803,56,Male,Auto,08/10/2023,08/10/2026 0:00,553.09,0,1,North
2804,38,Female,Auto,05/03/2024,05/03/2025 0:00,1130.83,3,10,East
2805,18,Male,Home,18/05/2023,18/05/2025 0:00,1182.07,4,9,West
2806,38,Female,Motor,30/04/2022,30/04/2024 0:00,934.7,2,1,East
2807,66,Male,Home,10/07/2021,,1255.44,0,9,South
2808,27,Male,Home,08/12/2020,,1124.61,5,4,East
2809,70,Female,Home,11/06/2021,11/06/2022 0:00,1251.3,0,2,East
2810,23,Female,Auto,11/07/2021,11/07/2022 0:00,370.33,2,1,South
2811,,Female,Home,13/08/2022,13/08/2024 0:00,942.25,5,2,East
2812,20,Female,Motor,24/09/2023,24/09/2025 0:00,465.44,2,6,West
2813,49,Male,Home,15/08/2023,15/08/2026 0:00,872.43,0,2,East
2814,62,Female,Motor,20/10/2022,20/10/2024 0:00,1456.53,3,4,South
2815,32,Female,Home,20/04/2024,20/04/2026 0:00,1078.33,0,5,North
2816,50,Female,Motor,17/03/2022,17/03/2025 0:00,1108.63,5,4,North
2817,56,Male,Auto,19/06/2023,19/06/2024 0:00,535.26,5,9,East
2818,40,Male,Home,26/04/2024,26/04/2027 0:00,1334.24,4,7,West
2819,50,Female,Home,24/06/2022,24/06/2025 0:00,1369.34,4,6,South
2820,44,Male,Motor,02/06/2020,02/06/2023 0:00,1045.13,3,3,East
2821,51,Female,Home,18/10/2020,18/10/2022 0:00,399.1,1,7,North
2822,23,Male,Home,23/05/2020,23/05/2021 0:00,822.07,5,2,East
2823,24,Female,Motor,04/09/2023,04/09/2026 0:00,1369.41,2,3,South
2824,70,Female,Home,17/08/2023,17/08/2024 0:00,1159.15,4,10,South
2825,29,Female,Home,11/11/2022,,1467.62,2,8,North
2826,62,Female,Home,01/06/2024,,563.24,2,4,East
2827,46,Female,Motor,14/01/2021,14/01/2024 0:00,1381.69,5,9,East
2828,49,Male,Auto,14/02/2021,14/02/2023 0:00,383.59,5,1,West
2829,59,Female,Home,05/12/2021,05/12/2024 0:00,1304.29,,7,West
2830,28,Male,Motor,01/05/2024,01/05/2026 0:00,282.22,3,6,West
2831,40,Male,Auto,15/09/2024,15/09/2026 0:00,1313.7,1,6,South
2832,38,Male,Home,05/08/2021,05/08/2024 0:00,875.67,5,9,East
2833,40,Female,Auto,24/03/2020,24/03/2021 0:00,343.29,5,9,East
2834,46,Male,Home,23/03/2020,23/03/2022 0:00,747.39,1,6,North
2835,58,Male,Home,19/01/2022,,1495.69,4,3,South
2836,53,Male,Motor,02/08/2022,02/08/2023 0:00,1112.07,0,4,South
2837,35,Male,Home,27/07/2022,,1278.37,1,9,West
2838,62,Male,Motor,26/09/2022,26/09/2025 0:00,768.06,4,9,South
2839,38,Male,Motor,29/12/2019,29/12/2021 0:00,1369.08,1,4,East
2840,27,Female,Home,20/10/2020,20/10/2021 0:00,749.5,0,1,North
2841,31,Female,Home,25/05/2024,,511.93,2,5,West
2842,30,Male,Home,08/09/2020,08/09/2023 0:00,1230.67,1,6,East
2843,58,Male,Auto,29/05/2020,29/05/2021 0:00,1470.65,4,5,South
2844,,Male,Motor,27/07/2023,27/07/2026 0:00,568.39,3,1,North
2845,26,Male,Home,24/10/2021,,1108.28,0,10,South
2846,53,Male,Home,29/06/2021,,1200.18,3,10,West
2847,44,Female,Home,09/01/2021,,878.65,5,5,East
2848,48,Male,Auto,13/08/2024,,1177.32,3,6,West
2849,48,Female,Auto,29/05/2021,,invalid,5,4,West
2850,21,Male,Auto,02/02/2024,02/02/2027 0:00,798.92,0,7,North
2851,43,Female,Motor,10/02/2023,10/02/2026 0:00,885.21,2,3,West
2852,60,Male,Home,25/06/2022,,629.58,4,9,West
2853,,Male,Motor,17/09/2024,17/09/2025 0:00,1280.83,3,6,South
2854,28,Female,Home,26/11/2020,26/11/2022 0:00,1003.65,4,9,South
2855,59,Female,Auto,29/09/2019,29/09/2021 0:00,514.82,5,10,North
2856,58,Female,Auto,23/10/2022,23/10/2024 0:00,655.47,4,5,West
2857,65,Female,Auto,20/09/2021,20/09/2023 0:00,655.12,0,10,West
2858,22,Male,Home,29/05/2021,29/05/2022 0:00,979.99,1,2,East
2859,37,Male,Home,28/09/2023,28/09/2025 0:00,659.49,3,2,East
2860,56,,Auto,08/04/2020,08/04/2022 0:00,1492.66,1,4,North
2861,65,Male,Motor,01/06/2024,01/06/2026 0:00,1152.89,3,9,West
2862,42,Female,Home,10/06/2023,10/06/2024 0:00,1456.5,4,10,West
2863,43,Female,Home,08/10/2022,,1110.21,5,6,East
2864,51,Male,Home,21/11/2022,21/11/2023 0:00,897.41,5,,South
2865,48,Female,Motor,22/08/2022,22/08/2025 0:00,430.45,0,9,West
2866,68,Female,Motor,07/01/2021,07/01/2023 0:00,1157.88,3,9,North
2867,67,Female,Auto,13/03/2020,13/03/2022 0:00,1495.43,5,4,West
2868,57,Male,Auto,03/12/2023,03/12/2026 0:00,753.02,2,10,South
2869,38,Female,Motor,25/11/2020,25/11/2021 0:00,1117.9,3,8,South
2870,38,,Auto,23/07/2022,23/07/2025 0:00,1449.41,,1,West
2871,22,Male,Auto,20/11/2019,20/11/2020 0:00,1126.72,5,4,North
2872,53,Female,Auto,27/11/2020,27/11/2022 0:00,759.89,1,10,East
2873,18,Male,Home,08/10/2023,,376.06,5,7,North
2874,27,Male,Auto,23/01/2020,23/01/2023 0:00,887.93,0,3,West
2875,37,Female,Home,20/11/2023,,1071.03,0,7,North
2876,25,Female,Home,15/10/2019,,1266.74,1,1,North
2877,57,Male,Home,21/03/2020,,737.99,1,1,East
2878,27,Male,Auto,01/04/2022,01/04/2023 0:00,273.21,1,5,West
2879,23,Female,Home,10/07/2021,,1160.37,0,4,East
2880,19,Female,Home,18/02/2022,18/02/2024 0:00,921.95,2,1,East
2881,66,Male,Motor,20/02/2023,20/02/2025 0:00,1171.89,2,1,West
2882,46,Female,Motor,24/07/2023,24/07/2024 0:00,779.36,0,9,East
2883,61,Female,Home,13/04/2024,13/04/2026 0:00,709.91,2,2,South
2884,24,Male,Home,02/06/2024,02/06/2025 0:00,1481.53,5,6,East
2885,56,Female,Motor,21/06/2020,21/06/2023 0:00,1190.25,4,10,West
2886,43,Female,Auto,29/10/2021,29/10/2022 0:00,1262.84,1,1,North
2887,70,Female,Motor,12/09/2020,12/09/2023 0:00,1136.89,3,2,West
2888,26,Male,Home,25/07/2021,,442.61,2,2,North
2889,47,Female,Home,17/04/2022,,582.15,4,,West
2890,63,Male,Motor,12/09/2020,12/09/2022 0:00,1084.72,3,4,East
2891,32,Male,Home,06/06/2021,,1404.78,1,3,East
2892,46,Female,Home,28/03/2022,28/03/2023 0:00,858.39,2,3,West
2893,28,Male,Auto,17/07/2022,17/07/2025 0:00,1335.87,5,3,South
2894,23,Male,Motor,05/08/2022,05/08/2025 0:00,1234.86,1,4,South
2895,60,Male,Home,21/07/2022,21/07/2025 0:00,1149.94,3,9,South
2896,34,Male,Auto,07/09/2021,07/09/2022 0:00,802.64,3,3,North
2897,38,Female,Motor,11/01/2024,11/01/2025 0:00,1342.53,5,10,East
2898,64,Female,Auto,26/12/2022,26/12/2025 0:00,1339.57,3,4,North
2899,55,Male,Home,07/09/2020,,740.21,1,1,West
2900,60,Male,Home,07/10/2022,,341.71,4,7,East
2901,32,Male,Motor,04/03/2023,04/03/2025 0:00,410.7,4,7,South
2902,41,Female,Home,13/10/2021,13/10/2024 0:00,1035.37,0,2,East
2903,30,Male,Home,28/01/2024,28/01/2026 0:00,410.49,4,1,West
2904,22,Male,Home,04/01/2020,04/01/2021 0:00,593.92,5,4,North
2905,40,Female,Home,12/06/2022,,1221.2,1,1,South
2906,41,Female,Home,03/07/2021,,1015.39,4,5,South
2907,66,Male,Auto,18/08/2022,18/08/2024 0:00,1172.75,1,1,South
2908,45,Male,Home,30/06/2020,,914,3,8,West
2909,58,Male,Home,19/08/2023,19/08/2026 0:00,826.65,3,8,West
2910,37,Female,Home,01/03/2021,,698.3,3,6,East
2911,56,Male,Home,12/11/2019,12/11/2021 0:00,678.27,1,1,South
2912,68,Female,Auto,18/11/2020,18/11/2023 0:00,629.63,5,6,East
2913,69,Male,Home,06/08/2024,,945.18,3,7,West
2914,24,Female,Auto,14/04/2023,14/04/2026 0:00,1468.44,3,3,West
2915,55,Female,Auto,30/04/2024,30/04/2026 0:00,287.13,1,4,North
2916,36,Male,Motor,30/05/2020,30/05/2023 0:00,426.94,1,5,East
2917,33,Female,Home,25/03/2022,,343.37,2,2,North
2918,50,Male,Home,07/12/2022,,858.82,4,3,North
2919,40,Male,Motor,06/07/2024,06/07/2027 0:00,989.65,3,4,North
2920,48,Female,Home,15/01/2020,15/01/2023 0:00,666.22,0,6,West
2921,31,Male,Home,21/09/2023,21/09/2024 0:00,1280.88,3,4,East
2922,51,Female,Motor,19/06/2022,19/06/2024 0:00,494,5,8,East
2923,19,Female,Home,22/08/2022,,304.13,3,8,West
2924,,Male,Home,28/06/2024,28/06/2027 0:00,1215.49,4,6,North
2925,65,Male,Home,04/08/2021,,1067.14,4,8,West
2926,19,Female,Motor,29/09/2021,29/09/2024 0:00,444.07,3,4,East
2927,32,Female,Auto,10/05/2022,10/05/2025 0:00,1381.42,3,9,South
2928,69,Female,Motor,04/04/2022,04/04/2025 0:00,1497.3,1,10,South
2929,44,Male,Home,20/10/2022,,408.74,4,1,South
2930,41,Female,Home,11/05/2020,11/05/2023 0:00,956.85,2,9,North
2931,20,Male,Auto,26/05/2021,26/05/2024 0:00,444.79,3,10,South
2932,38,Female,Home,13/03/2024,13/03/2026 0:00,1455.77,3,4,East
2933,60,Female,Motor,12/08/2020,12/08/2021 0:00,830.98,3,2,South
2934,39,Female,Home,03/02/2020,03/02/2023 0:00,507.19,4,,North
2935,18,Male,Auto,12/06/2023,12/06/2025 0:00,1032.46,2,10,West
2936,40,Female,Auto,19/11/2021,19/11/2022 0:00,1423.3,4,6,North
2937,28,Female,Auto,20/11/2022,20/11/2023 0:00,987.57,3,1,South
2938,27,Female,Auto,25/10/2023,25/10/2025 0:00,1050.96,2,10,North
2939,38,Female,Home,24/09/2020,,539.82,3,5,East
2940,67,Male,Auto,23/11/2019,23/11/2022 0:00,1094.6,1,1,North
2941,66,Female,Home,09/06/2023,09/06/2026 0:00,796.94,3,7,South
2942,29,Male,Motor,03/02/2021,03/02/2023 0:00,1441.42,3,3,North
2943,28,Female,Home,08/12/2019,,864.31,1,5,West
2944,36,Female,Auto,09/03/2021,,286.88,0,9,East
2945,33,Female,Auto,18/03/2023,18/03/2024 0:00,990.38,4,3,East
2946,38,Female,Home,06/09/2024,06/09/2025 0:00,611.69,2,2,West
2947,22,Male,Auto,26/02/2023,26/02/2024 0:00,1262.28,4,,East
2948,31,Female,Auto,26/01/2022,26/01/2024 0:00,890.23,2,5,West
2949,27,Female,Home,13/10/2023,,440,4,7,North
2950,35,Male,Auto,12/12/2021,12/12/2023 0:00,1214.98,1,2,West
2951,51,Male,Home,06/11/2021,,1052.75,,1,West
2952,41,Male,Auto,12/03/2022,12/03/2024 0:00,1290.89,5,1,West
2953,31,Male,Motor,21/10/2021,21/10/2022 0:00,1063.74,5,9,West
2954,35,Male,Home,17/09/2020,,764.35,4,9,West
2955,23,Female,Auto,19/04/2022,19/04/2023 0:00,1223.69,2,3,East
2956,22,Female,Home,16/03/2023,16/03/2024 0:00,1152.93,0,5,South
2957,39,Male,Home,28/11/2021,28/11/2024 0:00,551.02,0,2,East
2958,46,Female,Auto,02/10/2021,02/10/2023 0:00,302.37,5,3,West
2959,49,Male,Motor,17/03/2022,17/03/2023 0:00,463.71,1,5,East
2960,47,Female,Motor,04/01/2020,04/01/2022 0:00,578.52,5,8,North
2961,33,Male,Auto,13/02/2022,13/02/2024 0:00,513.85,1,7,South
2962,51,Female,Auto,08/10/2022,08/10/2024 0:00,423.87,2,7,West
2963,35,Female,Auto,02/01/2024,02/01/2026 0:00,451.61,1,7,South
2964,61,Female,Motor,26/09/2023,26/09/2026 0:00,462.07,3,8,North
2965,,Female,Home,14/08/2020,14/08/2021 0:00,1105.44,0,,North
2966,30,Male,Motor,01/11/2022,01/11/2023 0:00,484.19,4,4,North
2967,56,Female,Motor,23/05/2021,23/05/2024 0:00,1341.22,3,9,East
2968,32,Female,Motor,25/07/2020,25/07/2021 0:00,1320.22,1,5,South
2969,58,Female,Home,15/12/2019,,267.63,0,5,East
2970,63,Female,Home,23/10/2023,23/10/2024 0:00,323.22,1,6,East
2971,30,Female,Home,19/10/2020,19/10/2021 0:00,296.81,,5,West
2972,58,Female,Auto,05/10/2021,,334.04,5,7,North
2973,33,Female,Home,27/08/2022,,480.93,4,2,West
2974,30,Female,Home,19/04/2022,,565.99,2,7,North
2975,28,Male,Home,21/08/2020,,474.92,0,6,North
2976,20,Male,Home,10/08/2023,,337.17,4,10,North
2977,37,Male,Motor,06/05/2020,06/05/2021 0:00,1006.83,4,2,South
2978,35,Male,Home,27/02/2024,,491.02,1,9,East
2979,24,,Motor,19/11/2019,19/11/2021 0:00,379.88,3,7,South
2980,65,Male,Home,01/04/2021,01/04/2024 0:00,1382.04,5,7,East
2981,64,Male,Motor,30/09/2021,30/09/2022 0:00,821.17,5,2,South
2982,29,Female,Home,31/12/2020,31/12/2023 0:00,531.97,5,8,North
2983,36,Female,Auto,19/06/2023,19/06/2024 0:00,310.26,3,6,South
2984,51,Male,Motor,26/07/2023,26/07/2026 0:00,1494.78,1,5,North
2985,69,Male,Auto,02/07/2021,02/07/2022 0:00,562.45,3,1,East
2986,33,Male,Auto,14/07/2020,14/07/2021 0:00,323.27,2,3,South
2987,26,Male,Motor,12/08/2024,12/08/2025 0:00,1248.32,5,3,West
2988,69,Female,Home,30/11/2021,30/11/2022 0:00,977.17,5,3,South
2989,61,Female,Home,10/10/2021,10/10/2024 0:00,429.73,5,10,East
2990,28,Male,Home,18/04/2024,18/04/2026 0:00,1352.86,5,8,North
2991,62,Male,Home,09/06/2021,,invalid,1,8,North
2992,60,Male,Auto,05/07/2021,05/07/2022 0:00,1039.42,4,9,North
2993,69,Female,Motor,25/02/2022,25/02/2023 0:00,275.66,1,2,North
2994,63,Male,Auto,30/05/2020,30/05/2023 0:00,633.95,2,1,South
2995,69,,Motor,21/11/2020,,1129.17,2,9,North
2996,28,Female,Motor,14/06/2020,,314.2,3,7,East
2997,35,Male,Auto,23/08/2022,23/08/2023 0:00,1337.68,2,10,North
2998,39,Female,Auto,20/04/2022,20/04/2023 0:00,647.67,5,7,North
2999,46,Female,Home,18/10/2019,,1260.65,4,4,West
3000,42,Female,Auto,06/03/2021,06/03/2023 0:00,561.56,5,8,South
3001,58,,Motor,14/06/2020,,291.47,1,9,North
3002,26,Female,Home,19/07/2021,,859.61,5,6,North
3003,,Female,Home,29/05/2023,,989.68,5,6,North
3004,40,Female,Auto,18/10/2021,18/10/2023 0:00,1200.53,1,9,North
3005,66,Male,Motor,17/08/2020,17/08/2022 0:00,1397.22,5,2,East
3006,54,Female,Home,27/04/2024,27/04/2025 0:00,317.76,5,4,East
3007,58,Male,Home,28/05/2022,28/05/2024 0:00,621.24,3,9,West
3008,70,Female,Home,26/06/2023,26/06/2026 0:00,1383.65,1,,West
3009,56,Male,Motor,05/02/2022,,320.25,0,1,North
3010,70,Female,Motor,20/12/2019,20/12/2020 0:00,1385.95,0,10,West
3011,50,Female,Home,22/04/2020,22/04/2021 0:00,537.46,0,8,North
3012,,Female,Home,11/01/2021,11/01/2022 0:00,699.13,3,2,West
3013,64,Female,Auto,07/06/2023,07/06/2026 0:00,394,0,10,East
3014,54,Male,Home,18/04/2022,,419.84,0,5,West
3015,55,Female,Home,25/08/2022,25/08/2023 0:00,884.56,1,6,South
3016,32,Female,Home,07/04/2024,,1378.98,2,2,North
3017,31,Male,Home,03/10/2021,,526.21,3,1,East
3018,58,Male,Home,24/06/2022,24/06/2023 0:00,1369.25,4,9,South
3019,30,Female,Home,13/11/2019,13/11/2021 0:00,382.28,5,3,West
3020,65,Male,Home,17/09/2023,17/09/2025 0:00,628.85,4,10,West
3021,49,Male,Motor,03/01/2023,,990.23,0,6,South
3022,28,Male,Home,31/05/2022,,1087.62,0,,South
3023,35,Male,Home,14/10/2021,,1481.21,0,10,North
3024,49,Male,Auto,14/09/2020,14/09/2022 0:00,850.65,2,10,East
3025,19,Female,Auto,05/03/2020,05/03/2023 0:00,1334.78,3,10,South
3026,44,Female,Home,01/01/2020,,639.34,5,1,East
3027,47,Male,Motor,04/10/2021,04/10/2024 0:00,253.24,4,4,South
3028,50,Female,Home,20/01/2022,,594.8,0,10,West
3029,45,Male,Auto,11/11/2020,11/11/2021 0:00,1221.07,2,4,West
3030,33,Male,Home,07/02/2023,07/02/2024 0:00,1444.92,2,5,North
3031,52,Female,Home,15/04/2023,15/04/2024 0:00,526.46,1,2,North
3032,,Male,Home,24/11/2022,24/11/2024 0:00,1051.96,3,,North
3033,61,Female,Home,28/08/2024,,805.83,1,6,South
3034,49,Male,Home,22/04/2020,22/04/2023 0:00,1057.18,4,9,West
3035,30,Male,Motor,21/08/2020,21/08/2022 0:00,1285.11,0,8,South
3036,22,Female,Home,24/09/2019,,1020.54,3,2,South
3037,33,Male,Home,26/07/2023,,429.61,0,2,South
3038,47,Male,Home,11/07/2024,,1023.99,5,3,South
3039,69,Female,Home,08/10/2021,08/10/2024 0:00,458.01,5,1,South
3040,43,Female,Auto,13/09/2024,13/09/2026 0:00,1466.51,5,9,West
3041,67,Male,Motor,04/04/2024,04/04/2026 0:00,671.65,2,5,North
3042,66,Male,Home,02/10/2022,02/10/2024 0:00,1028.87,5,2,East
3043,25,Female,Home,26/09/2022,26/09/2024 0:00,1203.05,5,1,South
3044,45,Female,Motor,24/11/2020,24/11/2023 0:00,1106.61,5,7,West
3045,28,Female,Home,13/09/2024,,405.64,4,7,East
3046,34,Female,Home,01/07/2020,,251.01,2,6,West
3047,47,,Home,03/05/2022,,1238.19,3,4,South
3048,44,Male,Auto,29/04/2020,29/04/2023 0:00,456.25,5,7,East
3049,29,Female,Motor,02/06/2021,02/06/2022 0:00,1271.39,5,8,South
3050,39,Male,Motor,23/11/2023,23/11/2025 0:00,1141.19,5,7,West
3051,28,Male,Home,14/04/2022,14/04/2025 0:00,910.11,,4,East
3052,36,Male,Home,28/08/2022,,699.36,0,6,East
3053,46,Male,Home,01/07/2023,,576.93,5,7,West
3054,32,Female,Motor,11/06/2022,11/06/2025 0:00,396.69,0,,North
3055,43,Female,Auto,31/03/2021,31/03/2022 0:00,535.67,0,10,East
3056,34,Male,Auto,31/05/2020,31/05/2022 0:00,1383.38,1,5,West
3057,22,Male,Home,01/08/2020,,853.55,4,6,West
3058,42,Male,Motor,19/06/2020,19/06/2023 0:00,731.74,0,9,South
3059,18,Female,Home,22/05/2022,22/05/2023 0:00,684.08,0,4,South
3060,47,Female,Home,09/11/2022,,964.45,5,5,West
3061,44,Female,Auto,22/08/2024,22/08/2027 0:00,1445.82,4,10,East
3062,58,Male,Motor,14/12/2022,14/12/2024 0:00,1156.6,2,10,South
3063,27,Female,Home,01/11/2023,,475.2,3,6,South
3064,67,Female,Home,09/06/2022,,1241.52,4,7,East
3065,46,Male,Auto,16/04/2024,16/04/2025 0:00,251.8,0,5,North
3066,27,Male,Motor,03/05/2023,03/05/2026 0:00,571.02,3,10,South
3067,,Female,Auto,24/10/2023,24/10/2024 0:00,1446.28,5,6,South
3068,60,Male,Home,03/03/2022,03/03/2024 0:00,417.28,3,7,East
3069,18,Male,Home,11/06/2024,,536.98,2,6,West
3070,26,Female,Motor,07/07/2022,07/07/2024 0:00,629.57,0,3,East
3071,49,Female,Auto,18/11/2020,18/11/2023 0:00,660.77,3,9,East
3072,47,Female,Home,12/02/2024,12/02/2027 0:00,328.74,5,8,South
3073,37,Male,Home,19/03/2020,19/03/2022 0:00,1101.76,1,3,North
3074,23,Female,Auto,21/07/2022,21/07/2025 0:00,889.14,4,4,East
3075,50,Female,Motor,16/06/2024,16/06/2027 0:00,1118.05,5,8,South
3076,53,Male,Home,19/09/2020,,909.7,5,5,South
3077,44,Male,Auto,27/06/2024,27/06/2025 0:00,invalid,4,4,South
3078,40,Female,Motor,03/09/2023,03/09/2024 0:00,542.69,1,3,West
3079,38,Male,Motor,08/01/2020,08/01/2021 0:00,1351.03,2,1,East
3080,57,Female,Motor,13/03/2023,13/03/2024 0:00,961.84,4,9,East
3081,55,Male,Home,13/08/2022,13/08/2023 0:00,398.11,4,6,West
3082,40,Female,Motor,05/02/2021,05/02/2023 0:00,1429.89,3,8,East
3083,55,Female,Home,22/03/2021,,585.48,0,,South
3084,56,Male,Motor,22/08/2022,22/08/2025 0:00,338.5,4,2,South
3085,68,Male,Home,31/08/2022,,440.52,2,5,North
3086,61,Male,Home,27/10/2022,,922.94,4,9,West
3087,31,Female,Auto,25/04/2024,25/04/2027 0:00,893.86,5,3,South
3088,31,Male,Home,30/11/2019,,581.29,1,10,West
3089,60,,Home,22/07/2024,,1424.01,1,3,North
3090,47,Female,Home,24/05/2021,24/05/2023 0:00,309.48,5,3,West
3091,68,Male,Home,26/07/2022,26/07/2025 0:00,852.95,0,4,North
3092,70,Female,Motor,28/11/2021,28/11/2024 0:00,905.37,0,8,South
3093,66,Female,Motor,04/11/2022,04/11/2025 0:00,1017.89,4,6,East
3094,28,Male,Motor,18/05/2022,18/05/2025 0:00,409.14,5,5,North
3095,,Male,Home,19/04/2021,19/04/2024 0:00,1383.22,5,9,West
3096,23,Male,Motor,21/03/2023,21/03/2024 0:00,1432.24,5,8,West
3097,45,Female,Home,03/07/2022,,371.34,0,9,South
3098,64,Male,Home,24/08/2024,,817.43,,6,West
3099,19,Male,Motor,05/07/2020,05/07/2022 0:00,1218.69,2,7,East
3100,51,Female,Home,24/05/2024,,1125.2,5,,West
3101,46,Female,Auto,12/12/2023,12/12/2026 0:00,883.51,4,6,North
3102,68,Male,Motor,17/04/2022,,1111.51,2,1,East
3103,66,Female,Motor,05/05/2024,05/05/2025 0:00,1040.38,4,2,North
3104,69,Male,Auto,02/08/2023,02/08/2025 0:00,1203.71,2,2,North
3105,26,Male,Auto,24/01/2022,24/01/2025 0:00,995.87,4,1,East
3106,48,Male,Home,04/03/2022,04/03/2024 0:00,369.26,4,2,South
3107,49,Female,Auto,13/10/2021,13/10/2023 0:00,590.32,1,9,South
3108,36,Male,Home,20/12/2022,,465.64,0,7,North
3109,41,Male,Auto,11/06/2021,11/06/2022 0:00,450.98,1,6,North
3110,25,Male,Auto,22/04/2021,22/04/2024 0:00,1222.23,0,10,South
3111,40,Female,Home,10/04/2024,,1089.77,0,10,North
3112,50,Male,Motor,03/06/2023,,337.83,4,2,South
3113,38,Female,Motor,26/07/2023,26/07/2026 0:00,1476.3,1,6,South
3114,64,Male,Home,28/10/2023,,348.17,3,10,East
3115,40,Male,Motor,18/03/2022,18/03/2024 0:00,667.18,5,10,North
3116,20,Female,Auto,21/06/2020,21/06/2021 0:00,791.29,3,4,North
3117,56,Male,Home,10/11/2021,,374.92,0,10,South
3118,39,Male,Motor,30/05/2023,30/05/2026 0:00,619.02,2,2,West
3119,,Female,Auto,12/05/2022,12/05/2025 0:00,604.56,0,5,North
3120,38,Female,Motor,15/04/2020,,317.24,5,5,West
3121,19,Female,Auto,25/09/2023,25/09/2026 0:00,291.48,2,3,East
3122,23,Male,Auto,10/07/2021,10/07/2024 0:00,1465.09,2,6,East
3123,28,Male,Auto,17/12/2021,17/12/2023 0:00,303.04,4,2,North
3124,42,Female,Auto,01/04/2021,01/04/2024 0:00,1118.18,2,10,South
3125,39,Male,Motor,13/08/2022,13/08/2025 0:00,1475.2,0,4,West
3126,60,Male,Auto,14/09/2022,14/09/2024 0:00,1472.7,2,2,West
3127,49,Female,Home,20/11/2020,,762.34,4,5,West
3128,,Female,Home,02/07/2021,,1196.46,4,7,North
3129,32,Female,Auto,05/04/2021,05/04/2022 0:00,451.55,2,6,North
3130,,Male,Motor,11/11/2020,11/11/2021 0:00,1369.53,3,10,South
3131,65,Female,Home,28/07/2023,,1057.16,5,9,East
3132,57,Male,Home,11/03/2024,11/03/2025 0:00,724.74,5,1,West
3133,61,Female,Auto,25/09/2019,25/09/2021 0:00,1231.75,0,7,South
3134,36,Male,Home,21/01/2021,,1321.67,,6,South
3135,18,Male,Home,26/09/2021,26/09/2023 0:00,invalid,4,9,East
3136,19,Female,Home,12/06/2023,,496.91,5,9,West
3137,60,Male,Home,10/12/2019,10/12/2021 0:00,invalid,5,5,South
3138,54,Male,Auto,27/12/2020,27/12/2022 0:00,1278.56,4,6,North
3139,53,Female,Home,07/06/2023,,817.13,4,7,East
3140,61,Female,Home,17/04/2024,17/04/2027 0:00,1193.92,0,8,West
3141,42,Female,Home,30/12/2021,30/12/2023 0:00,868.9,3,8,East
3142,49,Male,Home,22/11/2021,,670.96,5,3,East
3143,57,Female,Home,15/04/2022,,1211.51,4,,North
3144,57,Male,Home,03/08/2022,03/08/2025 0:00,397.05,5,6,South
3145,46,Female,Motor,17/06/2024,17/06/2027 0:00,858.45,1,3,West
3146,44,Male,Home,18/04/2024,,456.7,0,8,East
3147,43,Male,Motor,18/04/2023,18/04/2024 0:00,1227.36,0,3,South
3148,34,Male,Home,13/10/2023,13/10/2025 0:00,837.73,3,1,North
3149,55,Male,Home,09/08/2022,,995.16,4,7,West
3150,67,Male,Auto,17/11/2019,17/11/2021 0:00,1206.53,0,10,West
3151,30,Female,Home,28/08/2021,,404.66,5,5,North
3152,45,Female,Auto,06/01/2022,06/01/2024 0:00,1323.46,1,7,South
3153,22,Male,Home,20/12/2023,,1201.31,3,8,North
3154,65,Male,Motor,23/03/2023,23/03/2026 0:00,1349.26,2,7,West
3155,34,Female,Home,21/09/2024,21/09/2025 0:00,614.15,4,10,North
3156,58,,Motor,05/03/2024,05/03/2027 0:00,806.95,3,3,East
3157,69,Male,Motor,02/07/2020,02/07/2021 0:00,1126.04,5,7,South
3158,36,Female,Motor,25/10/2020,25/10/2022 0:00,292.94,0,5,East
3159,68,Female,Motor,07/07/2022,07/07/2024 0:00,1258.79,1,1,West
3160,20,Male,Auto,12/05/2022,12/05/2023 0:00,1026.97,0,6,East
3161,22,Female,Auto,16/02/2023,16/02/2026 0:00,452.88,5,6,West
3162,56,Male,Home,06/09/2023,,482.47,3,3,West
3163,62,Female,Motor,20/10/2019,20/10/2020 0:00,314.21,5,1,North
3164,55,Male,Home,10/02/2020,,720.65,4,8,West
3165,53,Female,Home,01/12/2022,01/12/2023 0:00,1024.79,3,10,North
3166,54,Male,Auto,21/03/2023,21/03/2024 0:00,1498.34,2,3,West
3167,34,Male,Auto,15/08/2020,15/08/2022 0:00,1049.54,3,5,West
3168,50,Female,Home,20/11/2020,,1313.62,1,1,North
3169,61,Female,Home,24/07/2020,,invalid,3,1,East
3170,32,Female,Home,22/04/2024,,404.05,2,,South
3171,29,Female,Home,29/04/2020,29/04/2021 0:00,1099.69,2,1,East
3172,51,Male,Motor,15/06/2022,15/06/2024 0:00,809.81,5,6,North
3173,67,Male,Auto,19/04/2023,,1073.16,3,2,West
3174,67,Male,Home,24/02/2024,,375.25,1,4,South
3175,50,Female,Home,23/03/2022,,332.39,4,6,West
3176,41,Male,Home,10/03/2020,10/03/2023 0:00,945.22,3,5,West
3177,18,Female,Home,14/07/2020,14/07/2023 0:00,1312.38,5,7,North
3178,52,Male,Home,01/04/2022,,1275.34,2,9,East
3179,41,Male,Home,02/01/2021,02/01/2022 0:00,714.3,2,8,North
3180,47,Female,Auto,02/11/2019,02/11/2020 0:00,1027.39,4,10,North
3181,30,Male,Auto,14/04/2023,14/04/2025 0:00,1031.68,3,6,North
3182,44,Female,Home,18/11/2023,,396.37,0,7,South
3183,32,Male,Home,11/07/2022,,959.12,0,7,East
3184,,Female,Auto,02/03/2022,02/03/2024 0:00,1319.92,2,7,East
3185,69,Female,Auto,08/05/2024,08/05/2026 0:00,1026.2,0,10,East
3186,20,Female,Home,28/12/2022,,413.73,1,8,East
3187,20,Male,Home,30/01/2023,,401.31,0,6,West
3188,37,Male,Motor,17/09/2020,17/09/2021 0:00,921.35,2,10,East
3189,24,Male,Home,17/02/2023,17/02/2024 0:00,1173.54,3,4,East
3190,57,Male,Motor,10/08/2021,10/08/2023 0:00,554.41,4,2,South
3191,24,Male,Home,26/10/2022,26/10/2025 0:00,522.45,1,2,South
3192,28,Male,Motor,31/01/2020,31/01/2022 0:00,763.96,4,2,West
3193,,Male,Home,05/01/2022,,1496.68,5,10,North
3194,60,Male,Auto,18/12/2020,18/12/2021 0:00,655.7,5,5,North
3195,38,Male,Auto,10/09/2020,10/09/2021 0:00,1336.19,0,10,East
3196,34,Female,Motor,10/07/2022,10/07/2025 0:00,542.6,2,9,South
3197,42,Female,Home,30/12/2023,30/12/2026 0:00,1145.32,5,5,West
3198,62,Male,Auto,26/06/2021,26/06/2022 0:00,1031.1,0,1,North
3199,64,Male,Home,25/06/2022,25/06/2023 0:00,714.46,1,4,South
3200,26,Female,Home,09/07/2022,09/07/2025 0:00,1258.56,5,7,South
3201,52,Male,Auto,05/03/2023,05/03/2026 0:00,1016.49,5,9,North
3202,64,Female,Home,28/10/2019,28/10/2020 0:00,973.18,0,9,South
3203,33,Female,Auto,07/02/2020,07/02/2022 0:00,729.63,5,5,East
3204,50,Female,Auto,10/06/2021,10/06/2022 0:00,479.98,3,5,North
3205,43,Female,Auto,19/10/2020,19/10/2022 0:00,891.25,5,7,East
3206,33,Male,Motor,02/02/2020,02/02/2021 0:00,1297.85,5,5,West
3207,60,Female,Home,21/03/2021,21/03/2023 0:00,532.1,4,6,South
3208,18,Male,Home,16/02/2021,16/02/2022 0:00,908.24,5,8,East
3209,36,Male,Auto,31/03/2023,31/03/2026 0:00,271.47,4,1,West
3210,35,Female,Home,14/07/2020,14/07/2023 0:00,1162.09,2,4,South
3211,43,Male,Home,09/06/2021,,1267.85,3,10,West
3212,31,Female,Home,11/10/2020,,985.56,4,8,South
3213,52,Male,Home,02/12/2020,02/12/2022 0:00,1354.83,5,3,South
3214,24,Female,Home,03/06/2021,,1007.63,2,4,South
3215,43,Female,Home,25/09/2020,25/09/2023 0:00,397.11,2,9,West
3216,55,Female,Auto,26/12/2023,26/12/2026 0:00,862.65,2,1,West
3217,61,Male,Home,04/02/2022,04/02/2024 0:00,762.5,3,8,East
3218,68,Male,Motor,19/05/2022,19/05/2024 0:00,1166.78,3,3,East
3219,25,Female,Home,13/03/2024,,552.55,4,10,West
3220,45,Male,Auto,18/02/2023,18/02/2024 0:00,615.68,0,3,North
3221,61,Male,Home,27/01/2022,27/01/2025 0:00,455.54,3,,West
3222,26,Female,Home,31/08/2022,,1399.25,4,3,East
3223,55,Male,Motor,15/11/2021,,1334.28,1,3,South
3224,58,Male,Auto,07/09/2020,,883.04,5,,West
3225,30,Male,Motor,02/07/2021,02/07/2023 0:00,1301.9,1,1,East
3226,57,Female,Home,13/04/2023,13/04/2026 0:00,1111.76,4,7,East
3227,66,Male,Motor,10/10/2019,10/10/2021 0:00,338.5,3,2,West
3228,27,Male,Motor,08/03/2021,08/03/2023 0:00,1354.39,1,6,North
3229,41,Female,Motor,07/12/2022,07/12/2023 0:00,587.64,4,9,South
3230,59,Female,Home,19/08/2023,19/08/2025 0:00,1482.3,,4,North
3231,53,Male,Home,10/11/2022,,1263.72,4,6,West
3232,28,Male,Home,25/02/2023,25/02/2025 0:00,1019.3,3,4,North
3233,47,,Motor,06/09/2023,06/09/2024 0:00,278.49,2,6,East
3234,34,Female,Home,25/03/2024,,952.6,,2,South
3235,69,Male,Home,16/12/2021,16/12/2022 0:00,681.24,4,3,East
3236,51,Male,Home,03/05/2022,03/05/2025 0:00,1286.65,1,1,West
3237,20,Male,Home,27/12/2020,,373.19,4,7,West
3238,38,Male,Home,28/02/2022,28/02/2025 0:00,1221.12,4,10,West
3239,32,Male,Home,02/08/2023,02/08/2024 0:00,829.77,3,2,North
3240,63,Male,Motor,16/01/2023,16/01/2025 0:00,571.79,4,6,West
3241,46,Female,Auto,16/02/2023,16/02/2025 0:00,1136.2,2,7,West
3242,43,Male,Home,11/06/2023,11/06/2025 0:00,1192.04,0,2,East
3243,27,Male,Auto,20/10/2020,20/10/2023 0:00,1238.14,1,2,North
3244,44,Female,Motor,14/12/2019,14/12/2020 0:00,758.56,2,2,East
3245,60,Female,Motor,16/08/2022,16/08/2025 0:00,558.48,2,10,East
3246,64,Male,Home,01/04/2020,,1230.02,3,5,West
3247,58,Female,Home,04/02/2022,04/02/2023 0:00,921.87,1,6,West
3248,63,Female,Motor,08/02/2024,08/02/2026 0:00,421.06,0,,North
3249,38,Female,Home,27/01/2024,,571.25,1,6,West
3250,30,Male,Auto,22/02/2020,22/02/2021 0:00,574.15,1,7,South
3251,24,Female,Home,21/05/2023,21/05/2024 0:00,1099.04,2,6,West
3252,65,Male,Motor,02/02/2024,02/02/2027 0:00,1321.35,4,6,East
3253,47,Male,Motor,05/02/2020,05/02/2021 0:00,767.96,2,1,West
3254,48,Male,Home,24/01/2020,24/01/2023 0:00,1119.91,2,7,South
3255,25,Male,Home,27/08/2023,27/08/2026 0:00,1446.46,4,7,East
3256,25,Female,Motor,12/03/2020,12/03/2022 0:00,980.48,3,6,West
3257,26,Female,Home,17/02/2024,17/02/2027 0:00,375.92,5,6,South
3258,24,Male,Auto,07/12/2019,07/12/2021 0:00,1196.69,2,7,East
3259,25,Female,Motor,30/06/2024,30/06/2027 0:00,1334.82,3,5,South
3260,68,Female,Auto,21/10/2019,21/10/2022 0:00,1385.54,0,2,North
3261,39,Male,Home,01/04/2022,,739.42,1,3,North
3262,66,Female,Motor,11/01/2023,11/01/2024 0:00,825.47,1,6,West
3263,49,Male,Auto,03/04/2022,03/04/2023 0:00,701.78,5,6,South
3264,27,Male,Auto,22/05/2021,22/05/2023 0:00,1377.95,3,6,North
3265,67,Female,Motor,17/08/2024,17/08/2027 0:00,500.34,1,9,East
3266,19,Male,Home,15/08/2022,15/08/2024 0:00,976.31,5,8,North
3267,52,Female,Motor,30/11/2021,30/11/2024 0:00,686.21,0,4,West
3268,47,Male,Home,11/07/2024,11/07/2026 0:00,608.78,1,6,North
3269,20,Female,Motor,26/02/2024,26/02/2027 0:00,1240.9,1,7,East
3270,67,Male,Home,19/02/2024,,597.01,1,6,South
3271,56,Male,Home,01/10/2022,01/10/2025 0:00,1047.41,3,2,West
3272,54,Male,Home,07/07/2022,,invalid,2,3,North
3273,68,Male,Home,20/12/2023,20/12/2024 0:00,1261.72,4,4,North
3274,53,Male,Home,04/04/2021,04/04/2024 0:00,818.22,3,7,North
3275,38,Female,Home,27/07/2020,27/07/2023 0:00,730.82,1,1,North
3276,50,Male,Motor,22/08/2021,,936.2,4,10,North
3277,64,Female,Home,28/10/2020,28/10/2022 0:00,895.22,2,9,West
3278,26,Male,Auto,18/03/2022,18/03/2025 0:00,855.94,1,4,East
3279,43,Male,Auto,11/03/2020,11/03/2021 0:00,1494.62,0,8,East
3280,32,Male,Auto,17/06/2024,17/06/2026 0:00,826.04,1,4,West
3281,26,Female,Auto,27/03/2021,27/03/2023 0:00,527.68,3,4,West
3282,50,Female,Home,15/04/2023,15/04/2026 0:00,885.34,5,7,West
3283,58,Male,Home,13/08/2020,13/08/2021 0:00,352.81,5,6,South
3284,,Female,Home,06/05/2021,06/05/2022 0:00,293.76,0,2,East
3285,27,Male,Motor,01/09/2024,01/09/2026 0:00,525.87,5,7,East
3286,48,Male,Home,23/07/2021,,1108.03,0,9,East
3287,69,Female,Motor,04/08/2023,04/08/2025 0:00,296.9,2,5,North
3288,65,Male,Home,26/07/2023,,483.14,4,9,East
3289,39,Male,Home,14/03/2021,14/03/2022 0:00,344.59,1,,West
3290,54,Female,Auto,09/07/2020,09/07/2022 0:00,1379.97,2,5,West
3291,,Male,Auto,21/01/2024,21/01/2027 0:00,501.86,5,6,East
3292,42,Female,Home,13/01/2023,13/01/2024 0:00,949.28,3,2,South
3293,47,Female,Home,05/01/2023,05/01/2026 0:00,912.19,1,7,East
3294,29,Male,Auto,18/04/2024,18/04/2025 0:00,289.09,4,7,West
3295,45,Female,Auto,09/12/2022,09/12/2024 0:00,313.02,0,2,South
3296,24,Female,Auto,04/10/2021,04/10/2024 0:00,253,5,1,West
3297,26,Female,Auto,08/03/2024,08/03/2027 0:00,959.3,3,6,North
3298,56,Male,Home,12/12/2021,,658.72,0,2,West
3299,25,Male,Home,14/01/2023,,1427.54,3,1,East
3300,32,Female,Home,07/08/2023,07/08/2026 0:00,458.97,4,7,South
3301,35,Female,Motor,18/06/2020,18/06/2021 0:00,921.67,,9,North
3302,51,Female,Auto,13/03/2024,13/03/2026 0:00,1380.79,2,7,East
3303,24,Female,Auto,27/11/2023,27/11/2025 0:00,1073.9,0,1,West
3304,56,Male,Auto,05/08/2021,05/08/2023 0:00,364.68,3,8,North
3305,25,Male,Home,29/05/2021,29/05/2024 0:00,985.13,3,5,West
3306,30,Male,Motor,04/09/2022,04/09/2023 0:00,459.72,1,4,North
3307,27,Female,Motor,14/12/2022,14/12/2025 0:00,1038.76,2,8,South
3308,64,Female,Home,06/01/2020,06/01/2023 0:00,895,1,8,North
3309,49,Female,Home,10/04/2022,,517.84,4,5,East
3310,28,Male,Auto,30/04/2020,30/04/2023 0:00,737.08,4,9,East
3311,,Male,Home,14/09/2022,,298.78,4,8,North
3312,,Female,Home,27/10/2023,27/10/2024 0:00,634.23,2,10,North
3313,68,Female,Home,16/04/2021,,1203.02,2,2,North
3314,20,Male,Auto,16/08/2021,16/08/2024 0:00,367.75,1,5,West
3315,46,Female,Home,08/07/2022,08/07/2023 0:00,337.38,4,8,East
3316,68,Male,Home,03/03/2023,,1012.16,3,10,West
3317,68,Female,Home,17/04/2023,17/04/2026 0:00,831.23,3,8,East
3318,20,Female,Motor,02/04/2020,02/04/2022 0:00,1430.6,0,10,East
3319,27,Male,Home,07/11/2023,,368.66,2,4,East
3320,68,Male,Home,30/01/2022,30/01/2024 0:00,1357.35,5,4,North
3321,,Male,Motor,04/03/2022,04/03/2023 0:00,910.06,1,3,East
3322,57,Female,Home,30/01/2023,30/01/2025 0:00,846.96,3,5,South
3323,38,Male,Motor,27/04/2024,,331.53,3,2,West
3324,69,Female,Home,18/09/2021,,471.25,4,6,West
3325,23,Female,Auto,24/08/2024,24/08/2026 0:00,842.21,1,7,West
3326,23,Male,Auto,02/11/2020,02/11/2022 0:00,760.13,1,1,South
3327,34,Male,Home,26/07/2020,,560.99,0,8,East
3328,,Male,Motor,16/11/2021,16/11/2024 0:00,375.65,3,6,South
3329,66,Male,Home,28/07/2024,,1375.9,1,1,East
3330,19,Female,Auto,29/10/2019,29/10/2020 0:00,437.11,2,4,East
3331,23,Male,Auto,24/05/2023,24/05/2024 0:00,1457.77,3,3,East
3332,52,Female,Home,23/08/2022,,352.98,3,6,East
3333,31,Female,Auto,18/03/2023,18/03/2024 0:00,353.84,2,7,East
3334,44,Male,Home,09/07/2020,,1412.82,1,9,East
3335,66,Female,Motor,08/12/2020,08/12/2021 0:00,511.21,1,1,North
3336,64,Male,Home,25/08/2023,,730.38,0,4,North
3337,35,Male,Home,18/07/2020,,1108.77,1,3,South
3338,21,Female,Home,04/02/2024,,1363.75,0,4,North
3339,48,Male,Motor,12/09/2023,,509.83,5,10,East
3340,64,Male,Motor,01/03/2023,01/03/2024 0:00,1386.4,2,9,South
3341,64,Female,Motor,25/03/2024,25/03/2026 0:00,515.54,,5,South
3342,70,Male,Home,27/08/2022,,1192.88,0,8,North
3343,49,Female,Home,06/10/2022,,255.33,5,10,West
3344,64,Male,Motor,31/03/2024,31/03/2026 0:00,1480.61,5,9,North
3345,33,Male,Home,17/03/2020,17/03/2022 0:00,1173.69,4,9,North
3346,53,Male,Home,31/03/2023,31/03/2024 0:00,719.53,1,7,South
3347,50,Female,Home,27/07/2020,27/07/2021 0:00,1128.65,3,6,East
3348,28,Female,Home,19/05/2023,19/05/2024 0:00,1231.29,0,4,South
3349,67,Female,Home,24/07/2022,24/07/2024 0:00,1262.77,1,8,North
3350,65,,Auto,15/05/2023,15/05/2026 0:00,468.42,0,2,West
3351,32,Female,Motor,30/10/2019,30/10/2021 0:00,474.63,5,3,West
3352,40,Male,Auto,15/04/2022,15/04/2024 0:00,586.49,2,10,East
3353,39,Male,Home,02/01/2021,,969.19,5,6,North
3354,45,Female,Auto,10/08/2022,10/08/2024 0:00,704.9,3,10,South
3355,67,Female,Home,15/01/2024,,933.11,4,6,East
3356,34,Male,Motor,11/06/2023,11/06/2026 0:00,898.43,4,7,South
3357,67,Female,Home,24/02/2020,24/02/2021 0:00,462.68,3,3,West
3358,65,Female,Motor,07/12/2019,07/12/2022 0:00,1177.58,4,9,North
3359,69,Female,Home,02/11/2020,,1146.89,1,1,North
3360,,Female,Home,17/05/2021,17/05/2023 0:00,665.14,1,4,East
3361,36,Male,Home,09/02/2023,,925.61,,6,East
3362,36,Male,Auto,11/09/2021,11/09/2023 0:00,830.86,1,2,East
3363,48,Male,Auto,01/10/2022,01/10/2025 0:00,1402.35,5,1,South
3364,32,Female,Motor,04/11/2019,04/11/2022 0:00,1132.96,3,1,West
3365,,Female,Home,15/12/2021,15/12/2023 0:00,1159.11,,3,South
3366,66,Female,Motor,26/12/2020,26/12/2023 0:00,567.06,2,1,West
3367,37,Female,Auto,22/06/2024,22/06/2027 0:00,788.92,5,10,North
3368,68,Male,Home,21/06/2020,21/06/2022 0:00,873.81,0,2,East
3369,57,Male,Auto,10/09/2021,10/09/2022 0:00,1004.66,3,7,West
3370,33,Female,Auto,18/07/2022,18/07/2025 0:00,1138,4,6,South
3371,34,Female,Motor,08/11/2022,08/11/2025 0:00,491.12,3,8,North
3372,51,Male,Home,01/04/2021,,341.16,1,5,West
3373,42,Male,Home,15/04/2020,,635.1,1,2,East
3374,42,Female,Auto,15/07/2021,15/07/2023 0:00,307.71,0,9,South
3375,18,Female,Auto,14/05/2023,,1418.03,2,3,South
3376,68,Male,Home,07/09/2023,07/09/2025 0:00,1157.43,2,7,South
3377,69,Female,Home,07/09/2023,,1260.75,3,10,East
3378,39,Male,Home,05/06/2021,,1183.36,5,10,East
3379,59,Male,Home,12/04/2020,12/04/2022 0:00,1328.36,3,7,East
3380,64,Female,Home,27/09/2022,,1177.39,3,1,East
3381,61,Male,Home,30/08/2022,,321.19,0,1,East
3382,53,Male,Home,23/01/2022,23/01/2023 0:00,1114.22,0,2,East
3383,52,Male,Auto,30/09/2023,30/09/2025 0:00,429.16,3,1,East
3384,61,Male,Home,15/07/2021,,866.62,4,5,South
3385,60,Male,Home,10/08/2022,10/08/2025 0:00,917.41,3,9,West
3386,51,Female,Home,22/04/2020,22/04/2023 0:00,1020.52,1,7,North
3387,67,Female,Home,20/02/2021,,1334.51,4,4,West
3388,18,Male,Home,28/12/2021,28/12/2022 0:00,687.54,0,6,West
3389,68,Female,Auto,17/12/2019,17/12/2020 0:00,359.91,2,2,West
3390,70,Female,Auto,19/03/2024,19/03/2027 0:00,1037.88,0,7,West
3391,,Female,Home,26/04/2021,,1310.61,,2,North
3392,23,Male,Auto,16/11/2019,16/11/2021 0:00,794.09,5,,North
3393,50,Female,Auto,10/09/2021,10/09/2023 0:00,371.93,0,1,South
3394,63,Female,Auto,06/09/2022,06/09/2023 0:00,1082.53,2,6,South
3395,29,Male,Auto,24/08/2024,24/08/2027 0:00,1202.9,4,2,North
3396,64,Female,Auto,05/02/2021,05/02/2024 0:00,1464.15,4,,North
3397,49,Female,Home,05/04/2024,,466.65,3,1,South
3398,33,Male,Home,15/11/2020,,1338.04,3,4,North
3399,65,Female,Motor,15/07/2021,15/07/2022 0:00,530.59,3,10,North
3400,25,Female,Home,14/11/2019,14/11/2022 0:00,1394.33,1,3,East
3401,49,Female,Motor,20/10/2020,20/10/2022 0:00,329.64,2,6,West
3402,41,Male,Home,26/07/2020,,611.63,0,4,South
3403,37,Male,Home,18/06/2023,18/06/2025 0:00,661.11,2,5,West
3404,38,Male,Home,07/05/2023,07/05/2025 0:00,467.51,0,8,East
3405,70,Female,Home,10/07/2023,10/07/2026 0:00,927.16,5,7,South
3406,63,Male,Home,21/01/2021,21/01/2022 0:00,274.19,0,3,West
3407,64,Male,Home,01/08/2023,,1023.16,3,7,West
3408,32,Female,Motor,13/12/2019,13/12/2021 0:00,1264.6,0,3,West
3409,25,Male,Home,08/12/2020,,1223.23,3,4,West
3410,45,Male,Motor,05/05/2024,05/05/2027 0:00,876.55,4,1,North
3411,31,Female,Home,01/05/2023,01/05/2024 0:00,999.35,1,9,South
3412,29,Male,Auto,21/12/2019,21/12/2022 0:00,742.66,1,3,North
3413,38,Female,Motor,14/05/2024,14/05/2025 0:00,889.33,0,5,East
3414,39,Female,Home,22/03/2020,,919.25,2,8,South
3415,,Male,Motor,08/10/2019,08/10/2022 0:00,698.6,0,2,East
3416,30,Female,Home,22/04/2023,,897.6,4,2,South
3417,56,Male,Motor,03/10/2020,03/10/2023 0:00,1410.82,1,9,East
3418,32,Male,Auto,03/10/2020,03/10/2021 0:00,839.24,4,6,East
3419,25,Male,Home,29/10/2023,29/10/2024 0:00,421.64,2,8,West
3420,20,Female,Home,28/01/2020,,1379.63,5,2,South
3421,34,Female,Motor,16/03/2023,16/03/2026 0:00,313.85,5,5,South
3422,64,Female,Home,19/03/2023,,1438.22,1,3,East
3423,70,Male,Home,20/02/2024,20/02/2025 0:00,677.64,4,6,South
3424,21,Male,Home,04/05/2024,04/05/2026 0:00,1360.5,5,1,North
3425,66,Female,Motor,18/11/2020,18/11/2023 0:00,681.62,2,7,East
3426,68,Male,Motor,12/01/2022,12/01/2024 0:00,958.44,0,6,East
3427,40,Female,Auto,25/10/2022,25/10/2025 0:00,1349.25,5,9,East
3428,56,Female,Auto,21/03/2024,21/03/2025 0:00,696.75,3,2,East
3429,53,Male,Motor,24/01/2023,24/01/2026 0:00,448.42,1,9,East
3430,19,Male,Auto,16/10/2019,16/10/2022 0:00,1387.71,5,7,West
3431,18,Male,Auto,31/12/2023,31/12/2025 0:00,862.35,5,9,South
3432,65,Female,Home,27/09/2023,,invalid,5,3,South
3433,44,Female,Home,01/03/2024,,587.18,4,9,South
3434,51,Female,Home,02/02/2024,,1288.67,1,2,West
3435,35,Male,Home,03/11/2022,03/11/2024 0:00,1402.88,3,2,North
3436,53,Male,Auto,22/04/2020,22/04/2021 0:00,1155.72,2,9,East
3437,44,Female,Motor,10/08/2024,10/08/2025 0:00,invalid,4,6,West
3438,,Male,Home,20/03/2020,,897.05,5,5,East
3439,66,Male,Home,10/07/2022,10/07/2023 0:00,557.11,1,1,West
3440,50,Female,Home,24/04/2020,,1306.66,1,8,North
3441,40,Female,Home,26/06/2021,,1329.19,2,10,West
3442,54,Female,Motor,25/05/2022,25/05/2023 0:00,1289.34,3,1,North
3443,53,Female,Home,06/10/2020,06/10/2022 0:00,478.22,1,5,North
3444,35,Male,Home,07/03/2023,07/03/2026 0:00,1246.83,1,8,North
3445,35,Female,Auto,21/04/2022,21/04/2023 0:00,1031.46,5,1,East
3446,57,Male,Motor,06/03/2024,06/03/2025 0:00,1313.46,5,7,South
3447,30,Male,Home,02/02/2022,02/02/2024 0:00,1009.54,3,1,West
3448,22,Male,Motor,25/04/2021,25/04/2024 0:00,352.75,0,5,South
3449,43,Female,Home,27/03/2021,27/03/2023 0:00,1112.51,4,6,South
3450,24,Male,Motor,12/03/2020,12/03/2023 0:00,1272.28,4,3,East
3451,18,Female,Home,17/10/2019,17/10/2021 0:00,869.25,2,6,West
3452,69,Female,Auto,16/12/2019,16/12/2021 0:00,429.77,2,6,North
3453,31,Male,Auto,05/09/2024,,637.55,5,2,North
3454,64,Male,Auto,14/08/2024,14/08/2026 0:00,1158.35,3,1,East
3455,29,Female,Home,09/09/2022,,872.61,0,5,West
3456,48,Male,Home,19/12/2022,,433,1,1,South
3457,60,Male,Home,22/01/2022,22/01/2024 0:00,1317.02,1,6,West
3458,65,Male,Motor,07/11/2022,07/11/2025 0:00,1426.17,1,6,West
3459,33,Male,Motor,09/02/2020,09/02/2021 0:00,989.2,0,3,East
3460,44,Male,Auto,28/11/2023,28/11/2025 0:00,336.11,3,6,East
3461,70,Female,Home,29/12/2022,29/12/2023 0:00,1042.09,5,6,South
3462,24,Female,Home,19/09/2023,19/09/2025 0:00,1424.57,5,8,South
3463,26,Male,Motor,15/03/2023,15/03/2025 0:00,982.16,4,8,West
3464,28,Male,Auto,05/02/2022,05/02/2024 0:00,1310.28,2,5,East
3465,67,Male,Auto,01/12/2022,01/12/2025 0:00,574.75,4,4,East
3466,25,Male,Home,09/11/2020,,1334.97,3,10,South
3467,54,Female,Home,28/09/2019,,465.59,3,7,North
3468,44,Female,Auto,16/12/2021,16/12/2022 0:00,1192.27,5,4,South
3469,20,Male,Motor,21/06/2023,21/06/2024 0:00,791.54,4,8,South
3470,67,Male,Auto,10/10/2022,10/10/2023 0:00,852.69,1,8,North
3471,19,Female,Motor,20/08/2024,20/08/2026 0:00,325.02,4,4,West
3472,56,Female,Auto,22/11/2020,22/11/2021 0:00,1443.61,5,7,North
3473,66,Female,Auto,02/09/2020,02/09/2023 0:00,384.43,1,10,West
3474,24,Female,Home,03/04/2024,03/04/2027 0:00,888.18,3,10,South
3475,,Male,Home,09/12/2023,,535.84,1,7,East
3476,46,Male,Motor,28/10/2019,28/10/2021 0:00,1296.06,2,1,South
3477,40,Female,Home,18/06/2023,,558.68,3,10,West
3478,49,Male,Home,16/12/2022,16/12/2025 0:00,718.61,1,10,West
3479,40,Female,Auto,22/05/2020,22/05/2023 0:00,503.16,0,1,East
3480,36,Female,Auto,07/12/2022,07/12/2025 0:00,288.53,0,4,West
3481,52,Female,Home,12/09/2024,12/09/2026 0:00,382.88,1,2,North
3482,31,Male,Home,19/06/2022,19/06/2025 0:00,1185.79,3,3,North
3483,35,Female,Auto,23/06/2023,23/06/2024 0:00,452.37,2,,North
3484,23,Female,Home,12/04/2022,12/04/2023 0:00,1487.74,0,9,South
3485,47,Male,Home,07/10/2022,07/10/2023 0:00,284.23,2,6,South
3486,30,Female,Home,27/03/2021,27/03/2022 0:00,1499.15,2,9,East
3487,52,Female,Auto,17/04/2021,17/04/2024 0:00,1139.87,4,6,West
3488,61,Female,Home,08/06/2024,08/06/2026 0:00,1287.57,3,8,South
3489,46,Female,Auto,06/01/2022,06/01/2024 0:00,472.44,1,2,West
3490,48,Male,Home,12/11/2021,12/11/2022 0:00,367.01,1,5,East
3491,67,Male,Motor,18/07/2021,18/07/2022 0:00,1158.6,2,1,West
3492,19,Female,Auto,13/05/2023,13/05/2024 0:00,662.74,1,5,West
3493,20,Male,Home,24/07/2020,24/07/2023 0:00,1116.4,1,8,North
3494,25,Female,Home,21/06/2022,21/06/2024 0:00,1155.78,1,2,West
3495,45,Male,Auto,12/10/2020,12/10/2021 0:00,572.78,5,10,South
3496,,Female,Home,22/04/2021,,1073.6,4,1,East
3497,55,Female,Home,06/12/2020,06/12/2023 0:00,969.56,1,5,West
3498,59,Male,Home,31/05/2024,,570.4,3,1,West
3499,52,Male,Motor,22/06/2020,22/06/2023 0:00,564.47,1,2,West
3500,42,Male,Home,27/02/2024,27/02/2025 0:00,872.95,0,9,West
3501,21,Female,Motor,22/11/2020,22/11/2023 0:00,1492.88,5,5,North
3502,56,Female,Auto,08/12/2023,08/12/2025 0:00,920.85,0,8,West
3503,31,Male,Home,19/09/2020,,365.4,1,4,East
3504,55,Female,Auto,10/11/2022,10/11/2023 0:00,1192.5,2,5,East
3505,18,Female,Auto,14/01/2023,14/01/2024 0:00,663.83,1,4,South
3506,31,Female,Home,07/05/2022,07/05/2024 0:00,514.38,0,3,East
3507,61,Male,Home,03/05/2021,03/05/2023 0:00,507.92,0,4,South
3508,44,Male,Motor,03/12/2019,03/12/2022 0:00,929.49,1,7,North
3509,36,Female,Motor,01/12/2021,01/12/2022 0:00,610.12,1,10,South
3510,21,Male,Motor,25/09/2019,25/09/2020 0:00,1474.91,1,2,North
3511,54,Male,Home,03/03/2020,03/03/2023 0:00,1145.42,4,8,East
3512,65,Male,Home,23/03/2020,23/03/2023 0:00,263.84,1,5,North
3513,38,Female,Motor,15/05/2021,15/05/2022 0:00,1410.83,0,6,South
3514,36,Male,Motor,23/10/2022,,638.08,5,6,West
3515,25,Female,Home,27/04/2022,,1037.14,5,4,North
3516,56,Male,Auto,13/02/2024,13/02/2027 0:00,1041.68,5,10,West
3517,26,Female,Home,27/05/2020,,836.76,5,5,South
3518,66,Female,Auto,31/08/2023,31/08/2024 0:00,437.46,5,4,East
3519,18,Female,Motor,19/06/2024,19/06/2027 0:00,1142.77,5,4,South
3520,47,Male,Home,03/05/2020,03/05/2021 0:00,916.45,5,9,West
3521,35,Male,Auto,26/03/2022,26/03/2025 0:00,1134.21,3,10,North
3522,65,Male,Home,05/08/2022,05/08/2023 0:00,778.59,2,7,East
3523,42,Male,Home,09/06/2024,,1116.26,1,6,East
3524,46,Male,Motor,12/03/2024,12/03/2027 0:00,596.57,3,3,West
3525,68,Female,Home,15/02/2024,,592.78,5,4,East
3526,69,Male,Auto,16/08/2020,16/08/2021 0:00,793.27,0,4,East
3527,33,Female,Auto,20/08/2022,20/08/2024 0:00,607.43,2,9,South
3528,24,Male,Home,06/06/2022,,1293.46,5,6,West
3529,67,Male,Home,20/07/2020,20/07/2022 0:00,1371.64,5,6,North
3530,21,Female,Home,14/05/2023,14/05/2025 0:00,1312.63,2,10,East
3531,34,Male,Home,11/03/2023,,1343.37,2,7,East
3532,55,Female,Motor,27/03/2022,27/03/2024 0:00,532.34,0,8,East
3533,48,Female,Home,15/03/2022,,452.89,4,3,South
3534,39,Female,Home,29/01/2021,,1038,3,7,North
3535,42,Male,Motor,24/06/2024,24/06/2025 0:00,350.7,2,2,South
3536,57,Female,Motor,23/03/2020,23/03/2023 0:00,917.59,1,3,North
3537,65,Female,Home,26/01/2024,26/01/2027 0:00,1144.15,2,,West
3538,67,Male,Home,02/03/2020,02/03/2022 0:00,679.56,3,9,South
3539,23,Female,Home,05/02/2022,,430.2,5,7,North
3540,57,Female,Home,02/07/2023,,665.17,0,10,South
3541,,Female,Auto,06/02/2022,06/02/2023 0:00,982.21,1,2,East
3542,44,Male,Home,08/01/2020,08/01/2021 0:00,1296.55,4,6,West
3543,62,Female,Home,09/05/2020,09/05/2023 0:00,971.2,3,2,East
3544,36,Female,Auto,03/02/2020,03/02/2023 0:00,977.56,4,8,North
3545,25,Male,Motor,05/07/2024,05/07/2025 0:00,1450.81,1,5,South
3546,57,Female,Home,29/10/2021,,1277.11,1,9,West
3547,52,Male,Motor,02/11/2021,02/11/2022 0:00,1109.09,2,,North
3548,53,Male,Auto,29/01/2022,29/01/2025 0:00,599.16,0,2,South
3549,20,Female,Home,06/11/2021,06/11/2023 0:00,1452.58,2,7,East
3550,26,Female,Home,05/07/2021,,1139.32,1,3,West
3551,64,Male,Home,17/01/2023,17/01/2026 0:00,477.36,0,3,North
3552,31,Male,Home,11/07/2020,11/07/2021 0:00,850.62,2,10,West
3553,55,Male,Home,14/09/2020,14/09/2023 0:00,1493.53,4,8,South
3554,39,Male,Motor,26/09/2021,26/09/2024 0:00,1384.48,3,7,South
3555,21,Male,Home,22/07/2022,,872.17,5,10,East
3556,44,Male,Auto,16/06/2023,16/06/2025 0:00,958.72,1,10,East
3557,68,Female,Home,02/09/2022,02/09/2025 0:00,1491.04,3,4,West
3558,55,Female,Motor,15/08/2020,15/08/2023 0:00,1202.45,1,6,West
3559,54,,Home,08/02/2024,,744.21,1,5,West
3560,65,Male,Motor,02/10/2020,02/10/2021 0:00,422.04,0,2,East
3561,40,Female,Motor,18/04/2021,18/04/2023 0:00,1458.64,1,1,North
3562,66,Female,Motor,16/11/2023,16/11/2024 0:00,1447.33,0,6,West
3563,66,Female,Auto,17/02/2020,17/02/2023 0:00,1115.26,0,1,North
3564,65,Female,Motor,14/09/2023,14/09/2025 0:00,707.62,4,2,North
3565,57,Male,Home,17/11/2020,,1128.01,5,1,East
3566,26,Male,Home,01/04/2021,,632.59,3,1,East
3567,31,Male,Home,30/05/2023,,1400.06,1,3,East
3568,70,Female,Motor,04/10/2020,04/10/2021 0:00,517.33,1,3,East
3569,61,Female,Home,03/06/2024,,658.35,2,9,East
3570,43,Female,Home,07/04/2024,07/04/2026 0:00,1005.5,5,9,East
3571,61,Female,Home,03/01/2021,,674.1,1,9,North
3572,67,Female,Home,28/05/2024,,1380.95,1,4,East
3573,20,Male,Home,15/11/2020,15/11/2023 0:00,802.08,4,5,South
3574,61,Female,Auto,24/05/2024,24/05/2027 0:00,350.13,0,6,West
3575,32,Male,Home,01/11/2023,01/11/2025 0:00,932.3,5,9,West
3576,40,Female,Auto,01/07/2021,,1459.63,4,2,South
3577,22,Female,Home,23/12/2020,,1350.46,3,7,South
3578,48,Female,Motor,13/05/2024,13/05/2025 0:00,727.15,1,,South
3579,54,Female,Home,19/08/2022,,1282.54,1,8,West
3580,61,Male,Home,01/11/2022,01/11/2023 0:00,660.2,4,8,South
3581,20,Female,Home,09/08/2024,,297.16,0,3,North
3582,51,,Motor,10/04/2023,10/04/2025 0:00,368.27,2,6,South
3583,21,Female,Home,18/08/2020,18/08/2023 0:00,430.91,0,4,West
3584,34,Male,Auto,29/01/2023,29/01/2024 0:00,733.8,5,4,North
3585,47,Male,Home,04/01/2021,04/01/2023 0:00,481.76,2,1,North
3586,23,Female,Home,27/07/2020,,1431.21,5,3,East
3587,58,Male,Motor,17/08/2021,17/08/2024 0:00,338.27,4,10,South
3588,25,Female,Home,22/06/2022,,300.47,5,5,West
3589,33,Male,Auto,02/03/2024,02/03/2026 0:00,351.5,3,9,East
3590,24,Female,Unknown,26/02/2022,26/02/2024 0:00,1451.23,3,8,North
3591,49,Female,Home,26/10/2021,,446.87,3,4,East
3592,52,Male,Home,02/10/2022,,1404.33,2,6,East
3593,34,Male,Home,21/04/2023,,1424.27,2,3,East
3594,53,Female,Home,03/04/2023,,1254.34,5,10,South
3595,42,Female,Auto,04/07/2024,04/07/2025 0:00,871.19,0,2,West
3596,58,Male,Auto,07/05/2023,,1138.74,1,2,East
3597,27,Female,Auto,05/03/2020,05/03/2023 0:00,1216.32,3,7,South
3598,53,Female,Home,05/03/2024,05/03/2026 0:00,1318.83,0,10,North
3599,41,Male,Home,12/02/2023,12/02/2026 0:00,1204.04,2,6,South
3600,41,Male,Home,15/09/2021,,630.06,5,3,East
3601,34,Male,Home,30/07/2021,,693.8,4,9,North
3602,34,Female,Motor,18/07/2024,18/07/2027 0:00,306.92,2,,West
3603,22,Female,Motor,17/07/2024,17/07/2026 0:00,497.69,4,9,West
3604,53,Male,Home,01/03/2023,01/03/2025 0:00,402.51,3,2,East
3605,32,Male,Home,15/12/2023,,1283.16,2,7,North
3606,45,Male,Home,16/06/2020,16/06/2021 0:00,313.75,1,3,West
3607,42,,Home,28/08/2022,28/08/2023 0:00,533.21,3,4,East
3608,43,Male,Home,18/04/2024,,771.55,4,10,West
3609,22,Male,Motor,11/01/2022,,1497.03,1,10,East
3610,34,Female,Motor,15/02/2022,15/02/2023 0:00,778.89,0,,East
3611,38,Female,Home,10/11/2021,,261.27,,2,West
3612,44,Male,Motor,12/01/2023,12/01/2026 0:00,1470.32,1,3,North
3613,33,Female,Home,05/08/2024,05/08/2025 0:00,1205.58,5,7,South
3614,66,Female,Home,29/04/2024,,502.86,3,7,South
3615,55,Male,Motor,13/08/2024,13/08/2026 0:00,784.77,3,10,East
3616,62,Female,Auto,11/12/2022,11/12/2023 0:00,846.76,4,10,East
3617,52,Male,Motor,12/03/2020,12/03/2022 0:00,715.18,1,5,West
3618,26,Female,Home,12/11/2023,12/11/2026 0:00,1368.39,4,10,South
3619,31,Female,Motor,21/06/2023,21/06/2026 0:00,847.31,4,10,East
3620,54,Female,Home,23/09/2021,,1469.35,1,1,West
3621,39,Female,Motor,19/05/2022,19/05/2024 0:00,720.39,3,4,South
3622,35,Female,Home,19/10/2019,19/10/2020 0:00,551.01,5,8,West
3623,45,Female,Home,25/08/2024,,invalid,2,7,South
3624,21,Male,Auto,16/08/2020,16/08/2023 0:00,1351.58,0,1,South
3625,31,Male,Home,05/04/2020,05/04/2022 0:00,1412.29,3,4,South
3626,49,Male,Home,06/09/2020,,1160.94,1,5,East
3627,51,Male,Auto,20/04/2024,20/04/2025 0:00,1172.31,0,1,North
3628,19,Male,Auto,09/03/2024,09/03/2025 0:00,1387.71,2,5,North
3629,67,Female,Motor,27/05/2020,27/05/2021 0:00,1234.47,1,1,East
3630,36,Female,Auto,25/03/2021,25/03/2022 0:00,1127.21,3,1,West
3631,69,Male,Auto,12/01/2023,12/01/2024 0:00,880.08,3,1,East
3632,44,Male,Home,28/12/2019,28/12/2020 0:00,628.04,0,2,South
3633,41,Female,Auto,24/11/2020,24/11/2021 0:00,836.12,4,7,West
3634,21,Male,Auto,06/09/2020,06/09/2022 0:00,1302.35,4,7,East
3635,59,Male,Motor,07/05/2024,07/05/2026 0:00,715.17,4,5,East
3636,51,Female,Motor,28/11/2021,28/11/2024 0:00,656.64,3,10,East
3637,40,Male,Motor,05/10/2020,05/10/2022 0:00,580.9,2,10,South
3638,18,Female,Home,04/01/2024,,799.51,5,6,West
3639,19,Male,Home,09/04/2023,09/04/2026 0:00,334.46,5,9,West
3640,22,Male,Home,29/09/2019,,1393.67,4,5,North
3641,19,Female,Home,15/07/2023,15/07/2025 0:00,789.23,1,2,South
3642,49,Male,Home,27/05/2022,,613.83,2,9,East
3643,18,Male,Home,11/01/2020,,832.53,1,7,East
3644,61,Female,Home,16/03/2020,,562.08,4,4,West
3645,50,Male,Home,14/02/2021,,1117.35,0,8,North
3646,20,Female,Home,08/08/2021,08/08/2024 0:00,750.65,3,3,East
3647,63,Male,Motor,16/01/2020,16/01/2022 0:00,1024.13,2,10,South
3648,18,Male,Auto,22/05/2024,22/05/2026 0:00,769.41,5,1,South
3649,22,Male,Motor,27/09/2020,27/09/2023 0:00,671.19,1,4,East
3650,69,Male,Home,09/12/2023,,1493.88,4,7,North
3651,28,Female,Motor,07/03/2022,07/03/2025 0:00,292.07,5,3,North
3652,47,Male,Home,01/10/2021,,666.88,3,1,West
3653,61,Male,Motor,08/12/2023,08/12/2026 0:00,1039.7,0,4,West
3654,57,Female,Home,04/12/2021,,935.97,5,,West
3655,29,Female,Home,28/05/2020,,499.87,2,9,West
3656,33,Male,Auto,14/04/2022,14/04/2023 0:00,1368.76,3,5,South
3657,70,Male,Motor,30/06/2023,30/06/2024 0:00,593.76,2,4,South
3658,52,Male,Home,22/11/2021,,857.46,5,5,West
3659,35,Male,Auto,09/02/2024,,1163.79,4,5,West
3660,36,Male,Home,06/11/2022,,824.23,4,5,East
3661,63,Male,Home,04/10/2019,04/10/2020 0:00,1499.47,1,7,South
3662,18,Female,Auto,08/12/2023,08/12/2025 0:00,1085.98,5,6,South
3663,,Female,Motor,27/07/2020,27/07/2021 0:00,1469.13,0,1,West
3664,35,Female,Motor,24/02/2023,24/02/2024 0:00,1431.39,0,1,East
3665,29,Female,Home,04/01/2020,,442.82,5,6,North
3666,32,Female,Motor,03/04/2021,03/04/2024 0:00,1074.83,3,4,East
3667,40,Female,Auto,24/05/2023,24/05/2024 0:00,411.45,3,6,East
3668,37,Female,Home,14/11/2022,14/11/2025 0:00,1193.49,4,8,North
3669,23,Male,Home,12/05/2022,,1406.18,3,1,South
3670,30,Male,Home,05/11/2020,05/11/2022 0:00,563.28,3,8,North
3671,40,Female,Motor,09/04/2022,09/04/2025 0:00,897.27,3,10,East
3672,51,Female,Home,28/09/2021,,1337.35,5,8,East
3673,44,Female,Auto,19/09/2021,19/09/2022 0:00,1203.2,1,2,West
3674,27,Female,Home,08/02/2023,,619.36,2,8,North
3675,24,,Home,06/05/2023,,1168.46,4,6,West
3676,24,Male,Home,09/03/2020,,1056.48,2,5,North
3677,37,Female,Motor,24/07/2020,24/07/2022 0:00,830.4,0,7,South
3678,29,Female,Home,07/04/2021,07/04/2023 0:00,1246.6,3,1,North
3679,43,Male,Motor,31/10/2021,31/10/2023 0:00,980.18,,9,North
3680,60,Male,Home,04/07/2022,04/07/2025 0:00,800.19,3,1,South
3681,54,Male,Auto,08/07/2024,08/07/2025 0:00,522.01,2,9,North
3682,18,Male,Home,17/05/2021,17/05/2023 0:00,1278.46,0,9,East
3683,51,Male,Motor,11/04/2024,11/04/2025 0:00,783.52,0,2,South
3684,26,Male,Home,19/09/2021,19/09/2024 0:00,1282.39,0,7,East
3685,57,Male,Home,27/10/2020,,1143.84,1,8,West
3686,33,Female,Home,12/05/2022,,865.4,2,6,West
3687,48,Male,Home,22/07/2024,,537.7,3,3,West
3688,23,Female,Auto,19/09/2022,19/09/2023 0:00,936.21,0,9,South
3689,,Female,Home,13/02/2020,13/02/2023 0:00,1191.58,4,6,East
3690,26,Male,Home,19/09/2022,19/09/2025 0:00,643.68,0,1,South
3691,62,Male,Home,15/01/2022,15/01/2024 0:00,1255.67,4,9,North
3692,61,Female,Auto,22/09/2024,22/09/2025 0:00,1380.05,2,10,North
3693,30,Female,Home,12/05/2024,,1200.98,2,4,West
3694,67,Male,Home,23/01/2020,,1186.52,1,9,East
3695,31,Female,Motor,26/07/2024,26/07/2027 0:00,911.28,0,10,North
3696,28,Male,Home,10/09/2021,10/09/2022 0:00,1400.29,2,4,West
3697,60,Male,Home,18/08/2022,,846.56,2,4,South
3698,64,Female,Home,30/07/2024,30/07/2026 0:00,292.22,4,8,East
3699,45,Male,Home,21/06/2023,21/06/2026 0:00,1399.81,5,5,South
3700,35,Female,Auto,22/06/2022,22/06/2024 0:00,656.51,3,9,North
3701,67,Female,Auto,11/04/2020,11/04/2022 0:00,771.44,5,9,South
3702,57,Female,Home,29/01/2021,,1072.76,5,5,East
3703,53,Female,Auto,10/01/2023,10/01/2025 0:00,488.33,0,7,East
3704,33,Male,Home,31/12/2019,31/12/2022 0:00,853.36,1,4,South
3705,47,Male,Motor,24/12/2020,24/12/2023 0:00,1297.62,3,8,South
3706,68,Male,Motor,12/10/2021,12/10/2024 0:00,1400.48,3,6,North
3707,55,Female,Auto,07/11/2020,07/11/2022 0:00,invalid,4,8,South
3708,37,Female,Motor,28/05/2024,28/05/2026 0:00,1144.41,5,1,East
3709,18,Female,Motor,03/08/2022,03/08/2024 0:00,985.72,1,8,East
3710,34,Female,Home,25/07/2023,,1486.46,1,4,West
3711,32,Male,Home,14/07/2020,14/07/2022 0:00,1110.81,2,1,North
3712,61,Male,Home,08/08/2020,08/08/2021 0:00,576.31,1,9,West
3713,36,Female,Auto,21/03/2021,21/03/2024 0:00,315.08,3,8,South
3714,65,Female,Motor,15/03/2022,15/03/2024 0:00,1378.94,0,4,West
3715,37,Female,Motor,13/06/2020,,489.44,0,10,East
3716,22,Male,Home,26/02/2022,,479.37,0,2,West
3717,27,Female,Auto,28/10/2019,28/10/2021 0:00,1468.49,0,8,West
3718,36,Female,Auto,11/07/2024,11/07/2027 0:00,289.85,2,5,North
3719,40,Female,Home,26/05/2021,,1403.6,4,10,West
3720,66,Male,Home,01/05/2023,,1359.94,0,3,East
3721,64,Female,Home,26/02/2023,26/02/2024 0:00,1213.71,5,10,North
3722,57,Male,Home,21/12/2019,,952.67,0,3,West
3723,26,Male,Home,13/07/2024,13/07/2027 0:00,1359.61,4,2,South
3724,28,Female,Auto,24/02/2023,24/02/2026 0:00,570.41,3,7,East
3725,20,Male,Home,09/08/2022,,914.22,5,4,West
3726,,Male,Motor,27/05/2021,27/05/2023 0:00,1149.35,2,6,East
3727,48,Female,Home,21/07/2022,,558.37,0,4,West
3728,55,Male,Home,16/09/2021,16/09/2024 0:00,266.24,1,,South
3729,39,Female,Home,07/11/2019,07/11/2021 0:00,832.82,4,3,South
3730,49,Female,Home,12/06/2020,12/06/2023 0:00,488.01,2,2,South
3731,35,Male,Auto,18/09/2020,18/09/2021 0:00,1448.35,3,7,South
3732,56,Male,Auto,17/07/2021,17/07/2023 0:00,886.3,0,7,West
3733,59,Female,Home,28/11/2020,28/11/2022 0:00,1428.7,3,5,East
3734,19,Female,Home,26/01/2020,,invalid,1,,East
3735,64,Female,Auto,28/08/2023,28/08/2024 0:00,1279.56,2,5,East
3736,27,Male,Auto,12/08/2021,12/08/2024 0:00,1242.22,4,1,South
3737,31,Female,Auto,18/12/2020,18/12/2023 0:00,429.94,5,4,North
3738,30,Male,Home,09/08/2023,09/08/2024 0:00,776.33,0,8,West
3739,45,Female,Auto,23/02/2023,,1320.98,0,1,South
3740,66,Male,Auto,18/03/2020,18/03/2022 0:00,1243.67,3,8,South
3741,37,Female,Home,10/04/2024,10/04/2026 0:00,1057.41,4,3,North
3742,62,Female,Home,10/06/2021,,1269.46,5,5,South
3743,45,Male,Auto,24/12/2019,24/12/2020 0:00,1459.3,2,4,North
3744,66,Male,Home,16/11/2019,16/11/2022 0:00,1028.23,4,3,North
3745,,Male,Motor,17/04/2020,17/04/2023 0:00,1237.56,3,8,South
3746,32,Female,Home,15/04/2020,,1405.87,3,5,East
3747,23,Male,Home,23/09/2023,,295.2,2,9,East
3748,20,Female,Home,10/10/2021,10/10/2023 0:00,782.52,4,2,East
3749,27,Female,Auto,01/06/2021,01/06/2024 0:00,707.9,0,1,North
3750,36,Female,Motor,20/05/2021,20/05/2022 0:00,557.3,4,2,East
3751,32,Male,Auto,10/10/2022,10/10/2025 0:00,529.99,1,9,East
3752,19,Female,Auto,25/09/2022,25/09/2023 0:00,1033.21,2,1,West
3753,67,Female,Home,06/09/2020,06/09/2022 0:00,1291.87,4,1,East
3754,50,Female,Motor,10/01/2023,10/01/2024 0:00,791.29,4,7,West
3755,35,Male,Auto,28/03/2023,28/03/2026 0:00,936.37,2,3,North
3756,55,Female,Home,27/08/2023,27/08/2026 0:00,818.96,1,3,East
3757,31,Male,Home,05/09/2023,,524.72,4,8,West
3758,42,Male,Home,29/07/2020,,815,4,3,South
3759,69,Male,Auto,18/09/2023,18/09/2026 0:00,1468.1,1,6,West
3760,27,Male,Home,22/11/2021,,461.12,2,3,South
3761,64,Male,Home,17/02/2021,17/02/2022 0:00,1308.59,0,10,North
3762,45,Male,Home,05/12/2021,,1331.03,3,7,East
3763,65,Male,Home,06/11/2021,,296.39,5,8,North
3764,59,Male,Motor,28/07/2022,28/07/2024 0:00,341.29,0,,West
3765,36,Male,Home,24/03/2021,,385.44,3,6,East
3766,30,Male,Motor,24/12/2023,24/12/2025 0:00,740.59,5,5,South
3767,52,Male,Home,28/10/2023,28/10/2024 0:00,450.52,0,9,East
3768,50,Male,Motor,05/04/2020,05/04/2022 0:00,1488.84,4,7,North
3769,53,Female,Home,11/02/2023,,645.44,2,2,South
3770,33,Female,Home,24/11/2019,,999.19,1,2,North
3771,20,Female,Motor,14/05/2022,14/05/2025 0:00,1295.3,0,,East
3772,51,Female,Home,31/07/2023,31/07/2026 0:00,1323.93,5,10,South
3773,46,Female,Motor,16/06/2023,16/06/2024 0:00,311.6,4,5,South
3774,26,Female,Home,21/06/2020,21/06/2021 0:00,823.94,2,8,West
3775,43,Male,Home,24/05/2022,,981.77,5,6,North
3776,55,Female,Motor,28/05/2024,28/05/2027 0:00,502.14,4,8,South
3777,46,Male,Home,01/05/2021,01/05/2023 0:00,330.05,4,8,North
3778,27,Male,Home,25/11/2021,,1281.67,4,10,North
3779,59,Male,Home,18/10/2020,,303.07,2,6,West
3780,41,Female,Home,21/12/2019,,416.27,2,2,East
3781,27,Male,Home,10/10/2021,10/10/2024 0:00,677.53,0,9,West
3782,57,Male,Home,16/02/2022,,829.66,1,8,South
3783,64,Male,Motor,17/11/2020,17/11/2023 0:00,755.15,1,1,East
3784,21,Female,Home,13/05/2022,13/05/2023 0:00,1298.69,1,6,South
3785,38,Male,Home,16/08/2023,,528.22,1,5,East
3786,51,Female,Motor,23/01/2022,23/01/2023 0:00,404.6,5,7,South
3787,54,Female,Home,31/05/2022,,861.74,2,2,West
3788,31,Female,Home,19/04/2023,19/04/2024 0:00,1279.35,4,2,South
3789,38,Male,Auto,06/05/2022,06/05/2024 0:00,1008.44,1,6,West
3790,43,Male,Auto,12/02/2022,12/02/2023 0:00,569.23,4,5,North
3791,42,Male,Auto,28/10/2020,28/10/2021 0:00,1433.17,0,3,West
3792,48,Female,Motor,07/04/2022,07/04/2024 0:00,756.94,4,3,East
3793,41,Female,Home,02/12/2019,02/12/2020 0:00,515.67,1,6,South
3794,51,Female,Home,02/02/2020,02/02/2021 0:00,983.54,3,10,West
3795,66,Female,Motor,22/03/2023,22/03/2026 0:00,373.87,3,2,West
3796,31,Female,Home,13/11/2020,13/11/2022 0:00,554.62,5,7,East
3797,68,Female,Motor,19/01/2021,19/01/2023 0:00,594.61,1,4,South
3798,54,Male,Home,26/10/2020,,314.17,4,10,East
3799,60,Male,Auto,09/02/2022,09/02/2023 0:00,1073.85,2,2,South
3800,,Female,Motor,07/03/2020,07/03/2023 0:00,286.01,4,,West
3801,21,Female,Home,25/01/2020,,1291.76,2,8,South
3802,63,Female,Home,09/04/2022,09/04/2025 0:00,362.34,3,2,East
3803,47,Female,Home,11/01/2024,11/01/2026 0:00,1141.5,4,7,North
3804,30,Female,Home,13/01/2022,13/01/2023 0:00,516.21,3,10,South
3805,19,Male,Home,21/09/2022,21/09/2025 0:00,554.9,3,1,East
3806,37,Female,Auto,10/09/2020,10/09/2021 0:00,1158.53,1,5,West
3807,33,Female,Home,27/05/2020,,1092.32,0,2,South
3808,54,Male,Home,06/12/2021,06/12/2023 0:00,1122.15,3,4,West
3809,58,Male,Home,12/04/2022,12/04/2024 0:00,325.69,3,9,West
3810,25,Male,Home,20/12/2022,,429.47,1,5,North
3811,30,Female,Home,08/12/2022,08/12/2024 0:00,899.34,3,10,North
3812,60,Female,Auto,25/12/2019,25/12/2022 0:00,1412.06,5,8,East
3813,62,Male,Auto,17/12/2022,17/12/2025 0:00,937.79,1,2,South
3814,20,Male,Home,17/02/2020,,1229.05,0,5,East
3815,22,Male,Home,09/11/2022,09/11/2024 0:00,1037.88,3,5,North
3816,40,Female,Motor,22/06/2023,22/06/2024 0:00,614.29,0,7,South
3817,50,Male,Home,23/07/2020,,517.23,0,2,North
3818,18,Female,Home,10/04/2021,10/04/2023 0:00,1004.69,2,6,South
3819,57,Male,Home,07/11/2020,07/11/2023 0:00,959.04,3,7,East
3820,59,Male,Home,20/05/2022,20/05/2023 0:00,620.4,3,5,North
3821,50,Male,Motor,21/03/2020,21/03/2023 0:00,1197.06,0,5,East
3822,18,Female,Home,12/06/2024,12/06/2026 0:00,1134.15,2,8,West
3823,54,Male,Home,16/05/2023,16/05/2024 0:00,849.03,1,3,North
3824,,Female,Motor,24/12/2021,24/12/2023 0:00,680.98,2,1,North
3825,40,Female,Auto,05/05/2022,05/05/2024 0:00,700.16,5,7,South
3826,49,Female,Home,21/09/2022,21/09/2023 0:00,1067.35,0,9,North
3827,43,Male,Motor,11/09/2020,11/09/2023 0:00,1092.4,4,5,North
3828,56,Female,Home,27/04/2021,,1311.56,4,3,East
3829,53,Male,Motor,17/11/2020,17/11/2022 0:00,551.62,2,7,East
3830,59,Female,Motor,09/10/2019,09/10/2020 0:00,1205.11,5,8,West
3831,31,Male,Home,17/02/2023,,334.68,,2,East
3832,57,Female,Home,23/02/2022,,380.4,3,1,East
3833,37,Female,Auto,01/10/2021,01/10/2024 0:00,594.85,4,4,West
3834,52,Female,Home,20/04/2022,,344.49,2,6,West
3835,37,Female,Home,04/03/2021,04/03/2022 0:00,1347.64,1,8,South
3836,27,Male,Home,14/03/2023,,472.37,2,8,East
3837,66,Male,Home,05/06/2024,05/06/2026 0:00,549.71,2,10,South
3838,43,Male,Home,05/10/2020,,1131.24,3,9,South
3839,58,Male,Auto,22/01/2020,22/01/2022 0:00,256.29,5,4,East
3840,43,Male,Motor,03/10/2019,03/10/2022 0:00,715.9,5,,East
3841,42,Female,Home,22/04/2020,,957.72,2,4,North
3842,18,Female,Home,20/06/2024,20/06/2027 0:00,1049.1,0,5,North
3843,49,Female,Home,26/08/2021,,931.1,4,,East
3844,43,Female,Home,29/05/2024,29/05/2027 0:00,1259.4,1,7,South
3845,55,Female,Motor,31/01/2022,31/01/2023 0:00,868.35,1,1,East
3846,31,Male,Home,20/05/2020,20/05/2023 0:00,483.83,4,6,East
3847,27,Male,Motor,18/08/2022,18/08/2025 0:00,1402.37,3,8,South
3848,66,Male,Home,09/12/2021,09/12/2022 0:00,646.74,1,1,West
3849,44,Male,Home,10/08/2022,10/08/2023 0:00,523.65,5,2,West
3850,20,Male,Motor,20/12/2023,20/12/2026 0:00,562.7,2,3,West
3851,31,Female,Home,19/12/2021,,1366.23,3,6,East
3852,28,Male,Home,03/06/2023,03/06/2025 0:00,1278.55,2,7,West
3853,69,Male,Motor,10/10/2021,10/10/2023 0:00,551.53,4,9,West
3854,61,Male,Motor,22/11/2020,22/11/2022 0:00,1461.49,3,9,East
3855,39,Male,Home,29/09/2021,29/09/2023 0:00,1255.43,3,6,North
3856,70,Female,Motor,16/08/2024,16/08/2026 0:00,503.28,2,3,West
3857,33,Male,Auto,23/01/2020,23/01/2021 0:00,758.4,0,,South
3858,27,Female,Motor,23/12/2019,23/12/2021 0:00,1351.18,1,8,East
3859,24,Female,Home,29/04/2020,,359.34,5,7,West
3860,20,Male,Motor,17/07/2022,17/07/2025 0:00,1478.39,4,5,West
3861,59,Female,Home,27/05/2022,,873.76,1,3,North
3862,34,Female,Motor,18/03/2024,18/03/2025 0:00,754,1,8,West
3863,64,Male,Auto,16/01/2021,16/01/2022 0:00,1056.75,4,9,West
3864,47,Female,Auto,29/04/2024,29/04/2025 0:00,1226.87,,8,West
3865,39,Female,Home,16/05/2024,,788.94,1,8,West
3866,31,Male,Auto,08/03/2021,08/03/2023 0:00,353.13,1,8,South
3867,66,Male,Home,08/08/2024,,387.99,3,9,South
3868,19,Female,Home,20/12/2019,20/12/2021 0:00,1268.06,5,9,West
3869,62,Male,Motor,15/01/2023,15/01/2025 0:00,1073.64,1,5,South
3870,69,Female,Home,17/08/2023,17/08/2024 0:00,300.07,3,1,West
3871,58,Female,Home,17/10/2022,17/10/2023 0:00,1457.49,1,5,East
3872,37,Male,Auto,24/08/2023,24/08/2026 0:00,811.55,4,10,West
3873,27,Male,Home,25/12/2023,,1421.04,3,8,East
3874,51,Female,Motor,05/09/2020,05/09/2022 0:00,316.92,1,6,East
3875,37,Female,Home,22/04/2020,,1233.3,0,6,East
3876,41,Female,Auto,02/05/2021,02/05/2024 0:00,1311.7,5,7,North
3877,60,Female,Home,17/07/2023,,855.8,5,1,North
3878,22,Male,Home,06/07/2020,06/07/2022 0:00,441.36,1,5,North
3879,27,Male,Home,24/05/2024,,1203.37,2,,North
3880,63,Female,Home,30/11/2020,,536.49,0,10,North
3881,51,Male,Auto,05/02/2023,05/02/2024 0:00,1132.93,0,3,East
3882,51,Female,Home,27/02/2022,27/02/2023 0:00,1359.62,,10,West
3883,58,Female,Home,30/03/2023,30/03/2025 0:00,1418.53,2,9,West
3884,57,Male,Auto,14/05/2023,14/05/2024 0:00,1281.94,4,8,South
3885,70,Male,Auto,04/04/2024,04/04/2025 0:00,1051.8,0,9,West
3886,27,Female,Home,15/03/2022,,566.14,3,3,North
3887,43,Female,Motor,25/06/2020,25/06/2021 0:00,1293,0,8,West
3888,64,Male,Auto,01/09/2023,01/09/2026 0:00,941.38,0,1,South
3889,43,Female,Auto,04/04/2022,,1075.58,5,3,East
3890,53,Female,Auto,23/09/2023,23/09/2024 0:00,660.05,1,3,East
3891,19,Female,Auto,11/09/2023,11/09/2026 0:00,794.86,2,8,South
3892,21,Female,Home,17/12/2020,,420.42,2,4,East
3893,22,Male,Home,18/06/2024,,1498.27,1,1,North
3894,58,Female,Motor,22/04/2020,,985.17,3,1,West
3895,68,Male,Motor,21/11/2023,21/11/2025 0:00,885.5,1,3,South
3896,65,Female,Auto,06/07/2020,06/07/2022 0:00,854.19,2,2,West
3897,24,Male,Home,23/10/2021,23/10/2024 0:00,862.02,3,7,East
3898,46,Male,Home,12/03/2020,,951.91,0,9,East
3899,46,Male,Home,21/02/2021,21/02/2022 0:00,1272.14,3,10,West
3900,19,Female,Home,23/04/2022,,1403.79,3,7,North
3901,49,Female,Home,28/08/2021,,1320.57,5,2,East
3902,19,Female,Home,27/04/2021,,1224.98,5,1,East
3903,66,Male,Auto,11/06/2024,11/06/2026 0:00,751.14,5,6,North
3904,40,Male,Auto,21/10/2020,21/10/2021 0:00,1082.16,5,7,East
3905,46,Male,Motor,25/01/2022,25/01/2023 0:00,1003.98,5,1,West
3906,30,Female,Home,08/07/2024,08/07/2027 0:00,637.3,1,10,East
3907,35,Male,Auto,26/12/2022,26/12/2025 0:00,900.03,5,8,East
3908,69,Male,Motor,09/07/2022,09/07/2024 0:00,1196.72,3,10,West
3909,68,Female,Home,23/10/2019,,1039.06,2,2,South
3910,51,Male,Home,20/10/2021,,415.09,2,4,East
3911,66,Male,Home,23/10/2020,23/10/2023 0:00,340.52,5,6,South
3912,,Female,Auto,13/11/2019,13/11/2022 0:00,1494.83,3,8,South
3913,41,Female,Home,12/04/2021,12/04/2024 0:00,1059.51,4,3,East
3914,48,Female,Auto,14/09/2020,14/09/2022 0:00,1444.97,1,8,South
3915,67,Male,Home,21/04/2024,,459.6,0,8,East
3916,34,Male,Home,23/08/2021,,287.74,3,10,East
3917,18,Female,Home,18/06/2023,18/06/2024 0:00,890.88,5,1,East
3918,22,Male,Motor,02/04/2024,02/04/2026 0:00,331.51,0,8,North
3919,41,Female,Home,15/07/2024,,1047.24,1,6,South
3920,27,Male,Auto,27/02/2024,27/02/2025 0:00,1161.33,2,7,East
3921,34,Female,Home,17/05/2022,,945.64,2,3,East
3922,68,Female,Home,10/08/2022,10/08/2023 0:00,1052.53,0,9,East
3923,60,Male,Motor,07/03/2023,07/03/2025 0:00,501.03,0,9,South
3924,60,Male,Auto,04/11/2019,,692.74,1,6,South
3925,57,Male,Home,14/02/2022,,476.34,3,10,West
3926,38,Female,Motor,25/12/2019,25/12/2022 0:00,633.08,4,3,South
3927,35,Female,Home,02/06/2021,02/06/2024 0:00,940.23,5,10,South
3928,21,Female,Auto,08/08/2022,08/08/2025 0:00,838.13,5,7,North
3929,23,Female,Motor,09/10/2019,09/10/2022 0:00,718.35,3,4,West
3930,25,Female,Motor,23/07/2021,23/07/2024 0:00,300.62,4,8,South
3931,18,,Auto,16/04/2020,16/04/2021 0:00,1388.49,0,3,East
3932,,Female,Home,01/10/2022,,825.25,3,1,East
3933,26,Female,Auto,28/05/2024,28/05/2027 0:00,1327.35,2,4,East
3934,44,Male,Home,11/02/2023,,960.07,2,5,West
3935,44,Male,Home,30/01/2024,,469.57,1,7,North
3936,65,Female,Auto,18/04/2023,18/04/2024 0:00,758.94,3,1,South
3937,37,,Home,28/08/2022,,537.61,1,2,West
3938,56,Female,Home,10/12/2023,10/12/2026 0:00,1475.9,,1,North
3939,66,Male,Motor,11/06/2023,11/06/2025 0:00,563.1,0,7,East
3940,65,Male,Home,30/12/2019,,1265.21,5,8,East
3941,55,Male,Auto,18/03/2021,18/03/2023 0:00,959.57,4,5,East
3942,,Female,Home,15/06/2022,15/06/2023 0:00,1407.81,4,7,North
3943,70,Male,Home,10/05/2021,10/05/2022 0:00,1135.54,2,3,North
3944,53,Male,Auto,29/09/2023,29/09/2025 0:00,1109.59,3,7,West
3945,20,Female,Home,07/08/2020,,1399.4,5,6,South
3946,22,Female,Auto,13/05/2021,13/05/2024 0:00,1481.78,2,7,North
3947,26,Male,Home,10/02/2022,,863.55,3,1,West
3948,27,Female,Motor,30/07/2024,30/07/2026 0:00,639.9,3,2,West
3949,64,Male,Home,27/10/2019,27/10/2022 0:00,1301.51,4,1,North
3950,58,Male,Motor,30/03/2022,,498.95,5,4,East
3951,37,Female,Motor,05/12/2020,05/12/2021 0:00,254.57,3,7,North
3952,65,Female,Home,13/03/2023,,873.66,5,4,West
3953,61,Male,Auto,31/12/2019,31/12/2022 0:00,1218.04,5,9,East
3954,59,Female,Auto,02/11/2021,02/11/2022 0:00,1216.64,3,8,East
3955,56,Female,Auto,20/02/2024,20/02/2027 0:00,1134.42,1,3,East
3956,61,Male,Auto,18/02/2021,18/02/2022 0:00,invalid,3,1,South
3957,24,Male,Home,30/08/2024,,849.14,5,6,South
3958,38,Female,Motor,23/12/2019,23/12/2021 0:00,1453.55,,4,West
3959,64,Female,Home,12/09/2021,,906,1,9,North
3960,50,Female,Motor,31/07/2024,31/07/2025 0:00,940.84,2,9,South
3961,50,Male,Home,10/10/2019,,1383.77,5,3,West
3962,47,Female,Home,06/06/2021,06/06/2023 0:00,764.59,3,2,East
3963,51,Female,Home,11/03/2020,,904.01,1,3,East
3964,65,Female,Motor,14/11/2020,14/11/2023 0:00,1149.87,5,4,East
3965,31,Female,Home,11/05/2022,11/05/2024 0:00,1114.77,5,8,East
3966,67,Male,Auto,23/11/2021,23/11/2022 0:00,959.08,4,9,South
3967,27,Female,Home,28/12/2019,28/12/2020 0:00,1090.56,2,6,North
3968,68,Female,Motor,02/12/2019,02/12/2021 0:00,1467.09,0,4,South
3969,65,Male,Home,19/11/2020,19/11/2021 0:00,1486.52,3,5,North
3970,57,Female,Motor,28/04/2021,28/04/2022 0:00,1444.84,1,7,North
3971,68,Male,Auto,16/12/2021,16/12/2024 0:00,1175.7,0,4,East
3972,37,Male,Auto,12/11/2020,12/11/2022 0:00,443.04,0,7,West
3973,26,Female,Motor,18/10/2023,18/10/2025 0:00,743.93,0,6,East
3974,35,Female,Auto,08/10/2021,08/10/2024 0:00,964.88,5,8,North
3975,19,Male,Home,19/10/2022,,1019.18,0,8,West
3976,61,Male,Home,25/09/2020,25/09/2023 0:00,1020.15,0,4,West
3977,69,Female,Auto,18/12/2022,18/12/2025 0:00,897.08,2,2,North
3978,70,Female,Home,21/03/2022,,356.77,1,3,South
3979,69,Female,Home,26/03/2022,,959.09,1,2,South
3980,44,Male,Home,29/09/2022,,470.73,0,5,South
3981,35,Female,Auto,22/12/2022,22/12/2025 0:00,1446.29,1,10,East
3982,60,Female,Auto,03/10/2021,,727.49,1,1,South
3983,37,Female,Auto,04/11/2019,04/11/2021 0:00,390.32,1,7,East
3984,59,Female,Home,22/01/2024,,974.19,2,4,North
3985,39,Female,Unknown,05/12/2021,05/12/2024 0:00,637.91,3,1,South
3986,38,Female,Auto,28/10/2020,28/10/2022 0:00,957.67,5,10,South
3987,51,Male,Motor,04/05/2022,04/05/2025 0:00,872.69,4,6,West
3988,55,Male,Auto,24/04/2021,,1354.34,4,7,South
3989,24,Male,Home,04/07/2022,04/07/2025 0:00,1410.63,1,3,West
3990,22,Male,Home,16/05/2022,16/05/2023 0:00,518.18,0,1,North
3991,48,Female,Home,26/07/2020,,1460.97,1,5,South
3992,51,Female,Home,22/06/2022,,484.51,0,2,East
3993,59,Male,Motor,07/03/2022,07/03/2023 0:00,1136.7,1,2,South
3994,29,Male,Motor,12/11/2019,12/11/2020 0:00,1010.94,2,1,North
3995,60,Female,Home,24/02/2020,,640.53,1,3,East
3996,47,Female,Home,14/01/2021,,338.9,3,3,South
3997,29,,Auto,23/09/2022,23/09/2023 0:00,1240.07,3,8,West
3998,52,Female,Home,02/09/2023,02/09/2025 0:00,1009.16,0,1,West
3999,35,Female,Motor,16/05/2022,16/05/2025 0:00,654.73,2,1,East
4000,52,Male,Home,15/11/2020,,730.19,1,8,West
4001,,Female,Home,04/12/2023,,463.39,0,5,West
4002,47,Male,Home,25/01/2021,25/01/2024 0:00,1203.62,0,7,East
4003,64,Male,Auto,09/02/2023,09/02/2024 0:00,301.28,3,2,South
4004,51,Male,Motor,10/06/2020,10/06/2022 0:00,1341.07,3,10,South
4005,61,Male,Home,17/04/2024,17/04/2025 0:00,1496.69,4,3,South
4006,20,Male,Home,25/03/2022,25/03/2023 0:00,1037.88,5,4,South
4007,48,Female,Home,22/09/2022,,1003.72,4,3,West
4008,54,Male,Home,10/04/2024,,833.61,3,1,North
4009,46,Female,Auto,02/12/2020,02/12/2021 0:00,275.69,1,10,North
4010,21,Female,Auto,24/08/2023,24/08/2024 0:00,314.93,5,8,West
4011,69,Male,Auto,11/01/2022,11/01/2025 0:00,1050.24,2,8,North
4012,37,Female,Motor,18/11/2023,18/11/2024 0:00,1154.42,,7,East
4013,58,Female,Home,13/11/2022,,579.76,5,1,West
4014,41,Female,Auto,19/06/2021,19/06/2022 0:00,1249.38,5,4,South
4015,58,Female,Home,27/03/2021,27/03/2024 0:00,275.28,4,10,West
4016,62,Female,Motor,20/02/2024,20/02/2025 0:00,863.97,2,8,West
4017,26,Female,Motor,25/12/2023,25/12/2026 0:00,777.35,2,10,South
4018,68,Female,Auto,14/08/2023,14/08/2024 0:00,776.68,1,3,West
4019,18,Male,Motor,26/12/2020,26/12/2021 0:00,1382.12,4,10,North
4020,70,Male,Home,04/04/2024,,716.84,3,7,South
4021,52,Female,Home,04/01/2021,,565.68,5,3,North
4022,69,Male,Auto,01/02/2021,01/02/2022 0:00,707.81,5,1,East
4023,66,Female,Motor,02/11/2022,02/11/2024 0:00,1496.51,0,9,North
4024,44,Female,Home,17/12/2021,17/12/2023 0:00,712.12,4,9,South
4025,47,Male,Motor,03/11/2023,03/11/2026 0:00,546.13,1,3,North
4026,27,Female,Home,12/06/2024,12/06/2025 0:00,1430.62,1,6,North
4027,69,Female,Motor,21/05/2021,21/05/2022 0:00,1142.75,2,8,North
4028,29,Female,Home,20/03/2020,,571.2,5,6,West
4029,31,Female,Motor,16/01/2021,,1121.69,0,2,South
4030,65,Female,Home,26/10/2021,26/10/2024 0:00,969.46,3,1,West
4031,68,Male,Motor,18/03/2023,18/03/2026 0:00,932.71,,2,South
4032,34,Male,Home,19/06/2023,19/06/2024 0:00,483.35,2,5,North
4033,32,Male,Home,22/02/2020,22/02/2022 0:00,376.1,2,7,South
4034,34,Female,Motor,20/12/2021,20/12/2023 0:00,773.08,4,3,East
4035,26,Male,Auto,03/12/2023,03/12/2025 0:00,851.97,1,4,West
4036,37,Female,Home,18/04/2024,,1010.51,2,4,East
4037,66,Male,Auto,23/10/2020,23/10/2021 0:00,885.6,1,5,East
4038,26,Male,Motor,04/02/2020,04/02/2021 0:00,699.86,3,6,North
4039,43,Male,Auto,08/04/2022,08/04/2025 0:00,485.58,5,5,West
4040,33,Male,Home,27/01/2020,27/01/2021 0:00,834.83,4,1,West
4041,23,Male,Motor,18/04/2024,18/04/2026 0:00,824.52,3,2,West
4042,43,Female,Home,23/11/2019,,543.94,3,1,West
4043,53,Male,Home,28/04/2023,,456.26,0,4,North
4044,43,Male,Home,23/02/2020,23/02/2023 0:00,1070.65,0,6,South
4045,19,Male,Home,12/02/2021,12/02/2024 0:00,1067.04,1,9,East
4046,66,Male,Home,12/02/2024,12/02/2025 0:00,929.71,3,9,South
4047,55,Female,Motor,15/06/2024,15/06/2027 0:00,516.26,0,6,East
4048,66,Female,Home,30/10/2023,30/10/2026 0:00,1005.63,0,7,East
4049,67,Female,Home,19/11/2019,19/11/2022 0:00,795.57,3,4,South
4050,70,Male,Auto,16/07/2024,16/07/2026 0:00,1288.14,3,5,North
4051,23,Female,Auto,11/08/2022,11/08/2023 0:00,966.03,3,7,West
4052,29,Male,Motor,02/01/2022,02/01/2025 0:00,1325.93,5,7,South
4053,67,Male,Home,21/03/2023,,1318.64,3,8,North
4054,64,Male,Home,10/02/2023,10/02/2024 0:00,614.83,3,6,East
4055,23,Female,Home,12/07/2021,,1131.76,1,10,East
4056,51,Male,Motor,27/04/2023,27/04/2024 0:00,641.03,1,4,South
4057,36,Female,Home,04/05/2023,04/05/2025 0:00,1377.46,4,3,North
4058,45,Male,Motor,30/09/2019,,1405.33,4,6,North
4059,39,Male,Motor,11/06/2023,11/06/2026 0:00,843.34,2,8,West
4060,48,Male,Home,18/06/2020,18/06/2023 0:00,1387.21,2,1,North
4061,51,Female,Home,04/06/2022,,1375,1,7,South
4062,56,Female,Home,09/01/2024,09/01/2025 0:00,373.54,5,9,West
4063,24,Female,Auto,20/04/2024,,608.94,4,7,North
4064,19,Female,Home,06/01/2022,,833.35,5,8,West
4065,47,Female,Home,30/04/2023,,874.12,2,6,East
4066,31,Male,Home,08/11/2019,,780.58,0,2,North
4067,37,Male,Home,20/09/2020,20/09/2021 0:00,1369.9,5,10,West
4068,57,Female,Motor,25/12/2020,25/12/2022 0:00,639.93,4,4,South
4069,44,Female,Home,01/01/2024,01/01/2025 0:00,1315.54,2,6,East
4070,42,Male,Home,18/12/2023,18/12/2026 0:00,809.2,1,10,North
4071,64,Male,Home,12/01/2021,12/01/2023 0:00,413.33,0,7,East
4072,59,Male,Motor,17/09/2022,17/09/2024 0:00,415.82,0,9,South
4073,41,Male,Auto,12/11/2021,12/11/2022 0:00,1216.76,1,4,West
4074,54,Female,Home,07/07/2023,,1265.44,3,9,West
4075,59,Female,Home,14/07/2021,,633.72,3,2,North
4076,56,Male,Home,23/09/2022,23/09/2023 0:00,893.45,4,9,North
4077,61,Male,Auto,01/03/2023,01/03/2025 0:00,1031.28,5,6,South
4078,69,Female,Home,23/08/2024,23/08/2026 0:00,1066.99,3,1,South
4079,33,Male,Home,29/02/2020,,772.99,1,9,North
4080,45,Female,Home,01/06/2021,,358.38,2,5,North
4081,24,Female,Home,21/06/2020,,645.32,0,4,East
4082,38,Male,Auto,05/05/2022,05/05/2024 0:00,1171.25,3,5,North
4083,20,Female,Motor,30/04/2023,30/04/2025 0:00,1144.92,0,3,North
4084,26,Female,Home,10/05/2024,10/05/2026 0:00,785.65,1,9,West
4085,69,Male,Motor,17/09/2020,17/09/2021 0:00,1482.99,0,5,West
4086,70,Female,Motor,13/11/2023,13/11/2026 0:00,1437.93,4,5,South
4087,44,Female,Motor,17/03/2024,17/03/2025 0:00,495,4,2,South
4088,42,Male,Home,05/04/2023,05/04/2026 0:00,592.47,1,6,North
4089,39,Female,Motor,28/09/2021,28/09/2022 0:00,589.65,0,9,North
4090,67,Male,Home,29/01/2020,,1111.21,4,5,North
4091,54,Male,Motor,17/12/2023,,1069.89,2,6,East
4092,65,Female,Motor,24/04/2024,24/04/2025 0:00,1242.49,5,7,East
4093,47,Male,Motor,14/07/2023,14/07/2025 0:00,1018.57,1,6,South
4094,37,Female,Auto,28/01/2020,28/01/2023 0:00,1166.36,0,10,West
4095,32,Female,Home,26/06/2023,26/06/2026 0:00,828.53,3,3,West
4096,61,Male,Motor,25/03/2021,25/03/2022 0:00,708.82,4,2,West
4097,26,Male,Home,22/05/2023,22/05/2026 0:00,1238.54,4,1,West
4098,21,Female,Motor,21/05/2021,21/05/2023 0:00,753.84,5,10,East
4099,23,Male,Home,21/06/2021,,510.46,0,4,South
4100,64,Male,Home,27/11/2023,27/11/2026 0:00,784.21,2,8,South
4101,29,Female,Motor,04/08/2021,04/08/2024 0:00,675.38,3,4,North
4102,45,Male,Home,03/05/2020,,781.07,3,6,West
4103,51,Male,Home,07/08/2022,07/08/2024 0:00,1048.52,4,1,East
4104,49,Female,Motor,25/03/2023,25/03/2025 0:00,1338.85,4,3,East
4105,41,Female,Auto,09/10/2020,09/10/2022 0:00,1246.16,5,7,West
4106,48,Male,Auto,29/09/2020,29/09/2023 0:00,692.08,1,7,South
4107,27,Female,Home,21/11/2023,,371.37,1,8,North
4108,58,Male,Auto,22/07/2022,22/07/2024 0:00,900.81,4,7,East
4109,32,Male,Motor,08/01/2020,08/01/2023 0:00,588.83,0,5,South
4110,23,Female,Home,02/09/2024,,574.92,3,9,East
4111,31,Male,Home,11/08/2024,,612.02,5,4,North
4112,52,Female,Auto,25/06/2021,25/06/2023 0:00,260.09,4,9,West
4113,24,Female,Auto,27/07/2023,27/07/2026 0:00,418.35,4,9,East
4114,51,Male,Home,24/03/2021,,858.34,2,9,North
4115,35,Male,Motor,13/04/2022,13/04/2025 0:00,637.31,3,9,South
4116,58,Male,Home,28/05/2020,,1397.35,4,10,West
4117,65,Female,Motor,27/12/2020,27/12/2023 0:00,1280.34,,5,East
4118,40,Male,Auto,15/06/2020,15/06/2021 0:00,840.22,2,2,North
4119,66,Female,Auto,21/01/2021,21/01/2024 0:00,684.02,4,,West
4120,37,Male,Home,25/04/2021,,1112.58,1,9,West
4121,40,Male,Home,23/11/2021,,863.21,2,9,South
4122,31,Male,Motor,08/06/2024,08/06/2027 0:00,1341.13,4,4,West
4123,68,Female,Motor,01/11/2019,01/11/2022 0:00,1070.23,2,9,North
4124,55,Female,Home,25/09/2019,,1121.91,0,8,South
4125,41,Female,Motor,23/02/2023,23/02/2025 0:00,898.88,1,5,East
4126,64,Male,Auto,27/08/2024,27/08/2025 0:00,937.35,1,10,East
4127,25,Female,Auto,15/08/2022,15/08/2025 0:00,851.96,1,7,West
4128,42,Male,Motor,09/08/2020,09/08/2021 0:00,594.33,4,5,West
4129,28,Male,Auto,11/01/2023,11/01/2024 0:00,302.94,3,3,West
4130,60,Male,Auto,16/07/2020,16/07/2023 0:00,1406.09,2,3,North
4131,48,Female,Auto,27/03/2023,,436.88,5,6,South
4132,27,Female,Home,02/07/2022,,1473.9,0,1,South
4133,61,Male,Motor,22/06/2021,22/06/2024 0:00,414.46,5,9,North
4134,33,Male,Auto,22/02/2023,22/02/2024 0:00,1350.61,0,1,East
4135,48,Female,Home,05/04/2022,,410.17,1,3,South
4136,30,Female,Auto,18/02/2024,18/02/2027 0:00,354.82,4,7,North
4137,64,Male,Auto,15/09/2024,15/09/2026 0:00,946.63,1,3,East
4138,65,Female,Home,11/01/2024,11/01/2025 0:00,1241.37,1,2,East
4139,35,Male,Home,29/10/2019,,1459.59,0,4,East
4140,30,Female,Home,10/02/2021,10/02/2022 0:00,1483.67,3,10,West
4141,50,Male,Home,20/05/2024,,1066.92,0,2,North
4142,26,Female,Home,29/04/2022,29/04/2023 0:00,640.44,4,2,West
4143,57,Female,Home,03/05/2022,,365.11,0,9,South
4144,56,Female,Motor,05/10/2022,05/10/2024 0:00,830.73,4,2,West
4145,43,Female,Home,30/10/2019,,405.01,5,3,West
4146,53,Male,Home,16/03/2024,,1193.55,5,10,North
4147,56,Male,Home,04/11/2019,04/11/2021 0:00,851.59,1,7,North
4148,66,Female,Motor,21/08/2023,21/08/2025 0:00,985.69,1,10,North
4149,44,Female,Home,21/09/2020,21/09/2021 0:00,856.3,1,1,South
4150,31,Female,Motor,10/05/2023,10/05/2025 0:00,1428.23,2,4,West
4151,63,Female,Home,07/12/2023,,360.54,0,7,West
4152,65,Female,Motor,16/07/2022,16/07/2024 0:00,1121.9,1,5,South
4153,67,Female,Motor,23/05/2021,23/05/2022 0:00,1214.39,0,4,West
4154,62,Female,Home,09/12/2020,09/12/2022 0:00,1122.39,0,3,North
4155,42,Male,Home,05/02/2024,05/02/2027 0:00,1152.38,5,5,East
4156,41,Female,Home,16/06/2023,,532.16,3,8,North
4157,34,Female,Motor,18/06/2023,18/06/2026 0:00,1260.09,1,,West
4158,70,Female,Auto,30/06/2024,30/06/2025 0:00,1181.66,0,5,East
4159,28,Female,Motor,08/03/2024,08/03/2025 0:00,363.05,,10,South
4160,32,Male,Motor,03/04/2022,03/04/2023 0:00,1070.29,5,4,North
4161,34,Male,Home,28/02/2022,,591.32,3,7,North
4162,23,Female,Home,09/10/2019,09/10/2020 0:00,884.23,2,5,North
4163,53,Male,Motor,09/01/2021,09/01/2022 0:00,426.4,2,4,West
4164,29,Male,Home,26/10/2021,26/10/2023 0:00,1435.5,,6,North
4165,68,Female,Motor,27/08/2023,27/08/2026 0:00,892.65,4,2,South
4166,41,Male,Home,24/02/2020,24/02/2021 0:00,585.56,1,3,East
4167,47,Female,Home,15/04/2024,,346.97,3,2,East
4168,21,Female,Auto,02/02/2023,02/02/2024 0:00,1001.24,3,4,North
4169,50,Female,Home,28/06/2020,,1457.75,3,7,East
4170,62,Male,Home,08/10/2020,,277.01,4,5,West
4171,61,Female,Motor,03/10/2019,03/10/2021 0:00,1040.71,0,9,North
4172,43,Female,Auto,15/02/2021,15/02/2024 0:00,1149.53,5,3,North
4173,18,Male,Home,21/10/2019,,504.22,4,4,South
4174,60,Female,Auto,03/09/2020,03/09/2022 0:00,1319.85,2,6,West
4175,68,Female,Auto,15/11/2022,15/11/2025 0:00,789.27,4,4,North
4176,36,Male,Home,08/10/2021,08/10/2022 0:00,273.98,5,6,West
4177,49,Male,Home,20/03/2024,,275.62,3,4,South
4178,18,Female,Home,19/11/2019,19/11/2022 0:00,1144.79,3,2,North
4179,48,Male,Motor,27/05/2023,27/05/2025 0:00,1379.75,3,8,East
4180,57,Female,Home,18/04/2024,18/04/2027 0:00,560.82,0,2,East
4181,44,,Home,25/11/2022,25/11/2024 0:00,950.64,1,1,North
4182,48,Male,Home,12/04/2023,,310.75,1,4,North
4183,25,Male,Motor,07/10/2020,07/10/2021 0:00,741.8,2,9,South
4184,28,Female,Home,12/04/2022,,1018.26,1,7,North
4185,25,Male,Home,14/04/2021,14/04/2024 0:00,754,0,3,South
4186,36,Male,Home,10/08/2024,,365.22,0,10,South
4187,19,Male,Home,03/12/2020,03/12/2021 0:00,677.85,3,,West
4188,41,Male,Home,31/08/2020,31/08/2022 0:00,1282.37,5,9,North
4189,59,Male,Home,05/07/2024,05/07/2027 0:00,395.85,5,4,South
4190,25,Female,Auto,05/05/2023,05/05/2026 0:00,1421.48,4,6,West
4191,22,Male,Motor,08/06/2020,08/06/2023 0:00,365.14,0,9,West
4192,,Female,Home,27/01/2022,27/01/2023 0:00,1079.67,,6,West
4193,66,Male,Home,10/01/2020,10/01/2023 0:00,820.85,5,2,West
4194,50,Female,Home,09/07/2021,09/07/2023 0:00,847.29,0,3,West
4195,21,Female,Motor,13/09/2024,13/09/2027 0:00,332.14,4,2,West
4196,54,Female,Home,29/07/2020,,292.52,2,6,West
4197,49,Female,Home,29/06/2023,29/06/2026 0:00,481.99,2,2,North
4198,60,Female,Home,08/05/2023,08/05/2025 0:00,260.16,3,9,South
4199,33,Male,Home,08/09/2020,08/09/2021 0:00,1040.08,3,5,South
4200,24,Male,Auto,21/08/2022,21/08/2023 0:00,1400.38,2,4,North
4201,70,Female,Auto,29/09/2020,,430.56,3,7,North
4202,30,Male,Auto,07/04/2024,07/04/2027 0:00,694.16,3,4,East
4203,34,Female,Home,12/08/2021,,884.33,0,10,North
4204,25,Female,Home,17/01/2021,,609.75,0,6,East
4205,41,Male,Motor,17/03/2024,17/03/2026 0:00,1050.04,1,3,North
4206,34,Female,Auto,18/10/2022,18/10/2023 0:00,549.3,5,7,East
4207,64,Male,Home,18/04/2024,18/04/2026 0:00,421.44,3,2,East
4208,42,Male,Home,19/01/2022,19/01/2025 0:00,1402.27,3,10,West
4209,22,Female,Motor,25/01/2021,25/01/2024 0:00,667.97,0,6,North
4210,29,Female,Auto,14/11/2021,14/11/2024 0:00,391.58,4,5,East
4211,31,Male,Home,29/01/2022,,1207.18,0,7,North
4212,58,Male,Motor,26/07/2021,26/07/2022 0:00,882.19,0,9,North
4213,,Male,Motor,10/10/2023,10/10/2026 0:00,447.29,5,3,East
4214,56,Female,Motor,01/01/2023,01/01/2024 0:00,832.65,1,8,North
4215,31,Male,Home,23/09/2019,,682.77,1,2,West
4216,62,Male,Auto,25/02/2024,25/02/2026 0:00,643.04,5,9,South
4217,35,Female,Motor,01/06/2022,01/06/2023 0:00,662.98,,2,South
4218,52,Male,Home,30/06/2020,30/06/2021 0:00,1026.97,2,2,West
4219,36,Male,Home,17/12/2020,17/12/2022 0:00,280.17,1,7,South
4220,51,Male,Home,06/11/2020,06/11/2022 0:00,473.06,0,2,North
4221,50,,Auto,08/09/2021,08/09/2023 0:00,265.61,4,7,West
4222,51,Male,Auto,05/02/2022,05/02/2023 0:00,1043.95,3,1,East
4223,35,Female,Auto,07/03/2022,07/03/2023 0:00,369.29,2,8,North
4224,67,Female,Home,04/08/2021,,699.4,4,2,West
4225,41,Female,Motor,24/09/2019,24/09/2020 0:00,836.97,4,5,West
4226,23,Male,Motor,02/06/2022,02/06/2023 0:00,460.74,3,6,West
4227,69,Female,Home,27/02/2020,,1187.47,1,3,North
4228,62,Male,Auto,30/05/2021,30/05/2024 0:00,1000.19,3,9,North
4229,18,Female,Auto,21/04/2020,21/04/2021 0:00,348.06,2,5,North
4230,67,Female,Home,01/07/2022,,1299.26,5,1,South
4231,20,Male,Motor,22/11/2020,22/11/2022 0:00,901.26,0,7,East
4232,33,Male,Home,01/10/2022,,813.43,5,5,East
4233,,Male,Auto,03/08/2022,03/08/2024 0:00,1012.3,3,7,North
4234,45,Female,Home,09/06/2021,09/06/2022 0:00,1132.12,5,10,North
4235,60,Male,Home,21/01/2021,,924.56,0,6,East
4236,50,Female,Home,13/01/2020,,1386.63,1,4,South
4237,40,Male,Motor,10/09/2020,10/09/2021 0:00,283.38,4,2,West
4238,70,Male,Home,28/12/2020,,1375.99,0,4,West
4239,63,Male,Home,13/12/2020,13/12/2023 0:00,1401.57,4,,North
4240,59,Female,Motor,20/09/2020,20/09/2022 0:00,435.79,0,3,South
4241,46,Female,Motor,31/12/2022,31/12/2025 0:00,428.19,1,4,South
4242,45,Female,Motor,20/09/2022,20/09/2025 0:00,950.27,3,3,South
4243,57,Female,Auto,20/08/2021,20/08/2023 0:00,350.39,5,9,South
4244,65,Male,Home,25/03/2023,25/03/2025 0:00,1062.9,1,3,East
4245,23,Female,Home,28/06/2020,,473.65,4,9,East
4246,18,Female,Home,09/03/2021,09/03/2022 0:00,1068.83,0,2,West
4247,24,Female,Auto,13/04/2023,13/04/2026 0:00,406.57,5,,North
4248,56,Female,Auto,10/06/2022,10/06/2025 0:00,536.54,5,10,East
4249,68,Male,Home,24/12/2020,,967.08,2,6,East
4250,26,Female,Home,17/06/2021,17/06/2022 0:00,784.69,4,3,North
4251,54,Female,Motor,11/10/2023,11/10/2026 0:00,1400.66,1,7,West
4252,25,Female,Home,14/02/2022,,1406.17,0,6,South
4253,52,Female,Home,26/04/2023,26/04/2026 0:00,1286.95,4,9,West
4254,39,Female,Motor,11/04/2023,11/04/2025 0:00,257.1,3,,North
4255,39,Female,Motor,30/12/2023,30/12/2025 0:00,976.43,3,1,South
4256,52,Female,Motor,10/04/2020,10/04/2021 0:00,647.3,4,6,East
4257,39,Female,Motor,03/09/2024,03/09/2025 0:00,1251.29,2,4,East
4258,65,Male,Home,17/10/2021,17/10/2022 0:00,1492.75,4,8,West
4259,47,Male,Home,06/11/2020,06/11/2021 0:00,384.02,1,7,South
4260,18,Male,Auto,14/03/2023,14/03/2024 0:00,756.3,4,5,South
4261,36,Female,Auto,09/07/2023,09/07/2026 0:00,992.8,3,1,North
4262,30,Female,Home,09/08/2020,,762.09,1,,South
4263,45,Male,Motor,12/02/2022,12/02/2025 0:00,invalid,5,8,West
4264,23,Male,Auto,19/05/2023,19/05/2025 0:00,679.59,1,3,West
4265,32,Female,Motor,25/10/2022,25/10/2025 0:00,644.22,,1,North
4266,25,Female,Auto,20/08/2020,20/08/2021 0:00,391.15,0,5,North
4267,57,Female,Motor,06/01/2023,06/01/2024 0:00,686.76,0,3,North
4268,41,Male,Motor,25/08/2021,25/08/2023 0:00,416.36,5,6,West
4269,20,Male,Motor,06/07/2024,06/07/2027 0:00,1132.78,3,5,South
4270,47,Male,Auto,28/09/2021,28/09/2023 0:00,586.35,5,8,North
4271,65,Male,Auto,27/10/2020,27/10/2022 0:00,727.01,1,1,East
4272,49,Male,Home,06/08/2023,,1465.72,2,8,West
4273,63,Female,Motor,27/06/2024,27/06/2026 0:00,1134.79,0,,South
4274,21,Male,Motor,04/03/2021,04/03/2023 0:00,1424.83,1,5,East
4275,42,Male,Motor,07/01/2023,07/01/2024 0:00,457.73,0,7,East
4276,70,Female,Motor,28/05/2021,28/05/2022 0:00,678.35,3,2,South
4277,29,Male,Home,16/01/2023,16/01/2026 0:00,1027.04,5,3,East
4278,66,Male,Home,13/03/2024,,1306.25,1,9,South
4279,29,Female,Home,07/12/2021,,1438.23,3,7,North
4280,40,Female,Home,27/02/2021,27/02/2022 0:00,1336.16,,6,East
4281,29,Male,Auto,04/10/2019,04/10/2021 0:00,989.99,2,3,North
4282,22,Male,Auto,14/11/2019,,443.81,5,10,South
4283,27,Male,Home,14/03/2021,14/03/2022 0:00,424.14,4,10,East
4284,63,Male,Home,22/09/2024,22/09/2025 0:00,486.97,2,10,North
4285,33,Female,Home,03/03/2020,03/03/2022 0:00,863.99,1,1,West
4286,,Female,Home,03/03/2022,,725.67,3,,West
4287,36,Female,Motor,23/02/2024,23/02/2026 0:00,1077.74,0,1,West
4288,,Female,Auto,24/09/2020,24/09/2023 0:00,1226.51,3,6,North
4289,31,Male,Motor,28/07/2021,28/07/2023 0:00,533.7,4,,South
4290,65,Male,Motor,21/05/2024,21/05/2026 0:00,551.65,0,8,East
4291,61,Female,Auto,12/12/2023,12/12/2026 0:00,1468.66,2,6,East
4292,28,Male,Home,25/10/2023,25/10/2025 0:00,322.44,5,6,West
4293,67,Male,Auto,31/05/2022,31/05/2023 0:00,467.78,1,5,North
4294,33,Female,Home,15/03/2020,15/03/2022 0:00,889.4,3,10,South
4295,49,Male,Auto,09/01/2021,09/01/2024 0:00,877.75,0,7,South
4296,70,Male,Motor,29/08/2021,29/08/2023 0:00,976.79,5,9,South
4297,69,Male,Motor,23/12/2023,23/12/2025 0:00,709.48,4,5,East
4298,30,Male,Motor,12/03/2024,12/03/2026 0:00,1176.58,4,10,East
4299,50,Female,Motor,19/08/2020,19/08/2021 0:00,1443.32,0,7,South
4300,21,Female,Motor,04/04/2024,,969.87,4,4,West
4301,69,Male,Home,28/05/2024,28/05/2025 0:00,674.07,4,5,North
4302,30,Male,Home,16/09/2021,16/09/2024 0:00,1028.52,0,2,West
4303,59,Female,Motor,28/08/2020,,1271.62,0,8,East
4304,67,Male,Home,13/05/2022,13/05/2023 0:00,1153.88,3,3,West
4305,51,Female,Home,25/08/2020,25/08/2022 0:00,1365.35,1,1,East
4306,23,Female,Motor,12/08/2021,,611.1,4,6,South
4307,49,Male,Auto,15/03/2021,15/03/2023 0:00,1130.38,5,1,North
4308,68,Female,Motor,09/10/2019,,487.6,3,10,South
4309,36,Female,Home,19/07/2024,19/07/2026 0:00,534.41,5,6,South
4310,39,Female,Motor,03/02/2021,03/02/2022 0:00,1128.37,3,1,South
4311,38,Male,Motor,02/07/2024,,377.44,1,5,West
4312,49,Male,Motor,16/06/2021,16/06/2023 0:00,1009.21,1,9,North
4313,26,Male,Auto,22/03/2020,,1154.73,5,9,West
4314,49,Male,Home,17/12/2020,17/12/2023 0:00,519.51,0,1,West
4315,69,Female,Home,20/11/2023,20/11/2025 0:00,470.28,4,7,North
4316,58,Female,Home,09/02/2024,09/02/2025 0:00,666.2,0,2,North
4317,18,Female,Motor,11/06/2022,11/06/2023 0:00,306.74,0,5,East
4318,19,Female,Auto,31/01/2022,31/01/2024 0:00,505.52,3,7,South
4319,24,Female,Auto,07/02/2020,07/02/2022 0:00,1478.08,1,4,East
4320,30,,Auto,27/03/2023,27/03/2025 0:00,1186.55,5,1,North
4321,29,Male,Motor,21/10/2023,,287.8,4,2,East
4322,59,Female,Auto,25/09/2020,25/09/2023 0:00,910.95,5,5,West
4323,54,Female,Auto,01/07/2023,01/07/2025 0:00,704.59,3,8,West
4324,22,Male,Motor,13/01/2023,,724.69,2,1,North
4325,32,Male,Auto,08/04/2021,08/04/2022 0:00,1468.3,0,4,North
4326,57,Female,Motor,05/03/2022,05/03/2025 0:00,1306.93,3,3,North
4327,59,Male,Motor,05/08/2022,,968.55,4,8,West
4328,58,Female,Auto,07/09/2020,07/09/2022 0:00,1149.14,0,9,South
4329,67,Male,Motor,02/08/2024,,997.71,2,8,East
4330,19,Female,Motor,18/03/2024,,1408.31,1,2,West
4331,49,Male,Motor,08/03/2024,,537.49,3,7,West
4332,68,Female,Auto,19/10/2023,19/10/2024 0:00,1215.04,4,2,South
4333,70,Male,Motor,04/10/2023,,854.05,5,1,South
4334,,Female,Motor,23/08/2021,23/08/2022 0:00,900.14,5,6,South
4335,38,Male,Motor,03/03/2023,,855.78,2,1,North
4336,39,Male,Auto,27/05/2021,27/05/2024 0:00,442.44,2,6,West
4337,,Male,Motor,14/03/2023,,1100.57,2,5,East
4338,54,Male,Motor,15/07/2024,15/07/2027 0:00,1477.62,4,9,South
4339,61,Female,Motor,03/01/2023,,972.69,1,5,North
4340,54,Female,Auto,06/03/2023,06/03/2025 0:00,891.25,2,1,South
4341,23,Female,Auto,15/11/2021,15/11/2022 0:00,1119.34,3,3,East
4342,41,Female,Home,26/07/2021,26/07/2022 0:00,976.64,0,1,West
4343,61,Male,Home,22/10/2023,22/10/2026 0:00,1330.2,0,10,East
4344,66,Male,Motor,12/09/2024,,515.91,5,8,South
4345,26,Female,Motor,01/11/2022,,662.86,4,4,North
4346,22,Male,Motor,18/10/2023,,1059.61,4,,South
4347,61,Female,Motor,12/02/2021,12/02/2024 0:00,592.11,1,2,West
4348,63,Female,Motor,04/07/2020,04/07/2021 0:00,1108.32,4,3,North
4349,40,Male,Home,12/10/2022,12/10/2025 0:00,412.54,1,7,East
4350,59,Male,Motor,18/03/2021,18/03/2022 0:00,1334.89,5,5,West
4351,56,Female,Motor,15/06/2020,15/06/2021 0:00,1297.48,5,8,South
4352,69,Female,Home,14/06/2023,14/06/2026 0:00,670.31,4,2,West
4353,27,Female,Home,07/11/2022,07/11/2025 0:00,1219.5,1,2,South
4354,30,Male,Auto,01/12/2022,01/12/2025 0:00,398.88,1,9,North
4355,50,Male,Home,16/03/2022,16/03/2024 0:00,1042.69,2,6,East
4356,63,Female,Auto,16/09/2020,16/09/2022 0:00,1410.01,4,6,South
4357,56,Male,Motor,18/04/2020,18/04/2021 0:00,1271.43,1,7,West
4358,64,Female,Auto,22/09/2021,22/09/2022 0:00,996.88,2,8,North
4359,24,Female,Motor,01/02/2022,,1478.78,2,8,West
4360,26,Male,Auto,23/02/2022,23/02/2025 0:00,315.57,2,3,North
4361,26,Female,Home,06/09/2024,06/09/2025 0:00,547.61,0,8,South
4362,67,Female,Motor,26/07/2024,26/07/2026 0:00,1358.08,0,8,East
4363,58,Female,Auto,28/03/2021,28/03/2024 0:00,628.86,2,9,South
4364,63,Female,Motor,22/04/2020,22/04/2022 0:00,1088.34,2,6,West
4365,51,Female,Home,25/05/2020,25/05/2023 0:00,527.17,1,6,West
4366,38,Male,Motor,22/08/2021,22/08/2024 0:00,1232.81,5,8,West
4367,51,Female,Auto,08/05/2024,08/05/2025 0:00,545.02,,5,South
4368,27,Male,Motor,15/11/2022,,820.24,0,1,South
4369,57,Female,Motor,15/12/2020,,565.16,4,5,East
4370,23,Female,Motor,26/08/2023,,459.54,3,8,South
4371,54,Female,Motor,07/04/2024,07/04/2027 0:00,1246.98,2,3,North
4372,24,Male,Unknown,02/08/2024,02/08/2025 0:00,372.97,4,3,North
4373,56,Male,Motor,30/06/2021,30/06/2024 0:00,1251.03,5,9,North
4374,24,Female,Home,11/05/2020,11/05/2022 0:00,1132.26,1,1,West
4375,58,Female,Motor,22/04/2022,22/04/2023 0:00,1078.54,1,4,East
4376,60,Male,Home,16/11/2022,16/11/2024 0:00,794.28,1,2,West
4377,54,Female,Motor,06/12/2021,06/12/2024 0:00,1352.59,2,9,North
4378,26,Male,Motor,17/09/2022,17/09/2025 0:00,537.41,3,5,North
4379,39,Male,Motor,24/06/2023,,588.93,4,5,West
4380,39,Female,Motor,21/03/2022,21/03/2023 0:00,invalid,0,3,North
4381,59,Female,Home,02/10/2021,02/10/2024 0:00,1292.79,1,4,North
4382,66,Male,Motor,12/07/2021,12/07/2022 0:00,1222.16,2,2,East
4383,63,Female,Home,28/05/2020,28/05/2023 0:00,958.11,4,2,North
4384,39,Female,Motor,17/04/2023,,675.44,0,4,North
4385,49,Female,Auto,05/07/2024,05/07/2027 0:00,1379.48,4,8,East
4386,41,Female,Motor,10/04/2024,10/04/2025 0:00,560.93,1,2,West
4387,24,Male,Motor,08/06/2024,08/06/2025 0:00,853.06,,10,West
4388,56,Female,Auto,11/12/2021,11/12/2022 0:00,656.61,1,4,West
4389,50,Female,Motor,11/09/2023,,1310.65,1,2,West
4390,30,Female,Auto,19/02/2024,19/02/2027 0:00,1468.01,3,1,North
4391,33,Female,Auto,03/09/2022,03/09/2024 0:00,766,3,7,West
4392,35,Female,Motor,06/10/2023,,306.48,5,8,West
4393,24,Female,Motor,05/05/2020,05/05/2021 0:00,312.32,5,9,North
4394,62,Female,Motor,14/08/2022,14/08/2023 0:00,620.45,1,3,West
4395,53,Male,Auto,03/11/2020,03/11/2021 0:00,544.34,1,8,West
4396,37,Male,Home,04/03/2023,04/03/2026 0:00,656.36,0,9,West
4397,43,Male,Motor,08/08/2023,08/08/2024 0:00,1454.2,4,7,South
4398,57,Female,Motor,07/11/2020,,1098.94,0,10,East
4399,37,Female,Home,08/06/2022,08/06/2025 0:00,599.9,5,1,East
4400,32,Female,Auto,13/04/2024,13/04/2025 0:00,1023.31,2,10,West
4401,19,Female,Home,28/11/2020,28/11/2022 0:00,352.12,0,6,West
4402,67,Male,Home,11/07/2023,11/07/2026 0:00,606.8,2,,East
4403,37,Female,Motor,01/07/2022,,553.84,1,9,West
4404,63,Female,Home,07/10/2019,07/10/2021 0:00,1460.9,1,1,West
4405,63,Male,Motor,22/11/2022,,1080.19,2,4,South
4406,39,Female,Motor,10/03/2023,,890.83,0,8,South
4407,23,Female,Motor,12/04/2024,,654.46,1,10,South
4408,,Female,Auto,20/09/2021,20/09/2023 0:00,490.62,3,4,South
4409,49,Male,Motor,19/07/2022,,398.49,4,9,West
4410,69,Male,Auto,09/09/2022,09/09/2023 0:00,929.04,4,5,West
4411,31,Female,Auto,28/11/2022,28/11/2025 0:00,525.56,5,3,West
4412,23,Male,Motor,22/01/2021,,1181.08,3,5,South
4413,29,Female,Auto,19/02/2022,19/02/2024 0:00,262.01,4,10,East
4414,53,Male,Motor,10/09/2022,,251.88,2,6,East
4415,39,Female,Auto,18/08/2020,18/08/2023 0:00,492.03,5,10,West
4416,44,Female,Auto,06/11/2022,06/11/2025 0:00,1244.96,0,10,West
4417,45,Male,Motor,30/12/2022,30/12/2023 0:00,1368.53,2,3,West
4418,57,Male,Motor,08/01/2024,08/01/2026 0:00,548.92,5,4,South
4419,21,Male,Motor,12/07/2020,12/07/2022 0:00,496.99,3,1,North
4420,66,Female,Home,11/10/2020,11/10/2023 0:00,1473.56,2,1,East
4421,34,Male,Motor,26/02/2022,26/02/2024 0:00,874.05,2,4,West
4422,23,Male,Motor,23/03/2022,,548.48,2,8,South
4423,20,Male,Auto,21/04/2020,21/04/2023 0:00,1217.69,0,7,West
4424,54,Female,Motor,06/02/2022,,788.81,5,2,East
4425,32,Female,Motor,09/01/2022,,585.35,2,2,West
4426,36,Female,Home,15/03/2023,15/03/2025 0:00,1182.79,3,8,South
4427,23,Male,Motor,23/11/2023,23/11/2026 0:00,1262.29,1,7,South
4428,47,Female,Auto,01/08/2021,01/08/2024 0:00,1044.49,4,5,East
4429,58,Male,Home,26/08/2022,,731.25,4,10,West
4430,21,Male,Home,21/05/2024,21/05/2025 0:00,729.99,3,1,South
4431,62,Female,Unknown,09/01/2020,09/01/2023 0:00,1456.68,3,2,East
4432,32,Male,Auto,12/12/2022,12/12/2025 0:00,537.76,4,2,West
4433,25,Female,Auto,13/06/2022,13/06/2025 0:00,723.91,3,4,North
4434,19,Female,Motor,01/02/2020,01/02/2022 0:00,893.76,,7,South
4435,31,Female,Home,12/02/2023,12/02/2024 0:00,484.82,5,5,South
4436,56,Male,Home,10/12/2023,10/12/2025 0:00,990.91,3,4,North
4437,37,Male,Auto,21/02/2021,21/02/2023 0:00,1358.59,4,3,South
4438,,Female,Motor,16/05/2020,,444.43,,2,East
4439,21,Male,Home,31/12/2019,31/12/2020 0:00,1024.61,2,9,North
4440,25,Female,Motor,05/05/2023,,455.48,1,6,North
4441,53,Female,Motor,04/11/2023,04/11/2024 0:00,494.92,0,1,East
4442,33,Male,Motor,08/01/2020,,418.5,1,9,North
4443,36,Male,Motor,08/02/2024,,1128.39,0,6,South
4444,,Male,Auto,19/05/2022,19/05/2024 0:00,1346.33,3,10,West
4445,56,Male,Motor,08/06/2021,08/06/2024 0:00,1273.07,,10,East
4446,50,Male,Home,14/11/2023,14/11/2024 0:00,1016.55,4,4,North
4447,38,Male,Home,25/04/2023,25/04/2025 0:00,1244.06,2,3,North
4448,40,Male,Motor,28/05/2021,28/05/2024 0:00,1436.8,3,6,East
4449,28,Male,Motor,06/06/2021,,298.42,3,1,North
4450,20,Female,Auto,25/03/2023,25/03/2024 0:00,675.55,1,7,South
4451,63,Female,Home,18/02/2022,18/02/2023 0:00,1114.27,4,10,East
4452,27,Male,Auto,07/03/2023,07/03/2025 0:00,1118.68,5,3,West
4453,38,Male,Auto,03/02/2020,03/02/2022 0:00,957.46,2,5,South
4454,36,Female,Motor,01/01/2021,01/01/2024 0:00,904.89,3,2,South
4455,20,Male,Auto,09/03/2024,09/03/2025 0:00,1119.83,4,9,South
4456,38,Male,Home,13/11/2022,13/11/2025 0:00,732.61,0,6,East
4457,45,Male,Auto,22/12/2023,22/12/2025 0:00,836.04,3,3,North
4458,27,Male,Motor,04/02/2021,,696.29,2,8,West
4459,37,Male,Motor,26/05/2023,26/05/2026 0:00,387.89,5,4,West
4460,34,Male,Home,09/11/2019,09/11/2022 0:00,428.77,5,1,East
4461,36,Male,Motor,23/10/2019,23/10/2021 0:00,1263.76,4,4,North
4462,65,Male,Auto,12/04/2023,12/04/2026 0:00,1347.31,4,10,South
4463,45,Female,Motor,16/06/2023,16/06/2025 0:00,404.61,2,1,East
4464,40,Male,Motor,12/06/2022,12/06/2024 0:00,1108.04,0,6,West
4465,34,Male,Home,27/06/2023,27/06/2024 0:00,591.12,4,4,East
4466,18,Male,Auto,07/12/2019,07/12/2022 0:00,1032.07,2,2,North
4467,35,Female,Motor,31/03/2023,31/03/2024 0:00,328.7,2,2,North
4468,46,Female,Auto,19/11/2022,19/11/2023 0:00,349.8,3,7,North
4469,35,Male,Home,14/03/2022,14/03/2023 0:00,541.86,1,1,South
4470,57,Male,Motor,25/12/2021,25/12/2022 0:00,682.74,4,6,East
4471,22,Male,Motor,23/02/2021,23/02/2023 0:00,481.1,,1,North
4472,69,Male,Home,29/05/2022,29/05/2025 0:00,1432.57,1,5,North
4473,65,Male,Home,20/11/2019,20/11/2022 0:00,925.38,0,2,North
4474,32,Female,Home,02/01/2024,02/01/2025 0:00,257.29,5,10,South
4475,18,Male,Auto,27/11/2023,27/11/2026 0:00,339.28,4,9,South
4476,37,Male,Motor,05/02/2020,05/02/2022 0:00,303.46,3,,West
4477,35,Male,Motor,30/05/2020,30/05/2022 0:00,660.26,2,4,South
4478,66,Male,Auto,10/12/2023,10/12/2024 0:00,311.75,3,1,West
4479,67,Female,Auto,01/04/2022,01/04/2023 0:00,958.73,3,8,East
4480,52,Female,Auto,27/08/2020,27/08/2021 0:00,688.36,5,9,West
4481,43,Female,Motor,29/09/2022,,934.68,2,1,South
4482,53,Female,Motor,15/03/2020,15/03/2022 0:00,621.46,3,2,North
4483,44,Male,Auto,06/04/2020,06/04/2021 0:00,1182.25,2,2,East
4484,49,Male,Auto,12/10/2022,12/10/2024 0:00,844.7,3,7,South
4485,49,Male,Motor,08/05/2020,08/05/2023 0:00,414.7,4,3,West
4486,58,Male,Home,07/07/2021,07/07/2022 0:00,1486.09,4,10,West
4487,68,Male,Motor,07/05/2024,07/05/2027 0:00,680.38,2,6,West
4488,42,Female,Motor,26/01/2020,,636.44,0,9,East
4489,44,Female,Auto,31/10/2020,31/10/2021 0:00,972.48,5,10,North
4490,55,Female,Home,22/10/2019,22/10/2022 0:00,952.94,1,7,South
4491,32,Female,Motor,25/07/2022,,290.57,5,3,South
4492,42,Male,Motor,06/08/2022,,1026.32,1,,East
4493,25,Female,Auto,10/02/2024,10/02/2025 0:00,1466.6,2,5,West
4494,46,Female,Motor,26/07/2022,26/07/2025 0:00,1016.63,0,10,South
4495,50,Female,Auto,15/10/2023,15/10/2025 0:00,481.95,1,5,North
4496,49,Female,Home,04/12/2019,04/12/2022 0:00,512.06,0,8,West
4497,18,Male,Motor,06/09/2022,,1182.37,1,5,South
4498,53,Female,Motor,12/06/2022,12/06/2025 0:00,716.99,2,4,West
4499,54,Female,Auto,06/02/2023,06/02/2025 0:00,306.62,1,9,West
4500,27,Male,Home,21/06/2023,21/06/2024 0:00,512.08,2,5,South
4501,47,Male,Motor,07/07/2024,07/07/2026 0:00,724.87,4,7,North
4502,22,Female,Auto,07/11/2022,07/11/2024 0:00,426.22,5,10,South
4503,33,Female,Motor,18/09/2024,,420.32,2,4,South
4504,60,Female,Auto,13/09/2020,13/09/2022 0:00,1472.77,1,6,West
4505,54,Female,Motor,19/07/2023,19/07/2024 0:00,1076.97,2,2,West
4506,43,Female,Motor,30/05/2022,30/05/2024 0:00,535.48,4,10,West
4507,33,Male,Motor,07/03/2024,,265.21,3,10,West
4508,39,Female,Auto,05/01/2023,05/01/2025 0:00,1145.45,3,1,South
4509,49,Female,Home,25/03/2023,25/03/2024 0:00,1306.16,3,7,East
4510,35,Female,Motor,10/07/2022,10/07/2024 0:00,1456.79,1,2,West
4511,,Male,Home,21/06/2022,21/06/2023 0:00,1386.51,2,8,West
4512,66,Male,Auto,24/03/2022,24/03/2025 0:00,1224,5,9,West
4513,27,Male,Home,28/08/2024,28/08/2026 0:00,567.22,0,5,North
4514,,Female,Home,05/06/2023,05/06/2024 0:00,1403.2,5,5,South
4515,20,Female,Home,28/12/2021,28/12/2023 0:00,992.79,4,9,West
4516,66,Female,Home,11/02/2022,11/02/2023 0:00,403.52,3,5,West
4517,67,Male,Auto,30/05/2022,30/05/2025 0:00,1327.87,3,9,West
4518,27,Male,Motor,31/05/2021,,536.08,1,3,North
4519,31,Female,Motor,18/12/2023,18/12/2024 0:00,274.38,2,7,East
4520,34,Female,Motor,05/02/2021,,1317.88,1,9,South
4521,19,Female,Home,17/12/2021,17/12/2024 0:00,516.6,2,3,South
4522,30,Female,Motor,28/09/2021,,1170.06,5,1,North
4523,51,Female,Home,16/11/2019,16/11/2021 0:00,844.67,4,5,South
4524,63,Male,Motor,19/09/2020,19/09/2023 0:00,1359.41,2,2,South
4525,69,Female,Motor,14/02/2024,,1170.28,5,1,North
4526,47,Female,Motor,27/03/2020,27/03/2021 0:00,1433.25,4,1,North
4527,53,Female,Home,05/03/2022,05/03/2024 0:00,1225.65,2,8,West
4528,66,Female,Motor,11/12/2021,,1135.42,4,5,South
4529,52,Female,Motor,20/01/2023,,311.19,5,2,North
4530,26,Male,Home,15/12/2020,15/12/2023 0:00,271.25,5,3,East
4531,20,Female,Home,06/11/2019,06/11/2020 0:00,1098.98,0,5,East
4532,57,Female,Home,10/06/2020,10/06/2023 0:00,677.03,1,3,South
4533,62,Male,Motor,08/02/2021,08/02/2023 0:00,1259.98,3,7,North
4534,63,Female,Motor,06/08/2023,06/08/2024 0:00,496.57,0,4,South
4535,27,Female,Home,16/03/2023,16/03/2026 0:00,1101.96,0,10,East
4536,67,Female,Home,05/09/2022,05/09/2023 0:00,593.04,5,8,West
4537,66,Female,Motor,27/11/2022,27/11/2024 0:00,321.53,3,9,North
4538,56,Male,Motor,21/05/2021,21/05/2024 0:00,1412.99,4,8,North
4539,66,Male,Motor,11/10/2020,,875.18,2,3,North
4540,64,Male,Motor,03/11/2022,,907.55,4,2,West
4541,,Male,Auto,19/08/2024,19/08/2025 0:00,839.52,2,2,South
4542,31,Female,Motor,01/01/2024,,1428.1,5,9,West
4543,39,Male,Motor,01/12/2023,01/12/2025 0:00,1494.46,4,10,East
4544,54,Male,Motor,25/10/2019,25/10/2020 0:00,884.33,0,4,North
4545,30,Male,Home,10/07/2024,10/07/2026 0:00,1045.09,1,10,South
4546,29,Male,Motor,11/01/2020,,1217.22,2,10,East
4547,37,Male,Motor,09/04/2024,,1310.03,1,1,South
4548,38,Female,Motor,22/07/2022,22/07/2024 0:00,873.44,4,7,North
4549,47,Male,Auto,08/03/2024,,1374.36,2,9,West
4550,41,Female,Auto,13/09/2021,13/09/2024 0:00,1162.48,0,10,South
4551,43,Male,Motor,27/03/2021,27/03/2022 0:00,1183.39,2,1,North
4552,56,Female,Motor,30/11/2023,,521.08,,8,South
4553,33,Male,Motor,21/11/2021,,1204.86,5,1,South
4554,67,Male,Home,27/03/2020,27/03/2022 0:00,369.14,4,2,South
4555,24,Female,Motor,11/10/2022,,730.69,4,6,North
4556,26,Female,Motor,23/01/2020,,1059.86,4,2,South
4557,44,Male,Motor,19/12/2019,,1237.55,4,5,North
4558,58,Male,Motor,20/06/2021,20/06/2023 0:00,1218.7,1,1,North
4559,53,Male,Auto,08/10/2019,08/10/2020 0:00,1428.36,0,5,East
4560,52,Female,Auto,26/02/2021,26/02/2023 0:00,910.2,0,6,South
4561,39,Female,Home,28/07/2024,28/07/2026 0:00,1495.46,4,9,West
4562,28,Male,Motor,17/04/2022,17/04/2023 0:00,422.86,,9,West
4563,56,Female,Motor,29/06/2021,,902.62,1,,North
4564,33,Female,Home,20/05/2021,20/05/2022 0:00,1112.9,4,1,South
4565,45,Male,Motor,11/12/2021,,1070.75,0,5,West
4566,69,Male,Motor,27/02/2024,27/02/2027 0:00,765.7,3,1,North
4567,57,Female,Home,14/10/2023,14/10/2025 0:00,1328.43,1,8,West
4568,48,Female,Auto,02/02/2021,,1452.78,1,6,East
4569,42,Male,Home,22/09/2022,22/09/2025 0:00,564.99,4,7,West
4570,64,Female,Home,19/01/2020,19/01/2021 0:00,402.44,1,8,South
4571,42,Male,Motor,02/02/2024,02/02/2025 0:00,803.1,0,8,East
4572,23,Male,Home,04/12/2020,04/12/2022 0:00,708.7,3,8,West
4573,65,Male,Auto,17/10/2022,17/10/2023 0:00,1400.59,0,4,South
4574,53,Male,Home,28/02/2022,28/02/2025 0:00,784.65,0,6,North
4575,19,Female,Motor,24/07/2020,24/07/2022 0:00,523.31,5,10,South
4576,55,Male,Motor,13/01/2024,,1138.22,3,10,South
4577,48,Female,Home,06/05/2020,06/05/2023 0:00,1436.86,5,8,West
4578,67,Male,Home,13/11/2021,13/11/2023 0:00,942.52,3,5,West
4579,35,Female,Motor,30/08/2022,,1314.63,5,2,West
4580,39,Female,Motor,11/04/2022,,1412.32,5,2,North
4581,46,Male,Auto,24/02/2024,24/02/2025 0:00,601.04,5,1,North
4582,30,Female,Motor,06/02/2022,06/02/2023 0:00,1212.49,1,8,North
4583,37,Female,Motor,07/07/2023,,1326.74,0,1,West
4584,42,Male,Auto,16/04/2020,16/04/2022 0:00,605.07,5,8,West
4585,62,Female,Home,27/02/2020,27/02/2021 0:00,1458.49,4,4,North
4586,61,Female,Motor,24/02/2024,,939.19,5,9,West
4587,50,Male,Auto,26/03/2020,26/03/2023 0:00,603.04,2,,East
4588,42,Female,Auto,26/07/2024,26/07/2027 0:00,603.36,0,4,North
4589,48,Male,Motor,09/11/2020,09/11/2021 0:00,1052.99,3,7,North
4590,23,Male,Auto,17/04/2021,17/04/2023 0:00,730.2,,1,West
4591,24,Female,Motor,15/04/2021,15/04/2024 0:00,1470.92,2,7,South
4592,39,Male,Auto,05/03/2022,05/03/2023 0:00,539.34,2,10,East
4593,64,Male,Auto,22/07/2021,22/07/2024 0:00,1205.88,0,3,South
4594,45,Male,Auto,11/09/2020,,289.4,5,7,North
4595,51,Female,Auto,23/05/2021,23/05/2024 0:00,752.41,4,8,East
4596,22,Female,Motor,25/10/2022,,1126.12,3,1,East
4597,23,Female,Motor,22/02/2024,,817.4,3,9,East
4598,36,Female,Auto,21/08/2024,21/08/2027 0:00,1217.5,3,5,North
4599,38,Female,Auto,27/01/2020,27/01/2023 0:00,754.61,1,1,West
4600,56,Female,Home,02/07/2020,02/07/2023 0:00,341.65,0,3,South
4601,48,Female,Auto,11/07/2023,11/07/2024 0:00,368.59,5,3,West
4602,49,Female,Motor,24/06/2024,24/06/2027 0:00,629.47,1,6,East
4603,22,Male,Motor,06/01/2022,,1338.87,4,1,North
4604,50,,Motor,28/09/2020,,523.02,2,4,East
4605,63,Female,Auto,24/10/2019,24/10/2021 0:00,255.17,0,9,West
4606,57,Female,Auto,06/04/2020,06/04/2021 0:00,558.72,0,9,West
4607,60,Female,Auto,13/01/2022,13/01/2025 0:00,572.31,5,9,West
4608,26,Female,Auto,18/10/2023,18/10/2026 0:00,604.65,5,9,East
4609,,Male,Motor,13/10/2022,13/10/2025 0:00,1118.8,4,9,South
4610,39,Male,Motor,01/06/2020,,1030.05,,3,West
4611,48,Female,Home,27/11/2021,27/11/2022 0:00,620.73,1,7,West
4612,34,Male,Motor,25/04/2020,,718.98,0,5,West
4613,57,Female,Home,31/03/2020,31/03/2022 0:00,1299.96,1,2,South
4614,45,Female,Auto,08/04/2020,08/04/2023 0:00,671.12,0,2,West
4615,66,Male,Motor,06/06/2023,,1350.6,5,10,North
4616,21,Female,Auto,31/07/2020,31/07/2022 0:00,630.46,0,3,South
4617,70,Male,Motor,23/03/2022,23/03/2025 0:00,724.79,1,2,South
4618,42,Male,Motor,23/02/2023,,1432.95,0,8,West
4619,41,Female,Auto,07/12/2020,07/12/2023 0:00,832.96,,2,West
4620,32,Male,Home,08/05/2020,,1309.16,3,8,North
4621,56,Female,Motor,12/08/2020,12/08/2021 0:00,938.07,1,6,South
4622,60,Female,Motor,31/07/2024,31/07/2026 0:00,846.33,,7,East
4623,18,Female,Home,26/09/2020,26/09/2021 0:00,480.66,4,10,West
4624,50,Female,Unknown,24/11/2022,24/11/2023 0:00,350.76,2,5,West
4625,56,Female,Home,21/09/2020,21/09/2021 0:00,647.31,4,5,West
4626,57,Female,Home,19/12/2022,19/12/2023 0:00,629.93,5,8,North
4627,68,Male,Home,30/11/2023,30/11/2024 0:00,732.49,3,10,South
4628,63,Female,Home,19/04/2020,,1126.6,4,2,West
4629,31,Male,Motor,27/11/2022,27/11/2023 0:00,1439.22,2,4,South
4630,35,Female,Motor,06/10/2022,,1363.7,0,1,North
4631,40,Male,Motor,15/03/2020,,548.07,3,2,West
4632,23,Male,Motor,25/06/2023,,845.88,4,1,North
4633,36,Male,Home,16/08/2020,16/08/2022 0:00,1079.23,4,6,East
4634,69,Male,Auto,03/09/2022,03/09/2024 0:00,381.29,,1,South
4635,63,Female,Auto,29/11/2022,29/11/2025 0:00,759.61,1,5,East
4636,68,Male,Auto,19/04/2023,19/04/2024 0:00,1462.06,4,,East
4637,32,Male,Home,01/09/2021,01/09/2024 0:00,436.99,5,6,South
4638,66,Male,Home,05/09/2022,05/09/2024 0:00,1296.31,1,4,North
4639,36,Male,Motor,30/01/2021,30/01/2022 0:00,658.2,3,8,North
4640,31,Female,Motor,08/04/2020,,835.21,1,3,East
4641,27,Male,Auto,29/08/2021,29/08/2022 0:00,1448.59,5,3,West
4642,30,Female,Auto,24/10/2022,24/10/2023 0:00,424.54,0,4,North
4643,61,Male,Motor,01/03/2022,01/03/2024 0:00,808.81,5,8,North
4644,57,Female,Motor,28/06/2020,,272.66,5,9,South
4645,40,Female,Motor,25/06/2022,,1375.84,2,3,West
4646,19,Male,Motor,09/03/2024,,358.13,3,5,South
4647,31,Female,Home,11/02/2024,11/02/2027 0:00,1388.25,0,8,East
4648,,Female,Home,30/12/2022,30/12/2023 0:00,832.47,0,9,North
4649,26,Female,Motor,27/03/2021,27/03/2022 0:00,846.3,1,2,North
4650,28,Male,Auto,10/09/2021,10/09/2023 0:00,430.32,2,8,South
4651,48,Male,Auto,10/07/2020,10/07/2022 0:00,1185.24,1,3,East
4652,42,Female,Auto,26/08/2022,,1320.67,2,3,East
4653,59,Female,Motor,04/09/2022,04/09/2025 0:00,1219.12,5,3,East
4654,61,Female,Home,08/09/2022,08/09/2025 0:00,1488.58,1,8,South
4655,48,Male,Auto,18/07/2021,18/07/2022 0:00,940.18,2,2,East
4656,58,Female,Home,16/04/2023,16/04/2025 0:00,1366.7,5,1,East
4657,46,Male,Home,09/12/2023,09/12/2024 0:00,1281.9,1,,North
4658,,Female,Home,25/11/2022,25/11/2025 0:00,1333.74,5,3,North
4659,56,Male,Home,01/12/2021,01/12/2022 0:00,872.28,5,10,North
4660,27,Male,Auto,20/01/2020,20/01/2022 0:00,411.83,5,3,West
4661,34,Female,Auto,28/07/2024,28/07/2027 0:00,367.33,5,7,North
4662,18,Male,Home,01/02/2023,01/02/2024 0:00,609.33,0,9,North
4663,69,Male,Motor,20/02/2022,,1474.14,0,2,North
4664,68,Female,Motor,07/02/2020,,497.97,,7,North
4665,52,Male,Auto,22/01/2021,22/01/2024 0:00,681.74,2,5,South
4666,30,Male,Auto,18/08/2022,18/08/2024 0:00,1160.87,2,2,North
4667,41,Male,Motor,17/02/2024,,265.59,5,6,East
4668,54,Female,Motor,02/06/2021,,953.7,0,6,North
4669,33,Male,Unknown,12/08/2021,12/08/2024 0:00,1374.73,2,1,North
4670,68,,Auto,24/08/2024,24/08/2026 0:00,422.09,3,7,East
4671,44,Male,Motor,24/10/2023,24/10/2026 0:00,922.6,0,5,West
4672,65,Male,Motor,21/09/2021,21/09/2023 0:00,1024.57,4,2,East
4673,67,Male,Motor,21/05/2020,,778.97,3,3,West
4674,28,Female,Auto,22/06/2021,22/06/2023 0:00,1327.66,4,6,South
4675,50,Male,Motor,29/08/2022,29/08/2025 0:00,653.23,0,5,North
4676,51,Female,Motor,04/08/2023,,1415.02,0,8,East
4677,29,Male,Home,27/02/2022,27/02/2023 0:00,262.12,3,10,West
4678,58,Male,Motor,11/09/2021,11/09/2024 0:00,820.94,0,1,North
4679,43,Male,Motor,08/07/2020,,1098.07,4,10,East
4680,61,Female,Home,21/04/2024,21/04/2025 0:00,634.41,4,7,North
4681,40,Female,Motor,09/03/2020,09/03/2023 0:00,856.69,1,9,South
4682,29,Male,Auto,10/06/2022,10/06/2025 0:00,1100.78,3,1,South
4683,34,Male,Motor,20/11/2019,,1287.8,5,5,North
4684,21,Male,Home,01/06/2022,01/06/2024 0:00,998.18,1,4,West
4685,35,Male,Motor,20/09/2021,20/09/2022 0:00,1252.76,1,4,East
4686,33,Female,Auto,30/09/2019,30/09/2021 0:00,1009.01,1,6,North
4687,27,Female,Motor,25/05/2020,,592.89,5,1,North
4688,24,Male,Home,03/09/2022,03/09/2025 0:00,274.62,4,2,North
4689,39,Female,Motor,19/12/2019,19/12/2021 0:00,312.45,1,7,East
4690,69,Female,Motor,07/02/2022,,1196.27,3,5,West
4691,70,Male,Auto,27/08/2024,27/08/2026 0:00,1284.15,3,4,North
4692,56,Male,Motor,19/07/2023,19/07/2024 0:00,1280.94,1,4,West
4693,,Male,Auto,09/06/2022,09/06/2025 0:00,555.41,4,7,North
4694,28,Male,Auto,18/12/2019,18/12/2021 0:00,1241.79,2,3,North
4695,43,Male,Auto,06/06/2023,06/06/2024 0:00,796.64,3,3,South
4696,62,Female,Auto,17/07/2024,17/07/2025 0:00,319.18,4,5,East
4697,52,Female,Auto,15/03/2022,15/03/2025 0:00,642.35,,6,North
4698,38,Female,Motor,06/04/2023,06/04/2024 0:00,683.35,0,5,North
4699,49,Female,Auto,06/04/2023,06/04/2026 0:00,525.11,0,10,South
4700,38,Male,Motor,07/03/2021,,1371.22,0,1,East
4701,27,Male,Home,13/03/2024,13/03/2026 0:00,1424.85,4,8,North
4702,68,Female,Motor,17/12/2022,17/12/2025 0:00,913.45,5,6,West
4703,49,Female,Home,07/09/2021,07/09/2022 0:00,1216.25,0,7,North
4704,26,Male,Motor,27/03/2021,27/03/2022 0:00,657.11,1,3,South
4705,54,Male,Motor,08/06/2022,,1186.35,0,10,East
4706,53,Male,Motor,21/03/2023,,1176.76,1,5,South
4707,66,Female,Motor,24/03/2022,24/03/2025 0:00,419.26,2,10,West
4708,27,Female,Motor,19/05/2021,,861.46,4,8,South
4709,27,Female,Motor,09/05/2023,09/05/2024 0:00,1349.48,1,,East
4710,26,Male,Auto,28/07/2023,28/07/2024 0:00,1201.12,0,9,North
4711,55,Male,Auto,24/04/2020,24/04/2021 0:00,1254.6,0,8,South
4712,32,Female,Home,03/10/2021,03/10/2022 0:00,253.35,1,4,West
4713,45,Male,Auto,29/09/2019,29/09/2021 0:00,582.05,5,7,East
4714,23,Female,Home,12/02/2024,12/02/2025 0:00,400.52,5,3,South
4715,66,Female,Motor,26/08/2023,,1435.62,5,7,South
4716,39,Male,Motor,25/01/2022,25/01/2024 0:00,547.64,4,3,East
4717,59,Male,Home,20/10/2023,20/10/2026 0:00,643.68,1,5,North
4718,27,Female,Auto,19/03/2020,19/03/2021 0:00,1016.98,3,2,West
4719,19,Female,Motor,13/02/2020,,879.85,4,8,South
4720,,Female,Motor,13/04/2021,,374.76,1,10,South
4721,31,Male,Motor,08/06/2021,,850.05,2,2,North
4722,49,Male,Motor,29/08/2023,29/08/2024 0:00,942.8,0,2,South
4723,70,Female,Motor,05/12/2019,,1489.71,3,5,East
4724,44,Female,Home,26/01/2021,26/01/2024 0:00,1311.36,4,3,South
4725,,Female,Auto,09/07/2020,09/07/2021 0:00,547.22,1,2,North
4726,58,Male,Motor,04/11/2023,,377.85,3,7,East
4727,36,Female,Motor,13/12/2019,,456.83,5,9,North
4728,23,Female,Home,01/12/2022,01/12/2025 0:00,459.63,2,4,East
4729,66,Male,Motor,11/02/2023,11/02/2024 0:00,729.01,2,9,South
4730,22,Male,Auto,06/11/2021,06/11/2023 0:00,1199.46,1,3,West
4731,39,Male,Motor,14/04/2024,,336.59,2,1,South
4732,20,Male,Motor,05/12/2019,05/12/2022 0:00,759.76,3,5,South
4733,69,Male,Motor,04/06/2023,04/06/2024 0:00,917.15,2,1,West
4734,23,Female,Motor,15/05/2022,,1085,2,9,West
4735,20,Male,Auto,04/03/2022,04/03/2025 0:00,1416.28,3,3,West
4736,48,Male,Motor,16/06/2023,,1274.82,0,4,North
4737,24,Female,Motor,08/05/2024,08/05/2026 0:00,1308.33,2,8,West
4738,65,Male,Home,24/07/2022,24/07/2024 0:00,1282.38,0,5,West
4739,36,Male,Motor,05/03/2024,,764.67,0,7,East
4740,61,Female,Home,16/08/2022,16/08/2025 0:00,1282.12,3,1,East
4741,,Female,Auto,12/11/2020,12/11/2022 0:00,1369.03,4,3,South
4742,55,Female,Motor,22/03/2023,,420.92,0,8,North
4743,55,Female,Motor,27/07/2021,,1482.88,1,3,East
4744,37,Male,Home,02/08/2021,,440.57,2,7,North
4745,22,Female,Motor,15/02/2020,,1370.22,5,3,West
4746,27,Female,Auto,27/07/2022,27/07/2025 0:00,453.84,4,8,North
4747,,Female,Motor,04/02/2020,,714.06,5,2,South
4748,29,Female,Home,06/08/2022,,704.08,0,8,South
4749,66,Female,Motor,03/05/2021,03/05/2024 0:00,1232.18,1,9,West
4750,32,Male,Auto,23/04/2021,23/04/2022 0:00,1112.89,3,,East
4751,68,Male,Home,20/06/2022,20/06/2024 0:00,1484.99,1,3,North
4752,31,Female,Motor,28/07/2021,28/07/2022 0:00,1124.42,5,10,North
4753,32,Male,Auto,09/01/2022,,1142.08,2,10,South
4754,63,Male,Home,15/04/2020,15/04/2022 0:00,1193.64,5,6,West
4755,68,Male,Home,19/05/2023,19/05/2024 0:00,1018.97,1,3,South
4756,58,Male,Motor,16/08/2021,16/08/2022 0:00,660.75,4,1,North
4757,51,Male,Home,12/07/2021,12/07/2022 0:00,933.94,0,9,West
4758,21,Male,Auto,23/07/2023,23/07/2024 0:00,1200.44,1,2,West
4759,69,Male,Home,24/10/2021,24/10/2024 0:00,337.01,2,4,North
4760,34,Male,Motor,21/03/2021,21/03/2022 0:00,884.19,1,2,South
4761,51,Female,Auto,19/09/2021,19/09/2022 0:00,1285.69,0,7,North
4762,21,Male,Auto,14/11/2021,14/11/2022 0:00,1406.35,4,6,North
4763,55,Male,Auto,21/01/2021,21/01/2022 0:00,1275.19,0,7,South
4764,40,Female,Motor,30/08/2021,,1283.54,3,5,North
4765,26,Male,Auto,20/03/2022,20/03/2023 0:00,1246.72,2,8,East
4766,46,Male,Unknown,28/09/2019,28/09/2020 0:00,674.26,4,8,South
4767,52,Male,Auto,07/01/2023,07/01/2025 0:00,1031.56,0,7,South
4768,40,Female,Motor,02/01/2022,,1281.13,5,2,South
4769,43,,Auto,21/02/2020,,636.71,1,6,West
4770,41,Male,Home,04/09/2020,04/09/2022 0:00,1229.06,4,8,South
4771,37,Male,Auto,12/02/2023,12/02/2024 0:00,696.98,3,6,East
4772,32,Male,Motor,06/08/2022,,1056.14,0,2,South
4773,66,,Home,26/06/2022,26/06/2023 0:00,1315.2,2,2,North
4774,,Female,Motor,04/12/2019,,1081.41,2,1,South
4775,39,Female,Motor,09/09/2022,,430.7,2,5,North
4776,67,Male,Unknown,01/11/2022,01/11/2023 0:00,1396.32,0,3,North
4777,21,Male,Home,06/11/2022,06/11/2024 0:00,830.49,4,1,North
4778,66,Male,Motor,26/11/2022,26/11/2025 0:00,740.79,0,6,North
4779,21,Female,Home,25/08/2022,25/08/2024 0:00,1032.06,5,2,South
4780,57,Female,Auto,03/09/2020,03/09/2022 0:00,1064.87,2,7,West
4781,29,Male,Motor,12/07/2024,,1245.75,4,3,West
4782,51,Female,Motor,18/02/2021,,983.63,5,1,South
4783,62,Male,Home,14/08/2020,14/08/2021 0:00,1477.56,5,3,East
4784,62,Female,Motor,08/10/2023,,530.79,2,1,North
4785,22,Male,Auto,03/10/2023,03/10/2024 0:00,867.53,4,3,East
4786,38,Male,Motor,16/10/2021,,576.18,1,6,East
4787,36,Female,Motor,22/10/2021,,589.19,1,8,East
4788,63,Female,Motor,11/03/2024,11/03/2026 0:00,414.37,4,7,East
4789,69,Male,Motor,27/01/2024,27/01/2026 0:00,418.15,2,6,South
4790,41,Male,Home,15/12/2020,15/12/2021 0:00,604.54,4,9,West
4791,24,Male,Motor,27/12/2019,,788.04,3,6,West
4792,34,,Auto,30/12/2021,30/12/2022 0:00,1025.53,5,5,North
4793,,Female,Motor,04/12/2021,,716.65,0,3,North
4794,26,Male,Motor,20/06/2024,20/06/2027 0:00,1484.46,3,4,North
4795,50,,Home,19/08/2021,19/08/2024 0:00,675.85,3,4,North
4796,24,Female,Auto,14/09/2024,14/09/2025 0:00,422.96,1,1,South
4797,62,Male,Motor,28/05/2021,,630.9,3,2,South
4798,40,Female,Auto,17/09/2022,17/09/2025 0:00,1127.02,1,4,East
4799,30,Female,Motor,17/10/2022,,410.65,1,5,East
4800,21,Male,Home,15/08/2020,15/08/2022 0:00,790.28,0,9,South
4801,50,Female,Motor,30/10/2023,,1329.99,2,10,South
4802,51,Female,Motor,26/09/2019,,606.45,3,1,East
4803,69,Female,Home,12/11/2021,12/11/2023 0:00,569.48,5,1,East
4804,66,Male,Home,15/08/2022,15/08/2024 0:00,352.24,0,3,West
4805,48,Female,Auto,31/01/2020,31/01/2023 0:00,307.92,,8,East
4806,59,Female,Home,09/06/2024,09/06/2026 0:00,315.47,5,5,East
4807,43,Female,Home,13/04/2024,13/04/2026 0:00,1018.44,0,3,North
4808,22,Male,Motor,28/06/2021,,970.19,0,1,East
4809,36,Female,Home,23/10/2020,23/10/2022 0:00,361.9,5,1,North
4810,25,Female,Auto,06/02/2022,06/02/2024 0:00,576.07,5,8,West
4811,29,Female,Home,16/05/2024,16/05/2025 0:00,985.62,2,6,West
4812,43,Male,Auto,20/03/2022,20/03/2025 0:00,537,,10,South
4813,30,Female,Motor,29/10/2023,,1150.03,4,3,West
4814,,Female,Motor,03/04/2020,,840.93,3,10,North
4815,19,Female,Auto,03/09/2020,03/09/2022 0:00,1059.73,5,8,East
4816,51,Female,Home,06/08/2020,06/08/2023 0:00,371.3,1,6,North
4817,65,Female,Home,01/11/2022,01/11/2024 0:00,697.71,0,8,West
4818,46,Female,Home,12/11/2020,12/11/2023 0:00,336.33,1,3,South
4819,49,Female,Motor,17/10/2020,17/10/2022 0:00,442.34,4,10,North
4820,51,Male,Home,04/08/2024,04/08/2025 0:00,273.69,1,5,South
4821,38,Male,Home,21/12/2020,21/12/2022 0:00,348.76,4,6,North
4822,49,Female,Home,26/01/2021,26/01/2022 0:00,922.77,1,7,West
4823,20,Female,Home,18/02/2022,18/02/2023 0:00,845.01,4,10,South
4824,30,Male,Motor,23/07/2023,,1404.6,3,4,West
4825,53,Male,Home,31/05/2023,31/05/2025 0:00,1464.9,2,9,West
4826,51,Female,Motor,29/04/2023,,1355.78,2,10,West
4827,28,Male,Motor,29/05/2022,,1188.52,0,8,West
4828,36,Female,Auto,04/05/2020,04/05/2021 0:00,349.42,0,1,East
4829,50,Female,Motor,17/05/2022,,849.71,3,9,North
4830,45,Female,Auto,04/04/2020,04/04/2021 0:00,1118.57,3,7,South
4831,18,Male,Auto,13/11/2020,13/11/2023 0:00,371.64,3,5,East
4832,37,Male,Home,20/08/2024,20/08/2027 0:00,1379.95,4,3,West
4833,54,Female,Motor,29/02/2020,,334.6,4,7,East
4834,39,Female,Motor,13/06/2021,,763.9,2,2,South
4835,39,Female,Motor,14/10/2022,,399.34,3,1,West
4836,51,Male,Motor,20/01/2024,,686.47,0,4,West
4837,37,Male,Auto,08/11/2023,08/11/2026 0:00,837.27,5,2,North
4838,42,Female,Auto,02/08/2024,02/08/2027 0:00,1238.95,1,5,South
4839,27,Female,Home,24/01/2020,24/01/2022 0:00,387.45,2,10,North
4840,42,Male,Motor,04/03/2021,04/03/2022 0:00,959.65,3,8,West
4841,39,Female,Home,19/02/2022,19/02/2023 0:00,403.25,3,8,North
4842,60,Male,Motor,23/08/2023,23/08/2025 0:00,1482.24,0,2,South
4843,27,Female,Motor,22/08/2022,22/08/2025 0:00,687.63,3,3,South
4844,39,Male,Motor,26/09/2020,26/09/2021 0:00,287.87,0,1,East
4845,63,Female,Auto,11/07/2020,11/07/2023 0:00,1148.55,5,7,North
4846,49,Male,Motor,07/04/2023,07/04/2025 0:00,864.12,3,7,East
4847,22,Female,Motor,27/02/2020,27/02/2021 0:00,666.76,5,3,West
4848,65,Male,Motor,22/10/2021,,585.14,1,6,South
4849,63,Female,Home,04/02/2024,04/02/2027 0:00,1016.56,5,1,West
4850,64,Female,Home,21/04/2021,21/04/2023 0:00,673.97,3,8,East
4851,25,Male,Home,02/12/2019,02/12/2020 0:00,995.93,4,9,North
4852,18,Female,Auto,22/04/2021,22/04/2023 0:00,331.49,4,9,South
4853,70,Male,Home,15/09/2024,15/09/2027 0:00,740.92,1,5,West
4854,22,Male,Unknown,16/06/2022,16/06/2023 0:00,280.57,3,10,West
4855,36,Female,Home,05/05/2022,05/05/2025 0:00,1409.15,4,8,North
4856,27,Male,Motor,24/02/2022,,1349.04,0,3,South
4857,34,Male,Motor,16/01/2022,,1003.74,3,10,North
4858,24,Male,Auto,10/02/2022,10/02/2025 0:00,280.1,4,2,West
4859,52,Male,Motor,09/02/2020,,620.2,0,2,South
4860,42,Female,Motor,19/12/2022,,1401.55,0,7,North
4861,25,Male,Motor,31/12/2022,31/12/2023 0:00,790.73,2,1,South
4862,58,Female,Home,30/08/2022,30/08/2023 0:00,1274.48,5,4,North
4863,27,Female,Home,14/04/2024,14/04/2026 0:00,1378.45,1,,North
4864,25,Male,Motor,15/11/2019,,1246.34,0,3,South
4865,57,Female,Home,08/12/2020,08/12/2023 0:00,544.96,3,2,South
4866,,Female,Home,23/01/2020,23/01/2022 0:00,862.74,2,5,West
4867,23,Female,Auto,17/11/2022,17/11/2024 0:00,1186.06,5,3,South
4868,40,Male,Motor,19/04/2023,,1457.3,0,6,East
4869,30,Male,Auto,02/04/2021,02/04/2022 0:00,800.76,1,8,North
4870,46,Female,Home,20/07/2021,20/07/2022 0:00,1068.86,5,1,North
4871,31,Male,Home,03/10/2023,03/10/2024 0:00,1326.87,5,2,West
4872,65,Male,Home,05/01/2022,05/01/2025 0:00,307.42,2,8,South
4873,18,Female,Home,21/05/2021,21/05/2024 0:00,490.71,0,5,North
4874,31,Male,Home,16/11/2019,16/11/2020 0:00,356.91,0,5,South
4875,59,Female,Auto,07/03/2024,07/03/2027 0:00,825.36,3,3,West
4876,38,Male,Home,01/08/2020,01/08/2021 0:00,1218.99,0,3,East
4877,46,Female,Motor,06/09/2020,06/09/2022 0:00,1326.38,0,6,West
4878,19,Male,Motor,03/08/2020,,423.85,2,4,West
4879,57,Female,Auto,01/04/2024,01/04/2027 0:00,286.75,1,8,East
4880,60,Female,Auto,11/03/2024,,487.09,1,9,East
4881,43,Female,Motor,02/10/2021,,1313.81,2,4,West
4882,53,Male,Home,21/07/2023,21/07/2025 0:00,315.76,2,5,South
4883,56,Female,Motor,25/05/2024,25/05/2027 0:00,595.34,2,3,South
4884,70,Male,Motor,18/11/2020,18/11/2021 0:00,468.98,2,8,North
4885,68,Male,Home,12/10/2021,12/10/2023 0:00,312.47,4,2,North
4886,54,Female,Motor,07/09/2023,,274.64,2,7,South
4887,38,Female,Motor,08/01/2020,08/01/2022 0:00,662.81,2,9,East
4888,41,Female,Motor,05/07/2021,05/07/2022 0:00,1073.98,4,9,North
4889,21,Male,Auto,18/07/2020,,964.71,1,5,East
4890,34,Male,Motor,13/09/2022,13/09/2023 0:00,648.79,4,5,South
4891,33,Female,Motor,17/11/2021,17/11/2023 0:00,669.74,0,10,North
4892,65,Male,Motor,25/09/2022,,1288.57,2,9,East
4893,44,Female,Motor,18/07/2021,,1362.97,1,10,North
4894,67,Female,Auto,20/02/2022,20/02/2024 0:00,868.34,3,2,West
4895,41,Female,Auto,03/11/2019,03/11/2022 0:00,1477.85,2,7,East
4896,69,Male,Motor,25/06/2021,,595.38,2,4,East
4897,32,Male,Home,26/08/2024,26/08/2025 0:00,681.32,3,8,West
4898,44,Male,Auto,03/07/2021,03/07/2022 0:00,800.64,1,1,West
4899,63,Female,Motor,26/12/2019,,1460.56,4,7,East
4900,19,Female,Home,21/03/2024,21/03/2025 0:00,445.17,5,8,North
4901,45,Female,Motor,25/08/2023,25/08/2025 0:00,673.6,5,4,North
4902,53,Male,Auto,08/04/2022,08/04/2023 0:00,1061.7,0,9,North
4903,28,Female,Home,02/07/2022,02/07/2024 0:00,1280.34,4,6,East
4904,60,Female,Home,22/06/2024,,354.49,5,1,South
4905,60,Female,Auto,13/01/2020,13/01/2021 0:00,1139.16,,5,South
4906,41,Female,Motor,11/03/2020,,265.68,3,6,South
4907,69,Male,Auto,16/04/2020,16/04/2022 0:00,1325.21,2,2,West
4908,59,Female,Motor,06/01/2022,,907.66,4,2,West
4909,62,Female,Motor,23/11/2021,23/11/2023 0:00,1144.66,5,,West
4910,52,Female,Motor,19/11/2019,19/11/2021 0:00,1087.04,4,2,North
4911,36,Male,Auto,01/03/2022,01/03/2023 0:00,1230.97,1,4,South
4912,,Male,Motor,27/09/2022,,408.29,5,10,West
4913,60,Female,Motor,29/08/2020,29/08/2021 0:00,1171.96,2,2,North
4914,53,Female,Motor,25/02/2023,25/02/2025 0:00,1247.07,0,3,South
4915,55,Female,Motor,26/07/2024,26/07/2025 0:00,944.06,5,9,South
4916,37,Male,Motor,11/10/2021,11/10/2022 0:00,1079.07,5,6,North
4917,36,Male,Auto,19/07/2020,19/07/2022 0:00,1148.95,4,6,North
4918,52,Female,Motor,12/03/2022,,1094.18,1,1,North
4919,46,Male,Motor,09/05/2021,,481.46,4,8,East
4920,50,Female,Auto,25/08/2024,25/08/2026 0:00,814.43,3,2,South
4921,56,Male,Unknown,29/07/2021,29/07/2022 0:00,964.05,5,1,South
4922,56,Male,Motor,03/10/2021,03/10/2024 0:00,658.94,4,6,North
4923,35,Male,Motor,11/07/2023,,1253.91,1,10,East
4924,66,Male,Auto,16/04/2021,16/04/2022 0:00,1043.5,3,6,West
4925,38,Female,Motor,17/07/2022,,276.4,5,5,North
4926,,Male,Motor,14/07/2024,,1352.71,2,2,South
4927,62,Male,Motor,13/02/2024,13/02/2025 0:00,845.93,4,3,South
4928,48,Male,Motor,05/06/2023,,842.1,1,3,West
4929,27,Male,Motor,26/01/2023,,1345.78,1,3,West
4930,28,Female,Home,25/03/2023,,260.52,1,5,West
4931,,Male,Auto,22/04/2020,22/04/2022 0:00,1290.19,4,6,West
4932,24,Male,Auto,29/06/2024,29/06/2025 0:00,262.18,4,,West
4933,59,Female,Auto,04/07/2020,04/07/2021 0:00,1338.54,2,2,West
4934,43,Male,Auto,25/09/2023,25/09/2024 0:00,1334.53,4,6,North
4935,26,Female,Home,25/03/2024,25/03/2025 0:00,1249.92,0,10,East
4936,62,Male,Motor,27/09/2021,,1232.78,4,7,East
4937,68,Male,Motor,26/01/2020,26/01/2021 0:00,644.72,2,6,South
4938,65,Male,Motor,01/07/2021,,1369.45,4,5,West
4939,22,Female,Motor,01/03/2021,01/03/2022 0:00,1492.11,2,3,East
4940,69,Female,Home,14/10/2023,14/10/2026 0:00,899.56,4,10,West
4941,22,Male,Motor,24/10/2020,,1110.42,3,5,West
4942,55,Male,Home,28/04/2024,,932.11,0,9,North
4943,29,Male,Home,25/04/2021,25/04/2023 0:00,1445.79,5,4,East
4944,62,Male,Motor,06/05/2020,,1060.3,4,2,West
4945,50,Female,Motor,30/03/2020,30/03/2023 0:00,758.73,1,8,West
4946,,Female,Home,08/06/2021,08/06/2022 0:00,342.51,2,10,North
4947,,Male,Home,27/09/2021,27/09/2023 0:00,1138.23,3,4,North
4948,64,Male,Auto,03/05/2024,03/05/2025 0:00,570.23,3,6,North
4949,37,Female,Motor,11/06/2020,,1361.89,1,7,West
4950,20,Female,Motor,22/04/2022,,464.62,4,2,South
4951,63,Female,Motor,20/08/2021,20/08/2022 0:00,1052.22,1,1,North
4952,59,Male,Motor,21/04/2021,21/04/2024 0:00,1183,2,9,North
4953,28,Female,Auto,27/03/2024,27/03/2025 0:00,1191.97,1,7,East
4954,53,Male,Motor,16/11/2019,,338.71,5,5,South
4955,66,Male,Motor,18/05/2022,18/05/2023 0:00,404.14,4,6,West
4956,26,,Home,28/08/2020,28/08/2023 0:00,273.38,4,2,South
4957,66,Male,Motor,19/10/2019,,1148.91,0,8,North
4958,45,Female,Home,21/08/2023,21/08/2024 0:00,1076.31,4,8,North
4959,45,Female,Motor,01/04/2024,,1378.18,2,4,South
4960,42,Male,Auto,25/07/2022,25/07/2024 0:00,659.65,1,4,West
4961,21,Male,Motor,19/04/2022,,654.47,2,1,East
4962,47,Female,Home,11/04/2020,,356.34,0,7,North
4963,46,Male,Motor,14/08/2020,14/08/2023 0:00,1477.49,5,4,East
4964,37,Male,Home,16/03/2020,16/03/2021 0:00,753.04,4,2,East
4965,18,Male,Motor,21/01/2023,21/01/2024 0:00,353.75,1,6,South
4966,26,Male,Home,16/08/2023,16/08/2025 0:00,1130.77,3,6,South
4967,48,Male,Auto,06/10/2023,06/10/2026 0:00,757.53,,2,East
4968,29,Male,Home,15/08/2023,15/08/2025 0:00,1364.52,5,2,North
4969,42,Female,Motor,12/01/2022,12/01/2024 0:00,707,3,5,West
4970,63,Female,Home,05/08/2020,05/08/2021 0:00,1360.69,,2,East
4971,66,Female,Motor,26/02/2022,,711.78,1,9,East
4972,38,Male,Auto,09/11/2020,09/11/2022 0:00,672.32,1,3,East
4973,18,Female,Home,24/08/2024,24/08/2027 0:00,941.71,4,10,East
4974,45,Female,Home,18/11/2021,18/11/2024 0:00,772.73,2,10,East
4975,19,Male,Auto,21/07/2020,21/07/2023 0:00,570.6,3,1,East
4976,66,Male,Auto,19/02/2023,19/02/2026 0:00,439.33,5,5,South
4977,37,Female,Auto,06/03/2020,06/03/2021 0:00,1484.71,1,8,North
4978,28,Female,Home,01/04/2021,01/04/2024 0:00,551.54,4,9,South
4979,66,Male,Home,29/09/2021,29/09/2024 0:00,903.87,5,8,South
4980,22,Female,Motor,15/08/2023,,1296.17,2,3,South
4981,33,Male,Auto,18/09/2020,18/09/2021 0:00,1109.07,3,10,East
4982,25,Female,Auto,06/03/2022,06/03/2025 0:00,908.72,5,10,West
4983,33,Male,Motor,29/11/2020,29/11/2021 0:00,1449.59,2,,South
4984,57,Male,Motor,08/01/2020,,490.89,0,8,East
4985,38,Male,Motor,11/06/2022,,1090.02,4,5,North
4986,68,Male,Motor,17/08/2021,,1008.18,1,2,West
4987,55,Female,Auto,25/03/2023,25/03/2025 0:00,1147.07,0,8,East
4988,40,Male,Home,05/08/2023,,1087.54,1,2,South
4989,48,Female,Motor,07/09/2023,07/09/2024 0:00,1282.18,4,9,West
4990,23,Female,Home,05/08/2021,05/08/2024 0:00,290.37,1,4,South
4991,52,Female,Auto,04/12/2020,04/12/2022 0:00,1439.89,4,8,South
4992,,Female,Auto,12/06/2023,12/06/2026 0:00,635.17,5,5,East
4993,65,Female,Home,07/10/2020,07/10/2022 0:00,794,5,7,East
4994,58,Female,Home,24/08/2020,24/08/2022 0:00,949.85,1,1,West
4995,48,Male,Motor,08/04/2023,08/04/2026 0:00,273.62,1,10,North
4996,57,Male,Home,07/04/2022,07/04/2024 0:00,1368.73,5,4,South
4997,20,Male,Motor,10/07/2020,10/07/2022 0:00,498.92,3,7,East
4998,21,Female,Auto,15/02/2020,15/02/2021 0:00,737.03,5,10,East
4999,25,Female,Home,20/04/2020,20/04/2022 0:00,312.99,3,8,South
5000,55,Female,Home,01/07/2024,01/07/2026 0:00,413.31,5,6,West
5001,19,Female,Home,13/08/2021,13/08/2024 0:00,540.49,4,6,East
5002,27,Female,Motor,01/12/2022,01/12/2023 0:00,1034.31,4,1,East
5003,65,Male,Motor,17/02/2021,17/02/2022 0:00,1008.54,2,10,North
5004,52,Female,Motor,12/05/2020,,749.59,1,10,East
5005,24,Male,Motor,27/03/2022,27/03/2024 0:00,1221.76,4,10,South
5006,65,Male,Motor,26/03/2021,,643.97,5,10,East
5007,38,Male,Motor,19/03/2020,19/03/2021 0:00,1280.35,0,3,West
5008,53,Female,Home,09/03/2023,09/03/2024 0:00,367.36,1,4,South
5009,58,Male,Home,11/06/2020,11/06/2023 0:00,1158.65,2,2,North
5010,69,Female,Auto,23/09/2020,23/09/2022 0:00,777.11,5,8,North
5011,68,Female,Motor,21/05/2024,21/05/2025 0:00,1003.58,0,1,West
5012,69,Male,Motor,05/10/2023,05/10/2024 0:00,736.94,2,9,East
5013,34,Male,Auto,18/06/2020,,603.32,5,4,South
5014,46,Male,Auto,29/10/2019,29/10/2021 0:00,803,5,7,West
5015,50,Male,Motor,03/05/2021,03/05/2022 0:00,811.46,5,10,West
5016,70,Male,Motor,04/02/2024,04/02/2026 0:00,702.93,3,5,West
5017,66,Male,Home,13/10/2023,13/10/2025 0:00,660.6,0,6,North
5018,34,Female,Motor,13/12/2019,13/12/2022 0:00,578.78,4,1,North
5019,43,Female,Auto,20/05/2024,20/05/2025 0:00,818.61,4,9,North
5020,42,Female,Auto,09/10/2021,09/10/2022 0:00,1147.05,5,,North
5021,67,Male,Home,14/05/2020,14/05/2021 0:00,412.34,3,6,East
5022,69,Male,Auto,10/10/2022,10/10/2024 0:00,652.52,0,1,North
5023,43,Male,Home,14/03/2023,,1004.33,3,10,North
5024,65,Female,Motor,03/05/2020,,401.49,1,10,East
5025,42,Male,Home,06/01/2021,06/01/2022 0:00,344.99,2,10,North
5026,54,Male,Motor,14/06/2020,14/06/2023 0:00,477.96,0,4,South
5027,59,Male,Motor,02/10/2021,,544.41,3,1,North
5028,32,Male,Motor,12/01/2024,,1120.59,5,5,West
5029,67,Male,Home,28/05/2022,28/05/2025 0:00,521.92,,6,South
5030,26,Male,Auto,15/04/2023,15/04/2026 0:00,594.95,1,5,North
5031,33,Female,Motor,18/02/2022,,1094.53,2,10,North
5032,25,Male,Motor,16/09/2020,16/09/2022 0:00,527.23,2,10,South
5033,63,Female,Home,03/02/2023,03/02/2024 0:00,665.03,3,5,North
5034,55,Male,Motor,30/12/2021,30/12/2024 0:00,1039.44,5,2,North
5035,36,Male,Home,23/05/2023,23/05/2026 0:00,572.59,1,1,East
5036,45,Female,Motor,20/10/2019,,334.19,5,4,East
5037,66,Female,Motor,27/09/2020,27/09/2022 0:00,580.04,1,7,South
5038,56,Female,Auto,28/06/2021,28/06/2022 0:00,907.22,4,1,South
5039,36,Female,Auto,17/03/2024,17/03/2026 0:00,1250.8,5,3,South
5040,37,Female,Home,22/01/2024,22/01/2027 0:00,451.33,3,6,South
5041,32,Female,Home,17/11/2019,17/11/2020 0:00,805.43,0,9,North
5042,40,Female,Home,07/10/2019,07/10/2022 0:00,885.81,2,5,South
5043,63,Male,Motor,15/10/2023,15/10/2024 0:00,1342.01,5,8,North
5044,52,Male,Home,21/10/2019,21/10/2022 0:00,598.18,1,5,South
5045,43,Male,Motor,14/04/2023,14/04/2024 0:00,291.69,2,9,East
5046,47,Male,Auto,04/02/2021,04/02/2022 0:00,961.34,1,4,North
5047,22,Male,Home,02/08/2022,02/08/2025 0:00,962.41,3,5,North
5048,46,Male,Auto,20/08/2020,20/08/2021 0:00,1349.05,1,5,West
5049,22,Female,Motor,23/10/2021,,742.43,2,9,West
5050,67,Female,Motor,21/11/2021,,939.73,2,6,North
5051,50,Male,Motor,12/06/2022,12/06/2023 0:00,970.86,5,9,North
5052,28,Male,Motor,19/08/2021,,1041.34,3,5,East
5053,29,Male,Motor,08/05/2020,,552.93,3,6,South
5054,51,Female,Auto,16/05/2023,16/05/2024 0:00,1379.03,4,4,West
5055,59,Female,Motor,08/01/2024,08/01/2025 0:00,687.93,5,9,East
5056,46,Male,Motor,21/02/2024,,573.3,2,1,South
5057,53,Male,Motor,03/07/2024,03/07/2027 0:00,1073.74,4,3,South
5058,24,Female,Auto,04/04/2021,04/04/2024 0:00,1139.73,0,1,South
5059,39,Male,Home,28/11/2021,28/11/2023 0:00,688.56,4,9,North
5060,20,Male,Auto,24/05/2020,24/05/2021 0:00,567.69,5,9,North
5061,25,Female,Auto,23/11/2019,23/11/2020 0:00,697.47,5,10,West
5062,55,Female,Motor,10/10/2020,,626.09,0,7,West
5063,47,Male,Motor,06/02/2021,06/02/2024 0:00,833.92,4,1,East
5064,26,Female,Auto,02/12/2023,02/12/2025 0:00,1027.61,1,9,West
5065,27,Female,Home,07/01/2023,07/01/2026 0:00,560.71,1,5,North
5066,59,Male,Home,15/02/2023,15/02/2024 0:00,1379.85,1,6,South
5067,41,Female,Auto,06/05/2024,06/05/2027 0:00,724.95,3,7,West
5068,22,Female,Auto,03/06/2021,03/06/2024 0:00,1112.83,2,4,West
5069,54,Female,Motor,25/09/2021,25/09/2024 0:00,388.47,5,5,West
5070,34,Female,Home,19/09/2021,19/09/2024 0:00,317.25,0,,West
5071,63,Male,Motor,05/01/2022,,552.23,3,1,West
5072,37,Female,Home,20/05/2023,20/05/2024 0:00,924.93,,1,South
5073,69,Male,Auto,08/06/2021,08/06/2024 0:00,429.22,3,4,East
5074,62,Female,Motor,29/07/2022,29/07/2024 0:00,309.99,1,7,West
5075,25,Male,Home,30/07/2020,30/07/2022 0:00,317.24,4,4,East
5076,33,Male,Motor,27/02/2022,,1078.63,4,9,South
5077,49,Female,Home,06/08/2020,06/08/2022 0:00,642.04,2,1,East
5078,20,Female,Motor,24/08/2024,24/08/2025 0:00,1264.88,2,9,North
5079,19,Male,Home,17/06/2024,17/06/2025 0:00,527.84,5,1,West
5080,43,Female,Home,09/09/2020,09/09/2022 0:00,382.37,,5,North
5081,18,Female,Motor,27/09/2019,27/09/2022 0:00,476.77,1,8,West
5082,48,Female,Motor,16/10/2023,16/10/2025 0:00,910.54,1,7,South
5083,60,Female,Motor,02/03/2022,,982.62,3,10,North
5084,56,Female,Home,15/06/2023,15/06/2024 0:00,642.02,4,9,West
5085,46,Female,Auto,16/03/2023,16/03/2026 0:00,invalid,2,9,North
5086,45,Male,Motor,07/02/2021,07/02/2024 0:00,727.53,5,7,West
5087,51,Female,Auto,24/09/2021,24/09/2023 0:00,369.96,5,9,South
5088,32,Male,Motor,13/06/2021,,785.3,2,5,East
5089,26,Female,Motor,09/05/2023,09/05/2025 0:00,461.08,5,3,East
5090,41,Female,Motor,25/08/2022,,1387.21,5,10,North
5091,35,Male,Motor,14/12/2021,,1148.58,5,3,North
5092,29,Male,Motor,09/01/2020,,990.3,3,1,South
5093,62,Female,Motor,24/04/2022,,1416.4,4,3,South
5094,43,Male,Motor,06/06/2020,06/06/2023 0:00,707,3,8,East
5095,44,Female,Motor,12/05/2024,12/05/2025 0:00,1040.43,4,8,West
5096,37,Male,Motor,01/03/2024,,1377.37,3,2,West
5097,43,Male,Home,12/01/2023,12/01/2025 0:00,536.69,0,9,South
5098,68,Male,Motor,31/12/2020,31/12/2022 0:00,972.86,1,5,North
5099,41,Male,Motor,28/09/2021,,643.49,1,1,West
5100,41,Female,Auto,27/12/2022,27/12/2025 0:00,508.52,3,5,North
5101,27,Female,Home,22/11/2019,22/11/2020 0:00,1432.77,3,10,East
5102,44,Male,Motor,27/09/2021,27/09/2023 0:00,540.16,4,6,South
5103,66,Male,Motor,03/05/2024,,936.95,3,7,South
5104,59,Female,Auto,24/02/2022,24/02/2023 0:00,911.67,5,9,South
5105,38,Male,Motor,09/05/2021,,1433.41,1,4,East
5106,21,Female,Home,08/01/2020,08/01/2022 0:00,482.23,1,4,East
5107,,Male,Motor,17/04/2023,17/04/2026 0:00,1252.94,1,3,South
5108,27,Female,Motor,24/03/2022,24/03/2023 0:00,351.24,5,4,South
5109,,Female,Motor,21/09/2020,21/09/2021 0:00,918.19,3,1,South
5110,19,Female,Motor,14/08/2024,,525.62,2,8,South
5111,46,Female,Auto,12/12/2021,12/12/2023 0:00,383.7,4,4,South
5112,25,Female,Motor,04/04/2020,04/04/2021 0:00,941.93,3,3,South
5113,61,Female,Home,18/12/2019,18/12/2022 0:00,425.13,4,4,South
5114,26,Male,Home,04/12/2019,04/12/2022 0:00,1240.36,2,1,North
5115,50,Female,Auto,29/08/2020,29/08/2021 0:00,1441.7,0,6,South
5116,36,Male,Motor,07/01/2022,,1014.34,4,10,West
5117,21,Female,Auto,13/04/2022,13/04/2025 0:00,711.78,5,2,South
5118,61,Male,Auto,07/05/2023,07/05/2025 0:00,1176.23,5,8,East
5119,52,Female,Motor,16/02/2020,,899.85,3,6,North
5120,63,Male,Motor,02/08/2023,,536.52,,1,South
5121,70,Male,Motor,12/05/2024,,1408.98,2,10,North
5122,37,Male,Auto,18/04/2024,18/04/2026 0:00,1102.99,0,2,North
5123,70,Male,Auto,02/07/2022,02/07/2024 0:00,1340.34,,7,South
5124,31,Female,Auto,04/01/2024,04/01/2026 0:00,779.15,5,1,West
5125,62,Male,Motor,26/09/2022,26/09/2025 0:00,477.38,4,2,West
5126,45,Female,Auto,08/07/2024,,936.91,0,6,West
5127,53,Female,Motor,31/10/2023,31/10/2024 0:00,613.33,3,4,East
5128,56,Female,Auto,02/04/2022,02/04/2025 0:00,792.39,4,8,West
5129,61,Female,Motor,22/09/2024,22/09/2026 0:00,1009.91,3,7,North
5130,47,Female,Auto,23/02/2024,23/02/2027 0:00,702.73,2,9,East
5131,23,Male,Auto,21/12/2019,21/12/2021 0:00,940.5,3,6,South
5132,41,Female,Motor,06/04/2021,,605.21,1,5,South
5133,58,Male,Motor,06/04/2023,,1132.92,1,9,East
5134,22,Male,Home,10/12/2019,10/12/2022 0:00,1274.06,4,5,West
5135,54,Male,Motor,23/03/2023,,257.87,4,7,South
5136,38,Male,Motor,10/07/2022,,1476.58,3,1,South
5137,28,Female,Motor,14/08/2020,14/08/2023 0:00,880.95,5,3,East
5138,44,Female,Auto,22/02/2020,22/02/2023 0:00,598.98,1,1,East
5139,38,Female,Motor,28/06/2020,,905.59,1,,East
5140,27,Female,Home,30/05/2021,30/05/2023 0:00,1477.23,4,8,East
5141,25,Male,Motor,18/07/2021,18/07/2022 0:00,950.62,3,8,North
5142,47,Female,Motor,19/12/2023,,1368.3,2,10,South
5143,52,Female,Auto,01/07/2023,01/07/2026 0:00,1472.05,5,8,South
5144,59,Female,Motor,03/12/2023,03/12/2025 0:00,326.25,3,4,North
5145,57,Female,Auto,13/04/2021,13/04/2024 0:00,1318.4,2,6,East
5146,46,Female,Auto,07/08/2023,07/08/2025 0:00,1035.44,5,7,North
5147,46,Female,Motor,25/08/2020,25/08/2021 0:00,272.03,4,2,North
5148,23,Female,Auto,19/11/2021,19/11/2024 0:00,645.95,2,3,East
5149,63,Female,Auto,02/06/2021,02/06/2022 0:00,1163.53,0,3,South
5150,60,Male,Auto,22/10/2021,22/10/2022 0:00,1060.48,0,7,West
5151,34,Male,Motor,19/03/2020,,779.67,5,8,South
5152,23,Female,Motor,15/12/2023,15/12/2026 0:00,290.54,1,1,South
5153,52,Male,Motor,05/08/2022,05/08/2025 0:00,1356.87,2,10,West
5154,24,Female,Motor,15/07/2023,,1066.1,2,9,West
5155,69,Male,Motor,05/09/2020,05/09/2021 0:00,492.9,0,4,North
5156,31,Female,Home,11/06/2023,11/06/2026 0:00,987.58,1,2,South
5157,32,Female,Motor,23/03/2021,23/03/2024 0:00,337.53,5,6,East
5158,70,Female,Motor,01/08/2022,01/08/2025 0:00,814.82,1,1,North
5159,63,Female,Auto,09/12/2021,09/12/2024 0:00,974.45,0,7,North
5160,55,Male,Motor,09/07/2020,09/07/2023 0:00,invalid,0,2,West
5161,57,Male,Auto,21/08/2020,21/08/2022 0:00,769.31,1,9,South
5162,31,Female,Home,04/04/2024,04/04/2027 0:00,1062.3,2,10,West
5163,58,Male,Home,31/01/2020,31/01/2021 0:00,865.13,1,2,West
5164,30,Male,Motor,23/07/2023,,759.32,3,8,East
5165,54,Male,Motor,29/02/2024,,1400.41,4,5,South
5166,27,Male,Auto,26/08/2023,26/08/2024 0:00,1299.94,5,7,South
5167,46,Male,Home,21/09/2022,21/09/2023 0:00,904.9,1,7,North
5168,35,Male,Home,20/03/2023,20/03/2026 0:00,invalid,5,6,West
5169,60,Male,Motor,03/11/2020,03/11/2023 0:00,1395.57,3,10,North
5170,49,Male,Auto,30/07/2021,30/07/2023 0:00,1435.5,2,10,North
5171,52,Female,Motor,08/03/2023,,253.28,2,10,West
5172,62,Male,Motor,11/05/2020,,1475.07,5,4,South
5173,64,Female,Motor,02/04/2021,,1016.23,1,4,East
5174,41,Male,Motor,03/03/2021,03/03/2022 0:00,1408.31,1,6,East
5175,46,Male,Motor,27/08/2020,27/08/2021 0:00,478.34,5,1,South
5176,31,Female,Auto,30/07/2021,30/07/2022 0:00,412.6,5,5,West
5177,53,Male,Motor,07/09/2024,,805.57,4,2,South
5178,36,Male,Motor,24/02/2022,,421.4,0,7,West
5179,27,Male,Motor,28/04/2023,,726.52,4,2,North
5180,20,Female,Auto,25/06/2024,25/06/2026 0:00,1255.44,5,1,South
5181,62,Female,Home,26/05/2021,26/05/2024 0:00,996.69,0,5,North
5182,20,Female,Motor,13/07/2022,,1428.98,3,8,West
5183,18,Female,Home,15/02/2021,15/02/2023 0:00,1073.74,5,2,North
5184,45,Male,Home,19/08/2023,19/08/2026 0:00,1057.35,0,1,South
5185,31,Male,Motor,29/01/2020,29/01/2022 0:00,889.81,1,5,West
5186,50,Male,Auto,10/02/2023,10/02/2026 0:00,438.55,5,7,South
5187,22,Male,Motor,10/10/2019,10/10/2020 0:00,972.14,0,6,West
5188,57,Male,Auto,30/05/2021,30/05/2022 0:00,1032.62,5,2,East
5189,54,Female,Auto,03/05/2024,03/05/2027 0:00,775.89,1,1,South
5190,27,Female,Motor,28/05/2024,,965.39,4,5,South
5191,36,Male,Motor,30/04/2021,,616.67,0,10,North
5192,52,Male,Auto,05/05/2021,05/05/2023 0:00,538.71,4,2,North
5193,30,Male,Motor,04/08/2024,04/08/2025 0:00,1248.66,4,2,West
5194,26,Male,Motor,14/11/2023,14/11/2025 0:00,1428.8,2,8,West
5195,57,Female,Auto,30/08/2020,30/08/2021 0:00,1473.26,5,2,North
5196,47,Male,Home,03/03/2021,03/03/2022 0:00,933.72,0,8,South
5197,36,Female,Auto,20/04/2021,,1413.79,1,10,East
5198,45,Female,Motor,04/09/2022,04/09/2024 0:00,1258.93,2,4,West
5199,64,Male,Auto,21/04/2023,21/04/2024 0:00,419.6,4,1,South
5200,70,Male,Home,15/08/2020,15/08/2023 0:00,330.13,1,5,West
5201,54,Male,Home,15/07/2023,15/07/2025 0:00,523.81,1,2,North
5202,34,Male,Motor,27/12/2020,27/12/2022 0:00,1331.34,3,8,South
5203,27,Female,Home,10/02/2024,10/02/2025 0:00,1143.4,3,4,East
5204,61,Male,Home,03/05/2024,03/05/2026 0:00,1211.89,0,4,East
5205,69,Female,Motor,08/12/2023,,979.52,2,10,East
5206,59,Female,Auto,28/07/2024,28/07/2027 0:00,284.56,5,2,North
5207,26,Male,Auto,29/01/2021,29/01/2023 0:00,421.82,1,5,South
5208,65,Male,Home,22/10/2022,22/10/2024 0:00,784.89,0,9,East
5209,65,Male,Motor,11/08/2024,11/08/2025 0:00,591.63,2,,West
5210,27,Female,Motor,09/10/2019,,923.51,2,9,South
5211,31,Female,Home,16/01/2023,16/01/2025 0:00,1480.52,5,6,West
5212,63,Female,Auto,01/02/2020,01/02/2021 0:00,677.49,5,5,South
5213,69,Female,Motor,22/07/2020,,548.96,1,9,West
5214,25,,Home,03/09/2021,03/09/2023 0:00,852.66,4,1,South
5215,37,Female,Auto,16/12/2022,16/12/2025 0:00,1073.65,3,6,East
5216,55,Male,Motor,27/03/2021,27/03/2024 0:00,483.14,4,4,North
5217,68,Female,Motor,27/11/2021,,1106.74,3,4,East
5218,,Female,Motor,31/10/2021,,1403.73,3,5,East
5219,68,Male,Motor,07/01/2020,07/01/2021 0:00,710.49,2,9,East
5220,63,Female,Auto,28/04/2024,,805.42,5,,East
5221,57,Male,Motor,23/09/2019,23/09/2020 0:00,421.59,4,2,North
5222,48,Male,Motor,16/04/2022,,946.66,5,,North
5223,47,Male,Auto,18/10/2020,18/10/2023 0:00,942.85,2,6,South
5224,,Female,Home,16/04/2024,16/04/2026 0:00,651.28,1,6,West
5225,25,Female,Home,28/08/2022,28/08/2023 0:00,675.78,1,2,East
5226,66,Male,Motor,03/10/2023,,436.85,0,7,East
5227,24,Female,Auto,04/01/2023,04/01/2026 0:00,645.6,2,,North
5228,61,Female,Auto,06/01/2021,06/01/2023 0:00,454.06,0,9,South
5229,,Male,Auto,10/03/2023,10/03/2026 0:00,1016.12,5,7,West
5230,45,Female,Motor,13/02/2024,,252.05,1,8,South
5231,31,Female,Motor,31/03/2024,,535.18,1,8,North
5232,68,Female,Motor,25/12/2020,25/12/2021 0:00,910.52,2,10,South
5233,32,Female,Motor,12/05/2021,12/05/2023 0:00,343.91,1,10,West
5234,49,Female,Auto,11/10/2021,11/10/2023 0:00,1448.82,4,3,West
5235,60,Female,Motor,18/08/2023,,990.69,1,3,East
5236,64,Male,Home,25/11/2023,25/11/2026 0:00,1344.96,4,8,West
5237,21,,Motor,07/03/2024,,1289.81,2,4,South
5238,63,Male,Motor,14/04/2020,,1004.76,3,7,West
5239,46,Female,Auto,14/08/2020,14/08/2021 0:00,455.61,5,10,East
5240,67,Female,Motor,31/08/2024,31/08/2027 0:00,809.99,5,9,West
5241,18,Male,Home,05/05/2022,05/05/2025 0:00,1217.9,2,7,North
5242,69,Female,Motor,16/05/2023,,1037.39,2,3,South
5243,26,Male,Motor,08/02/2023,,450.04,1,7,North
5244,26,Male,Motor,12/06/2023,,349.28,1,9,North
5245,22,Female,Auto,16/09/2020,16/09/2022 0:00,1234.12,4,1,North
5246,35,Male,Auto,10/12/2019,10/12/2022 0:00,1234.07,1,,South
5247,54,Female,Auto,14/11/2023,14/11/2026 0:00,948.95,4,5,West
5248,22,Male,Motor,02/11/2022,02/11/2024 0:00,688.96,4,1,East
5249,63,Male,Motor,20/01/2020,,1237.71,5,9,North
5250,25,Male,Motor,10/02/2021,,invalid,3,2,South
5251,65,Male,Home,13/01/2024,13/01/2026 0:00,1374.99,2,1,East
5252,38,Female,Home,18/10/2023,18/10/2024 0:00,503.13,3,1,East
5253,25,Female,Home,29/07/2024,29/07/2026 0:00,931.77,3,4,South
5254,57,Female,Home,18/05/2022,18/05/2023 0:00,1219.51,3,1,South
5255,55,Male,Motor,23/03/2023,23/03/2024 0:00,608.02,3,3,West
5256,64,Male,Home,11/08/2023,11/08/2025 0:00,346.07,4,8,North
5257,69,Male,Motor,14/06/2021,,1234.12,1,4,West
5258,19,Female,Home,01/01/2021,,1175.99,2,9,West
5259,37,Male,Motor,11/05/2022,,1105.6,0,10,South
5260,,Male,Motor,02/05/2020,02/05/2021 0:00,1156.61,0,7,South
5261,64,Male,Motor,04/03/2023,,663.86,5,4,South
5262,24,Female,Motor,15/04/2023,,1322.5,4,4,South
5263,21,Male,Home,24/12/2019,24/12/2022 0:00,403.45,5,2,West
5264,20,Female,Motor,18/04/2020,18/04/2023 0:00,582.32,1,6,South
5265,,Female,Home,20/01/2024,20/01/2026 0:00,610.96,0,5,North
5266,34,Male,Home,20/04/2024,20/04/2026 0:00,968.62,,8,West
5267,58,Male,Auto,01/09/2020,01/09/2021 0:00,1304.99,4,3,North
5268,52,Female,Motor,09/04/2021,09/04/2023 0:00,858.07,3,5,South
5269,24,Female,Motor,17/06/2021,,350.51,5,8,North
5270,21,Male,Motor,07/06/2023,,440.8,3,1,East
5271,30,,Home,09/03/2021,09/03/2023 0:00,825.67,1,5,East
5272,69,Male,Auto,20/03/2022,20/03/2024 0:00,438.64,2,5,North
5273,67,Male,Motor,12/04/2020,12/04/2023 0:00,842.35,2,7,East
5274,56,Male,Home,20/01/2021,20/01/2024 0:00,281.08,2,3,North
5275,51,Female,Motor,12/01/2023,12/01/2026 0:00,456.36,3,7,South
5276,40,Male,Home,05/07/2022,05/07/2023 0:00,517.69,2,8,South
5277,43,Female,Home,15/10/2021,15/10/2023 0:00,982.32,3,1,South
5278,49,Male,Motor,13/11/2022,,512.68,0,4,South
5279,40,Male,Motor,03/02/2022,03/02/2024 0:00,1072.31,0,6,North
5280,38,Female,Home,26/06/2021,26/06/2022 0:00,900.72,5,10,South
5281,69,Female,Motor,19/07/2020,,1360.03,2,9,West
5282,48,Male,Motor,17/11/2020,,807.61,5,4,West
5283,69,Male,Motor,26/03/2023,26/03/2025 0:00,638.99,0,4,North
5284,22,Female,Motor,27/05/2022,27/05/2024 0:00,642.35,2,5,West
5285,58,Female,Motor,19/09/2022,,497.44,5,8,West
5286,64,Female,Motor,10/04/2023,10/04/2025 0:00,937.11,5,8,North
5287,48,Male,Motor,03/10/2019,03/10/2020 0:00,766.37,3,3,East
5288,23,Male,Home,23/03/2023,23/03/2024 0:00,931.69,5,1,West
5289,66,Male,Home,17/10/2020,17/10/2021 0:00,846.66,1,5,West
5290,48,Male,Motor,20/08/2020,20/08/2021 0:00,865.17,4,2,West
5291,47,Male,Auto,25/03/2023,25/03/2024 0:00,1475.66,3,7,East
5292,37,Female,Motor,18/06/2024,18/06/2025 0:00,317.55,0,10,South
5293,,Male,Motor,19/01/2020,19/01/2022 0:00,376.94,0,3,South
5294,41,Male,Motor,02/02/2022,,901.45,3,5,West
5295,56,Female,Home,20/12/2023,20/12/2024 0:00,1310.87,1,2,West
5296,43,Male,Motor,03/02/2024,,488.78,0,1,East
5297,26,Male,Motor,11/06/2021,,736.43,2,9,North
5298,39,Male,Motor,25/08/2023,,992.77,2,2,South
5299,21,,Motor,12/10/2019,12/10/2022 0:00,981.63,4,7,West
5300,70,Female,Motor,06/07/2024,06/07/2026 0:00,870.14,3,4,East
5301,33,Male,Auto,11/07/2020,11/07/2023 0:00,686.73,5,8,West
5302,57,Male,Motor,24/10/2021,,1380.76,4,7,West
5303,43,Male,Auto,04/12/2020,04/12/2023 0:00,1189.76,1,10,West
5304,40,Male,Motor,05/02/2020,05/02/2023 0:00,1464.03,2,8,East
5305,30,Female,Motor,01/05/2022,01/05/2024 0:00,1174.79,5,2,East
5306,50,Male,Motor,27/04/2021,27/04/2023 0:00,952.2,2,7,South
5307,48,Female,Home,30/04/2021,30/04/2022 0:00,829.56,1,1,East
5308,50,Male,Motor,30/12/2021,,934.83,3,9,North
5309,24,Female,Motor,25/04/2020,,1474.16,5,5,South
5310,32,Female,Auto,10/01/2020,10/01/2021 0:00,661.23,3,1,West
5311,33,Female,Motor,11/06/2021,11/06/2022 0:00,979.01,5,6,North
5312,42,Female,Motor,22/11/2020,,475.13,1,7,North
5313,63,,Motor,26/07/2022,,1295.17,1,8,East
5314,31,Female,Motor,22/02/2022,,1138.6,3,5,East
5315,63,Male,Motor,28/11/2021,,758.28,2,4,East
5316,25,Female,Auto,28/05/2023,28/05/2025 0:00,251.75,0,9,North
5317,66,Female,Home,10/06/2023,10/06/2025 0:00,1495.74,5,1,East
5318,65,,Home,13/05/2024,13/05/2026 0:00,409.79,2,8,North
5319,38,Female,Auto,20/05/2021,,1099.48,5,4,North
5320,57,Female,Motor,12/08/2021,12/08/2023 0:00,747.98,0,7,North
5321,57,Female,Home,12/10/2020,12/10/2023 0:00,333.47,3,5,East
5322,23,Male,Auto,11/04/2024,11/04/2027 0:00,1007.79,3,2,South
5323,49,Female,Auto,31/08/2020,31/08/2023 0:00,1072.97,0,5,East
5324,58,Female,Motor,10/06/2020,10/06/2021 0:00,814.93,1,4,South
5325,55,Female,Motor,11/06/2023,,1313.62,5,2,East
5326,58,Female,Motor,01/11/2022,,1234.71,5,7,East
5327,38,Male,Motor,02/02/2022,02/02/2024 0:00,1099.57,4,7,South
5328,60,Female,Motor,23/10/2019,23/10/2022 0:00,978.49,,,East
5329,40,Female,Motor,20/03/2022,20/03/2024 0:00,478.14,1,3,South
5330,24,Female,Auto,24/03/2023,24/03/2024 0:00,1370.1,0,9,South
5331,26,Male,Auto,19/07/2020,19/07/2022 0:00,1237.35,3,3,North
5332,44,Female,Home,02/05/2022,02/05/2024 0:00,758.44,2,1,East
5333,60,Female,Auto,09/04/2021,09/04/2024 0:00,367.64,3,10,East
5334,50,Male,Motor,11/09/2020,,1329.22,4,9,East
5335,32,,Home,01/01/2023,01/01/2025 0:00,1007.13,5,9,South
5336,28,Male,Motor,05/09/2020,,563.98,4,6,North
5337,48,Male,Motor,25/11/2019,,592.96,5,2,West
5338,49,Female,Motor,22/05/2024,,1004.92,3,2,North
5339,43,Female,Home,03/10/2019,03/10/2022 0:00,1174.3,2,9,East
5340,44,Female,Auto,01/11/2021,01/11/2022 0:00,1239.79,5,3,East
5341,37,Male,Motor,28/02/2024,28/02/2027 0:00,296.91,0,4,South
5342,59,Male,Auto,05/05/2023,05/05/2025 0:00,1469.5,3,5,East
5343,58,Male,Motor,13/12/2019,13/12/2022 0:00,1422.18,5,7,South
5344,20,Male,Motor,30/03/2021,30/03/2023 0:00,1084.51,,7,East
5345,24,Male,Home,19/01/2023,19/01/2026 0:00,580.33,1,8,West
5346,57,Female,Motor,28/05/2022,28/05/2025 0:00,1044.26,0,2,West
5347,27,Female,Motor,31/03/2022,31/03/2025 0:00,1224.88,2,3,East
5348,66,Male,Home,27/05/2023,27/05/2026 0:00,297.19,3,3,North
5349,20,Female,Home,26/07/2023,26/07/2024 0:00,1454.85,4,8,West
5350,51,Female,Home,18/10/2021,18/10/2022 0:00,900.35,1,1,North
5351,63,Male,Home,30/12/2020,30/12/2021 0:00,404.78,4,9,East
5352,18,Male,Motor,25/09/2021,25/09/2024 0:00,1369.77,3,5,West
5353,47,Female,Auto,08/10/2019,08/10/2022 0:00,704.61,5,7,West
5354,42,Male,Auto,02/01/2021,02/01/2022 0:00,557,3,10,South
5355,28,Female,Motor,17/04/2022,,679.53,1,6,East
5356,50,Male,Home,15/05/2022,15/05/2024 0:00,1011.37,2,4,North
5357,58,Female,Motor,02/08/2022,02/08/2025 0:00,442.83,1,6,North
5358,57,Female,Motor,12/02/2021,,1235.31,2,2,South
5359,50,Male,Home,08/05/2023,08/05/2024 0:00,532.41,5,,North
5360,60,Female,Home,07/04/2022,07/04/2024 0:00,343.61,1,4,West
5361,40,Male,Home,16/10/2022,16/10/2024 0:00,606.12,5,5,East
5362,48,Female,Home,09/12/2019,09/12/2021 0:00,invalid,4,8,West
5363,27,Female,Motor,09/01/2024,09/01/2027 0:00,748.11,0,1,West
5364,46,Female,Auto,15/04/2021,15/04/2024 0:00,1485.54,1,10,East
5365,52,Male,Auto,24/09/2022,24/09/2025 0:00,549.69,4,9,South
5366,21,Male,Motor,04/03/2022,04/03/2023 0:00,1344.88,3,4,West
5367,40,Male,Motor,02/05/2024,,1165.18,0,3,South
5368,29,Male,Motor,15/05/2024,,587.64,1,7,North
5369,66,Male,Motor,19/09/2022,19/09/2023 0:00,900.25,1,2,East
5370,54,Male,Auto,06/03/2024,06/03/2026 0:00,798.76,2,4,South
5371,50,Male,Motor,22/12/2019,,589.87,3,9,West
5372,20,Female,Home,09/05/2021,09/05/2024 0:00,1320.7,5,7,East
5373,67,Female,Auto,27/06/2023,27/06/2026 0:00,309.53,0,2,North
5374,23,Female,Motor,11/03/2023,,687.65,2,9,West
5375,36,Male,Home,30/04/2021,30/04/2023 0:00,1281.05,2,1,South
5376,66,Male,Motor,22/07/2023,22/07/2025 0:00,592.52,0,2,North
5377,33,Male,Auto,29/11/2019,29/11/2021 0:00,747.57,5,9,South
5378,47,Male,Motor,24/07/2023,24/07/2025 0:00,535.31,1,2,North
5379,30,Female,Motor,22/01/2024,,419.36,4,1,East
5380,51,Female,Motor,28/09/2019,,871.84,1,10,North
5381,31,Female,Auto,03/03/2020,03/03/2021 0:00,541.75,3,8,West
5382,43,Female,Motor,21/09/2021,,933.07,3,8,South
5383,38,Female,Auto,06/04/2021,06/04/2023 0:00,1055.42,4,8,South
5384,35,Male,Home,07/01/2024,07/01/2027 0:00,849.8,0,5,South
5385,43,Female,Motor,04/04/2021,04/04/2024 0:00,1300.46,1,3,East
5386,22,Male,Home,09/09/2023,,1203.63,4,3,East
5387,33,Female,Motor,06/07/2020,,980.44,3,3,East
5388,62,Female,Motor,14/05/2021,14/05/2024 0:00,1300.38,3,5,West
5389,35,Male,Motor,07/08/2023,07/08/2025 0:00,424.03,1,5,North
5390,32,Male,Home,21/02/2024,21/02/2027 0:00,732.99,2,10,East
5391,41,Male,Home,02/08/2024,02/08/2026 0:00,1438.29,4,8,East
5392,67,Female,Home,01/08/2023,01/08/2025 0:00,473.81,5,5,South
5393,21,Male,Auto,10/10/2023,10/10/2025 0:00,1412.27,3,8,West
5394,20,Female,Motor,15/03/2020,15/03/2023 0:00,480.97,4,3,East
5395,18,Female,Home,19/02/2020,19/02/2023 0:00,1392.2,1,8,North
5396,47,Male,Auto,11/07/2024,11/07/2025 0:00,280.29,5,9,North
5397,49,Male,Auto,16/03/2024,16/03/2026 0:00,1319.87,1,9,North
5398,54,Male,Motor,31/10/2023,,458.85,0,6,North
5399,31,Male,Motor,13/02/2021,13/02/2022 0:00,1089.82,2,7,West
5400,63,Female,Home,27/07/2024,27/07/2025 0:00,879.74,0,4,South
5401,68,Male,Home,16/01/2020,16/01/2022 0:00,1459.29,1,5,South
5402,48,Male,Auto,08/06/2020,08/06/2023 0:00,994.61,1,1,West
5403,35,Male,Home,03/01/2021,03/01/2022 0:00,1465.07,4,10,West
5404,43,,Auto,23/01/2021,23/01/2022 0:00,595.58,2,5,South
5405,62,Female,Auto,15/09/2022,,962.46,1,3,West
5406,36,Male,Motor,13/10/2023,,931.41,2,4,West
5407,20,Female,Home,27/01/2024,27/01/2025 0:00,1180.1,2,4,West
5408,63,Male,Auto,24/01/2020,24/01/2021 0:00,282.25,4,9,South
5409,44,Male,Auto,29/10/2021,29/10/2022 0:00,1186.92,4,8,West
5410,45,Male,Home,09/06/2022,,365.04,1,1,South
5411,64,Female,Home,12/11/2022,12/11/2025 0:00,641.36,1,1,South
5412,62,Female,Auto,11/06/2022,11/06/2024 0:00,977.7,5,7,South
5413,35,Male,Auto,19/10/2021,19/10/2023 0:00,614.02,5,10,North
5414,24,Male,Home,07/05/2024,07/05/2025 0:00,627.04,5,8,East
5415,54,Female,Motor,18/07/2021,,1164.51,5,2,East
5416,47,Male,Motor,23/11/2020,,1232.91,0,8,South
5417,44,Male,Motor,26/12/2021,,446.65,2,10,South
5418,70,Female,Auto,16/05/2023,16/05/2025 0:00,668.37,1,8,West
5419,22,Male,Auto,14/05/2021,14/05/2024 0:00,1479.01,0,2,West
5420,40,Male,Auto,19/09/2023,19/09/2024 0:00,1431.4,,6,East
5421,36,Male,Home,03/11/2019,03/11/2021 0:00,912.17,0,,West
5422,52,Female,Motor,31/03/2020,,1371.42,4,5,East
5423,56,Male,Auto,28/05/2022,28/05/2023 0:00,321.49,4,10,East
5424,69,Female,Home,18/01/2024,18/01/2025 0:00,1142.09,5,10,East
5425,23,Female,Home,01/04/2021,01/04/2022 0:00,675.48,3,10,North
5426,24,Male,Motor,07/11/2022,07/11/2024 0:00,251.47,5,2,South
5427,52,Male,Motor,14/04/2023,,534.27,5,10,North
5428,58,Female,Auto,09/06/2021,09/06/2022 0:00,1146.63,4,3,South
5429,43,Male,Motor,11/04/2021,11/04/2023 0:00,1199.83,3,10,West
5430,,Female,Auto,01/09/2021,01/09/2022 0:00,1453.84,2,3,East
5431,29,Female,Home,20/06/2020,20/06/2021 0:00,838.28,1,4,South
5432,50,Female,Motor,04/09/2023,,1167.02,2,5,North
5433,25,Female,Motor,22/10/2023,,1114.89,1,4,West
5434,66,Male,Auto,18/04/2020,18/04/2023 0:00,885.03,4,6,North
5435,63,Female,Auto,07/08/2020,07/08/2021 0:00,685.37,0,7,North
5436,59,Male,Motor,01/07/2021,,796.45,2,2,South
5437,63,Male,Motor,28/10/2022,28/10/2025 0:00,1253.7,4,8,North
5438,37,Male,Motor,10/01/2020,,1206.39,5,2,North
5439,34,Male,Motor,10/02/2024,,1289.65,5,3,East
5440,40,Male,Motor,11/11/2021,,1153.69,,6,East
5441,35,Male,Motor,22/04/2022,,1312.85,5,5,South
5442,56,Female,Home,25/05/2020,,351.03,2,4,West
5443,47,Male,Motor,18/12/2022,,790.22,1,7,East
5444,48,Male,Home,15/05/2023,15/05/2025 0:00,1237.62,0,6,North
5445,20,Male,Auto,11/02/2023,11/02/2024 0:00,461.73,0,5,South
5446,46,Male,Home,06/02/2021,06/02/2023 0:00,604.8,4,3,West
5447,22,,Motor,20/06/2022,,265.62,,6,North
5448,62,Female,Motor,24/07/2021,24/07/2024 0:00,719.87,4,2,North
5449,38,Male,Motor,06/08/2021,06/08/2023 0:00,280.14,1,1,West
5450,46,Female,Auto,03/08/2021,03/08/2023 0:00,755.36,0,1,East
5451,25,Female,Motor,28/08/2020,28/08/2021 0:00,670.31,2,9,West
5452,39,Male,Motor,30/07/2020,30/07/2021 0:00,414.41,5,2,West
5453,53,Female,Motor,03/10/2023,,1352.1,5,1,North
5454,64,Female,Auto,26/07/2024,26/07/2026 0:00,1316.06,0,,South
5455,62,Male,Motor,12/10/2022,,549.15,5,7,West
5456,61,Female,Motor,16/01/2020,16/01/2022 0:00,533.49,,3,North
5457,58,Female,Motor,07/12/2022,07/12/2025 0:00,406.18,1,2,South
5458,22,Female,Motor,29/11/2023,29/11/2026 0:00,633.33,0,6,South
5459,20,Male,Auto,19/12/2019,19/12/2022 0:00,1414.94,0,9,South
5460,23,Male,Motor,25/09/2021,25/09/2023 0:00,1425.16,3,7,North
5461,42,Male,Auto,02/02/2021,02/02/2022 0:00,1234.53,1,8,West
5462,64,Male,Home,04/03/2022,04/03/2023 0:00,1450.17,5,10,East
5463,61,Male,Auto,06/11/2021,06/11/2023 0:00,571.79,2,3,East
5464,62,Female,Auto,20/12/2019,20/12/2022 0:00,1294.99,2,,East
5465,61,Female,Motor,11/02/2021,,1126.34,4,10,North
5466,49,Male,Motor,31/01/2022,,602.72,3,3,East
5467,31,Female,Auto,14/03/2021,14/03/2024 0:00,580.3,5,5,East
5468,28,Male,Motor,28/01/2022,28/01/2024 0:00,833.3,5,10,East
5469,24,Male,Home,21/04/2022,21/04/2025 0:00,1049.13,0,4,West
5470,25,Male,Auto,15/04/2024,15/04/2025 0:00,412.89,1,6,East
5471,55,Female,Auto,20/04/2020,20/04/2021 0:00,257.54,0,6,North
5472,35,Male,Motor,14/06/2021,14/06/2022 0:00,910.06,2,5,East
5473,55,Male,Motor,18/03/2024,18/03/2027 0:00,375.08,4,2,East
5474,63,Female,Motor,07/12/2022,07/12/2023 0:00,526.58,3,9,South
5475,56,Female,Motor,16/12/2023,,314.34,3,8,North
5476,35,Female,Auto,06/07/2020,06/07/2022 0:00,306.68,0,7,West
5477,47,Female,Motor,01/10/2023,,1319.96,3,1,East
5478,48,Female,Home,14/06/2021,14/06/2023 0:00,1142.2,3,5,North
5479,35,Male,Motor,22/04/2020,,910.81,3,1,West
5480,25,Female,Home,12/03/2024,12/03/2026 0:00,833.95,0,,West
5481,62,Female,Motor,03/12/2020,03/12/2023 0:00,1042.77,4,9,East
5482,48,Female,Motor,28/11/2020,,749.51,4,1,South
5483,66,,Motor,10/10/2021,,874.86,3,10,South
5484,29,Female,Motor,21/04/2024,21/04/2026 0:00,638.35,4,10,South
5485,32,Female,Auto,21/04/2024,21/04/2026 0:00,613.93,1,6,East
5486,46,Female,Motor,02/02/2020,,825.26,5,3,North
5487,69,Female,Auto,24/04/2021,24/04/2022 0:00,1288.55,2,9,South
5488,47,Female,Motor,03/11/2019,03/11/2022 0:00,950.95,5,3,East
5489,57,Female,Motor,22/12/2020,,294.65,1,1,North
5490,59,,Auto,24/06/2022,24/06/2023 0:00,1045.79,4,7,East
5491,18,Female,Auto,14/10/2022,14/10/2024 0:00,1213.39,5,8,East
5492,66,Male,Auto,01/08/2020,01/08/2023 0:00,1295.33,2,2,South
5493,34,Female,Home,01/06/2021,01/06/2024 0:00,574.43,1,4,West
5494,32,Male,Home,03/03/2020,03/03/2021 0:00,1347.06,3,2,East
5495,47,Male,Home,03/12/2022,03/12/2023 0:00,828.19,4,4,South
5496,36,Female,Motor,02/10/2021,02/10/2024 0:00,1169.8,5,6,South
5497,42,Male,Home,02/01/2020,02/01/2021 0:00,1248.74,3,8,West
5498,18,Male,Auto,06/03/2023,06/03/2024 0:00,1239.3,5,9,North
5499,29,Female,Motor,27/11/2022,27/11/2024 0:00,290.31,2,10,East
5500,51,Male,Motor,13/08/2022,,403.62,2,5,North
5501,41,Male,Motor,06/11/2020,06/11/2022 0:00,1406.15,2,2,South
5502,35,Female,Motor,04/02/2024,,716.31,5,6,South
5503,68,Male,Motor,17/04/2021,17/04/2024 0:00,664.46,3,8,West
5504,41,Female,Home,02/08/2021,02/08/2023 0:00,629.79,4,7,South
5505,69,Female,Motor,26/04/2021,26/04/2023 0:00,310.28,4,5,East
5506,29,Female,Auto,29/02/2024,28/02/2027 0:00,1219.84,5,6,South
5507,61,Male,Motor,10/06/2023,10/06/2024 0:00,1054.23,5,8,West
5508,19,Female,Motor,12/09/2020,12/09/2022 0:00,893.55,0,10,East
5509,39,Male,Motor,17/12/2019,17/12/2021 0:00,405.09,0,9,North
5510,38,Female,Motor,18/11/2020,,552.66,2,6,East
5511,56,Male,Auto,30/09/2019,30/09/2022 0:00,567.83,0,10,East
5512,49,Female,Auto,17/04/2023,17/04/2026 0:00,811.55,0,9,North
5513,64,Male,Auto,25/02/2024,25/02/2027 0:00,901.6,3,9,West
5514,52,Male,Auto,01/04/2022,01/04/2023 0:00,947.57,3,10,South
5515,45,Female,Auto,11/05/2022,11/05/2023 0:00,527.86,4,4,North
5516,26,Female,Auto,04/10/2020,04/10/2021 0:00,400.86,3,9,North
5517,19,Male,Home,08/03/2023,08/03/2025 0:00,874.87,4,2,North
5518,50,Female,Motor,01/05/2024,,324.33,5,5,East
5519,70,Female,Home,07/06/2023,07/06/2026 0:00,946.31,4,3,South
5520,59,Male,Auto,11/09/2023,11/09/2025 0:00,483.95,3,9,East
5521,54,Male,Motor,08/06/2023,08/06/2025 0:00,673.56,3,2,North
5522,44,Male,Auto,20/11/2023,20/11/2026 0:00,1446.72,5,8,North
5523,49,,Motor,22/05/2020,22/05/2023 0:00,618.57,0,3,North
5524,70,Female,Motor,19/12/2022,,550.63,0,5,West
5525,40,Female,Home,08/01/2023,08/01/2026 0:00,1130.83,1,2,West
5526,28,Male,Home,17/10/2023,17/10/2026 0:00,654.93,0,7,South
5527,64,Male,Home,28/06/2022,28/06/2023 0:00,1479.54,,7,South
5528,41,Male,Motor,02/07/2021,02/07/2024 0:00,637.21,1,8,North
5529,67,Female,Motor,10/02/2022,10/02/2025 0:00,1048.95,5,8,East
5530,40,Female,Auto,15/02/2022,15/02/2025 0:00,450.14,3,4,South
5531,63,Male,Motor,30/10/2023,30/10/2024 0:00,441.17,3,5,West
5532,33,Female,Home,21/09/2023,21/09/2026 0:00,643.14,2,3,South
5533,29,Female,Auto,01/06/2020,01/06/2023 0:00,339.42,5,7,North
5534,40,Male,Motor,05/10/2021,05/10/2024 0:00,568.56,2,5,North
5535,64,Male,Auto,29/10/2022,29/10/2023 0:00,1453.12,4,8,North
5536,52,Female,Motor,27/04/2021,,499.13,5,6,South
5537,56,Female,Auto,12/09/2022,12/09/2025 0:00,1350.96,0,8,East
5538,54,Male,Motor,28/02/2022,,930.04,5,9,North
5539,48,Female,Auto,24/09/2019,24/09/2020 0:00,587.79,0,6,North
5540,37,Female,Auto,05/10/2019,05/10/2022 0:00,1324.87,5,8,South
5541,34,Female,Motor,27/05/2021,27/05/2024 0:00,674.96,4,7,South
5542,,Male,Motor,25/01/2023,25/01/2026 0:00,1155.91,4,9,West
5543,53,Male,Motor,14/02/2024,14/02/2026 0:00,730.61,3,1,East
5544,52,Male,Auto,25/02/2022,25/02/2023 0:00,1177.5,4,3,East
5545,51,Female,Motor,11/04/2020,11/04/2021 0:00,581.03,5,2,North
5546,19,Female,Motor,05/11/2021,05/11/2024 0:00,536.8,2,3,North
5547,56,Female,Home,10/11/2020,10/11/2021 0:00,1091.06,1,4,West
5548,54,Male,Home,24/01/2022,24/01/2023 0:00,843.43,0,8,East
5549,70,Male,Motor,24/10/2020,,984.49,1,8,North
5550,56,Male,Motor,07/05/2020,07/05/2022 0:00,1161.6,4,5,North
5551,39,Female,Motor,21/05/2023,21/05/2024 0:00,1196.78,1,9,East
5552,36,Female,Motor,11/03/2020,,326.07,2,10,West
5553,59,Female,Unknown,07/08/2023,07/08/2026 0:00,1452.24,5,9,South
5554,42,Female,Motor,11/10/2020,11/10/2022 0:00,1091.16,4,2,South
5555,23,Male,Motor,12/01/2024,12/01/2026 0:00,739.54,1,3,East
5556,68,Male,Home,09/03/2021,09/03/2023 0:00,1446.71,3,7,North
5557,18,Male,Motor,23/01/2022,,315.81,5,3,East
5558,57,Female,Auto,04/02/2020,04/02/2021 0:00,539.97,1,9,East
5559,69,Female,Auto,15/08/2024,15/08/2027 0:00,1166.88,2,3,South
5560,55,Male,Motor,18/06/2023,,1305.18,0,6,South
5561,26,Female,Motor,15/10/2019,,1091.57,3,1,South
5562,65,Male,Auto,05/09/2023,05/09/2026 0:00,887.07,4,4,South
5563,30,Female,Home,15/07/2022,15/07/2024 0:00,613.9,5,9,South
5564,37,Female,Motor,02/09/2023,,1479.52,,7,South
5565,22,Female,Motor,16/05/2023,,440.77,4,1,West
5566,43,Male,Auto,09/02/2021,09/02/2022 0:00,1493.66,,4,East
5567,58,Female,Auto,19/05/2021,19/05/2023 0:00,1193.71,4,9,North
5568,53,Female,Motor,28/11/2020,28/11/2023 0:00,810.39,0,4,South
5569,33,Female,Auto,05/07/2022,05/07/2023 0:00,708.89,5,10,North
5570,60,Female,Motor,02/04/2021,02/04/2022 0:00,383.51,4,8,West
5571,19,Male,Auto,12/04/2023,12/04/2026 0:00,812.75,5,2,South
5572,33,Male,Motor,18/09/2020,18/09/2023 0:00,1369.24,5,6,West
5573,28,Male,Home,07/05/2021,07/05/2022 0:00,1197.47,5,5,West
5574,40,Female,Motor,15/08/2021,,1161.74,2,7,East
5575,20,Female,Motor,30/06/2021,,601.03,5,6,East
5576,59,Female,Auto,27/02/2021,27/02/2024 0:00,900.1,4,7,West
5577,57,Male,Motor,20/08/2022,,875.21,5,9,West
5578,37,,Home,23/03/2020,23/03/2022 0:00,365.67,0,10,East
5579,,,Motor,05/05/2022,05/05/2024 0:00,598.13,4,10,North
5580,29,Male,Home,13/11/2021,13/11/2023 0:00,1161.04,0,1,West
5581,25,Female,Motor,10/12/2022,,1423.11,0,4,North
5582,29,Female,Auto,25/10/2022,25/10/2023 0:00,1257.88,5,9,North
5583,33,Female,Home,18/08/2021,18/08/2022 0:00,1011.14,2,8,East
5584,53,Female,Auto,18/09/2024,18/09/2026 0:00,1161.46,2,10,South
5585,46,Female,Motor,23/06/2022,,1197.46,0,10,West
5586,42,Male,Motor,03/04/2020,03/04/2021 0:00,799.32,3,1,East
5587,53,Female,Home,07/08/2021,07/08/2023 0:00,697.95,3,2,West
5588,70,Female,Motor,30/08/2020,,1129.1,2,7,East
5589,69,Female,Auto,17/03/2023,17/03/2026 0:00,1215.45,5,2,West
5590,28,Male,Motor,09/06/2024,,706.71,1,2,West
5591,50,Male,Motor,11/12/2022,11/12/2024 0:00,375.56,0,7,South
5592,40,Male,Home,19/09/2022,19/09/2023 0:00,666.05,3,4,North
5593,66,Female,Home,22/08/2021,22/08/2024 0:00,1388.24,1,8,East
5594,37,Male,Motor,03/08/2021,,1498.4,4,4,East
5595,25,Male,Motor,19/02/2020,19/02/2023 0:00,349.33,5,2,West
5596,38,Male,Motor,20/03/2020,20/03/2021 0:00,453.71,4,7,North
5597,59,Male,Auto,17/11/2023,17/11/2024 0:00,803.11,0,6,West
5598,67,Male,Motor,19/09/2022,19/09/2024 0:00,439.34,0,8,North
5599,69,Male,Motor,27/08/2021,,1140.34,5,6,South
5600,54,Female,Motor,04/06/2022,,1343.19,2,2,North
5601,63,Male,Motor,15/02/2021,15/02/2022 0:00,351.11,2,5,South
5602,51,Male,Motor,05/04/2023,05/04/2025 0:00,348.7,5,9,South
5603,67,Female,Motor,20/05/2023,20/05/2024 0:00,947.19,1,1,North
5604,68,Male,Home,28/05/2022,28/05/2024 0:00,1229.22,5,6,West
5605,30,Male,Auto,19/03/2023,19/03/2024 0:00,599,5,4,North
5606,26,Female,Motor,13/05/2023,13/05/2026 0:00,635.48,3,7,West
5607,22,Female,Motor,13/05/2023,13/05/2024 0:00,381.77,4,5,South
5608,21,Female,Auto,28/09/2020,28/09/2023 0:00,625.66,1,5,West
5609,46,Female,Motor,10/10/2023,,1007.35,0,3,North
5610,37,Male,Auto,20/06/2020,20/06/2023 0:00,896.21,4,2,South
5611,62,Female,Auto,11/09/2021,11/09/2023 0:00,527.29,3,5,West
5612,68,Male,Unknown,27/11/2020,27/11/2021 0:00,1170.38,5,5,South
5613,29,Female,Motor,25/11/2022,25/11/2025 0:00,1355.38,5,6,South
5614,48,Female,Motor,28/02/2024,28/02/2025 0:00,1421.87,0,10,East
5615,29,Female,Motor,06/01/2024,,1256.99,2,6,East
5616,70,Female,Motor,08/09/2020,08/09/2022 0:00,1113.97,5,1,South
5617,26,Female,Auto,22/03/2023,22/03/2024 0:00,796.36,1,8,South
5618,28,Female,Motor,12/05/2023,,1008.61,3,3,West
5619,40,Male,Auto,11/08/2020,11/08/2023 0:00,879.79,5,8,North
5620,69,Female,Home,16/09/2022,16/09/2023 0:00,997.78,0,7,West
5621,33,Female,Home,17/05/2023,17/05/2024 0:00,484.51,5,5,West
5622,46,Female,Home,14/07/2022,14/07/2024 0:00,893.43,1,2,West
5623,39,Female,Home,01/09/2022,01/09/2023 0:00,599.94,0,3,North
5624,23,Female,Motor,01/06/2023,,948.61,0,6,East
5625,45,Female,Motor,11/11/2020,11/11/2022 0:00,984.2,4,6,West
5626,36,Female,Motor,10/09/2023,10/09/2025 0:00,1382.23,5,6,East
5627,44,Female,Home,01/02/2023,01/02/2026 0:00,540.54,0,8,North
5628,43,Female,Home,02/12/2023,02/12/2026 0:00,720.66,0,10,East
5629,63,Female,Auto,14/12/2023,14/12/2025 0:00,505.45,2,9,West
5630,70,Male,Motor,06/08/2024,,invalid,2,4,West
5631,70,Male,Home,05/09/2022,05/09/2025 0:00,1000.79,4,9,East
5632,56,Female,Motor,10/09/2021,10/09/2022 0:00,1274.98,0,4,North
5633,23,Male,Home,30/10/2023,30/10/2025 0:00,1136,,8,North
5634,33,Male,Auto,08/02/2024,08/02/2025 0:00,857.34,4,6,South
5635,29,Female,Home,09/08/2022,09/08/2024 0:00,1130.9,3,9,South
5636,57,Male,Motor,02/05/2024,,573.55,,7,South
5637,54,Male,Home,05/05/2022,05/05/2025 0:00,1467.49,1,4,South
5638,42,Male,Home,03/07/2022,03/07/2023 0:00,1130.98,3,9,South
5639,34,Female,Motor,23/04/2020,,1470.52,2,8,North
5640,37,Female,Auto,11/10/2022,11/10/2024 0:00,1281.42,5,1,South
5641,43,Female,Motor,24/09/2023,24/09/2024 0:00,1034.12,5,8,South
5642,38,Male,Auto,28/06/2023,28/06/2026 0:00,1244.83,2,,North
5643,,Male,Motor,19/05/2024,19/05/2025 0:00,1245.83,0,4,East
5644,37,Male,Motor,04/02/2023,,416.19,5,9,South
5645,31,Female,Auto,20/05/2020,20/05/2021 0:00,802.66,4,6,North
5646,49,Male,Home,08/09/2021,08/09/2023 0:00,473.12,1,4,East
5647,64,Female,Motor,17/02/2022,17/02/2023 0:00,354.72,4,7,South
5648,25,Female,Auto,14/05/2022,14/05/2025 0:00,1363.01,3,5,South
5649,36,Male,Motor,07/12/2022,07/12/2025 0:00,390.11,4,10,South
5650,34,Male,Motor,27/01/2020,27/01/2022 0:00,1030.31,,5,East
5651,38,Male,Auto,05/09/2023,05/09/2026 0:00,1424.98,5,8,West
5652,36,Male,Home,25/09/2022,25/09/2024 0:00,811.53,0,6,East
5653,18,Male,Motor,24/02/2020,,1185.25,0,4,East
5654,18,Female,Motor,24/12/2021,24/12/2022 0:00,1164.27,1,9,North
5655,40,Female,Motor,15/04/2022,,627.51,4,9,West
5656,37,Female,Motor,07/05/2024,,1386.02,1,9,North
5657,65,Female,Home,19/08/2020,19/08/2021 0:00,643.05,0,10,South
5658,32,Male,Home,25/01/2024,25/01/2025 0:00,671.67,4,7,East
5659,69,Female,Motor,01/08/2022,01/08/2024 0:00,1388.38,2,9,West
5660,42,Male,Auto,16/02/2020,16/02/2023 0:00,1418.48,5,10,South
5661,45,Male,Auto,15/11/2020,15/11/2022 0:00,1474.52,0,9,South
5662,25,Male,Home,09/10/2022,09/10/2025 0:00,922.69,0,6,South
5663,44,Male,Auto,04/12/2023,04/12/2026 0:00,878.57,5,8,South
5664,58,Female,Auto,22/09/2023,22/09/2025 0:00,599.72,1,9,South
5665,52,Male,Home,03/02/2022,03/02/2024 0:00,1151.74,3,2,East
5666,21,Male,Motor,06/09/2022,,321.75,2,3,South
5667,35,Female,Motor,02/05/2023,,1329.83,4,,East
5668,35,Male,Auto,20/07/2024,20/07/2027 0:00,398.18,4,7,West
5669,30,Male,Motor,19/03/2021,,1343.64,4,,East
5670,44,Male,Home,23/09/2023,,420.81,1,1,North
5671,58,Male,Motor,15/10/2019,15/10/2022 0:00,663.04,1,3,East
5672,23,Male,Motor,04/06/2022,04/06/2024 0:00,310.76,,4,North
5673,68,Female,Motor,24/11/2020,24/11/2021 0:00,1170.87,4,10,North
5674,31,Male,Auto,04/11/2022,04/11/2025 0:00,506.03,2,3,East
5675,58,Female,Auto,26/04/2020,26/04/2021 0:00,346.86,2,6,South
5676,40,Female,Motor,04/03/2020,,1097.56,3,2,North
5677,35,Male,Auto,26/07/2021,26/07/2022 0:00,1059.26,4,3,East
5678,50,Female,Home,28/12/2020,28/12/2022 0:00,355.52,2,7,South
5679,57,Female,Auto,18/07/2020,18/07/2023 0:00,1278.4,4,9,East
5680,26,Male,Motor,10/08/2021,,1200.68,1,7,East
5681,51,Male,Motor,28/06/2023,,623.67,1,1,North
5682,57,Female,Auto,05/07/2020,05/07/2022 0:00,1457.51,1,1,South
5683,51,Male,Motor,11/12/2020,11/12/2022 0:00,580.05,3,1,West
5684,26,Male,Motor,19/06/2021,,1239.3,3,8,East
5685,42,Female,Motor,09/11/2021,09/11/2023 0:00,288.65,1,7,East
5686,45,Female,Auto,04/09/2022,04/09/2024 0:00,1176.59,3,1,West
5687,39,Male,Motor,09/11/2020,,614.6,1,3,South
5688,39,Female,Auto,15/11/2023,15/11/2025 0:00,790.43,3,9,West
5689,66,Female,Home,03/12/2019,03/12/2020 0:00,1024.56,5,5,South
5690,67,Female,Motor,14/09/2024,14/09/2027 0:00,1046.63,5,9,North
5691,22,Male,Motor,19/04/2024,,833.96,3,2,North
5692,,Male,Motor,06/09/2024,06/09/2025 0:00,270.71,4,4,West
5693,46,Female,Home,09/09/2021,09/09/2022 0:00,800.91,0,8,West
5694,40,Female,Home,26/05/2024,26/05/2026 0:00,693.66,5,4,East
5695,59,Female,Home,29/11/2020,,1193.27,5,8,South
5696,40,Female,Auto,04/07/2024,04/07/2027 0:00,1373.68,4,6,North
5697,35,,Motor,04/11/2021,04/11/2024 0:00,551.42,5,9,East
5698,18,Female,Motor,15/09/2022,,439.23,2,8,South
5699,67,Female,Motor,02/08/2022,02/08/2025 0:00,997.41,0,7,North
5700,50,Female,Motor,15/09/2020,,1101.3,3,5,West
5701,28,Male,Auto,24/07/2022,24/07/2024 0:00,474.06,3,8,North
5702,32,Female,Motor,07/07/2021,,821.89,4,6,West
5703,59,Female,Home,27/10/2020,27/10/2022 0:00,578.42,4,5,East
5704,53,Male,Home,09/11/2019,09/11/2021 0:00,1415.31,0,5,West
5705,52,Female,Motor,25/10/2021,25/10/2024 0:00,1243.14,5,5,North
5706,61,Female,Motor,31/01/2023,,389.78,2,7,East
5707,42,Male,Motor,03/02/2022,,1365.17,,9,West
5708,23,Female,Motor,17/02/2022,17/02/2023 0:00,576.4,3,6,South
5709,41,Male,Auto,03/02/2024,03/02/2025 0:00,886.74,5,7,South
5710,25,Male,Motor,29/08/2022,,1167.13,2,4,East
5711,49,Female,Auto,03/10/2023,03/10/2025 0:00,286.7,5,2,East
5712,66,Female,Home,25/05/2024,25/05/2025 0:00,443.03,3,4,South
5713,63,Female,Home,17/03/2023,17/03/2024 0:00,1049.93,3,10,North
5714,27,Male,Motor,27/02/2021,27/02/2024 0:00,1462.69,,9,East
5715,62,Male,Home,22/05/2024,22/05/2026 0:00,571.79,3,5,South
5716,66,Male,Home,12/08/2020,,1194.17,5,4,North
5717,30,Male,Motor,02/01/2024,,365.48,5,4,South
5718,68,Male,Auto,24/05/2022,24/05/2023 0:00,448.38,3,10,South
5719,58,Female,Motor,21/07/2022,,1007.91,0,10,South
5720,63,Male,Home,18/07/2020,,998.55,4,8,South
5721,46,Male,Motor,15/01/2021,15/01/2023 0:00,1159.7,4,,East
5722,31,Male,Motor,10/05/2020,,1464.93,1,8,South
5723,52,Male,Motor,16/01/2021,,1125.38,5,10,East
5724,70,Male,Home,12/10/2020,12/10/2021 0:00,887.21,5,6,East
5725,31,Male,Motor,27/12/2019,27/12/2021 0:00,893.83,2,5,South
5726,37,Male,Motor,04/04/2020,,1476.62,3,1,East
5727,61,Male,Motor,11/02/2020,11/02/2021 0:00,1360.1,5,9,East
5728,69,Female,Auto,03/10/2020,03/10/2022 0:00,639.44,2,9,West
5729,26,Male,Auto,16/02/2023,16/02/2024 0:00,717.24,5,6,West
5730,24,Male,Motor,01/10/2022,01/10/2024 0:00,440.09,0,10,East
5731,30,Male,Auto,13/06/2022,13/06/2023 0:00,329.73,2,6,East
5732,23,Female,Motor,25/01/2021,,701.01,4,1,West
5733,70,Female,Motor,08/04/2024,08/04/2027 0:00,1309.04,0,9,East
5734,59,Female,Motor,13/07/2024,,595.64,5,9,North
5735,46,Female,Motor,14/02/2023,14/02/2025 0:00,366.27,4,4,East
5736,28,Female,Home,10/03/2024,10/03/2025 0:00,811.77,2,3,West
5737,66,Female,Motor,16/07/2021,,789.15,3,1,North
5738,59,Female,Motor,24/09/2019,24/09/2022 0:00,831.02,2,9,South
5739,47,Male,Motor,06/08/2024,,669.11,2,9,North
5740,40,Male,Motor,01/01/2021,01/01/2024 0:00,372.86,0,,South
5741,66,Male,Motor,16/10/2023,,1235.78,,2,South
5742,25,Male,Motor,21/02/2020,21/02/2021 0:00,704.74,3,9,West
5743,68,Female,Auto,16/04/2021,16/04/2022 0:00,390.04,1,8,North
5744,61,Male,Motor,14/10/2023,,1010.45,5,1,West
5745,39,Female,Home,16/10/2021,16/10/2024 0:00,1251.06,5,2,West
5746,60,Female,Home,16/02/2023,16/02/2025 0:00,424.79,0,8,East
5747,20,Female,Auto,17/01/2021,17/01/2024 0:00,729.85,3,10,East
5748,54,Male,Motor,11/01/2022,,invalid,3,5,East
5749,34,Female,Auto,03/05/2024,03/05/2026 0:00,1112.42,3,8,West
5750,63,Male,Auto,15/06/2020,15/06/2022 0:00,765.18,4,6,East
5751,43,Male,Auto,16/01/2024,,655.4,5,2,East
5752,26,Female,Home,04/07/2024,04/07/2027 0:00,370.29,3,7,North
5753,28,Female,Home,29/12/2019,29/12/2021 0:00,1234.61,1,4,East
5754,21,Female,Motor,07/06/2021,07/06/2024 0:00,1099.65,0,7,South
5755,68,Male,Motor,08/03/2020,08/03/2022 0:00,1078.66,1,2,East
5756,40,Female,Motor,25/06/2022,,868.92,3,10,West
5757,57,Male,Home,11/05/2022,11/05/2023 0:00,597.56,0,9,South
5758,45,Female,Auto,01/10/2023,01/10/2025 0:00,1207.52,0,3,South
5759,63,Male,Motor,01/10/2019,01/10/2020 0:00,427.49,2,4,North
5760,29,Female,Motor,29/11/2020,,1091.92,2,5,East
5761,67,Male,Home,10/04/2021,10/04/2024 0:00,765.82,4,3,South
5762,36,Male,Home,22/11/2022,22/11/2024 0:00,1160.17,4,5,North
5763,43,Male,Motor,16/12/2020,,609.83,5,4,West
5764,20,Male,Home,24/10/2019,24/10/2021 0:00,719.93,0,3,North
5765,57,Male,Motor,12/02/2021,,510.35,4,2,East
5766,51,Female,Motor,02/06/2021,,1043.38,,8,West
5767,49,Male,Home,26/02/2021,26/02/2023 0:00,887.81,1,4,West
5768,25,Male,Home,04/12/2019,04/12/2020 0:00,505.5,1,7,East
5769,19,Female,Motor,04/11/2023,,847.18,4,7,South
5770,65,Male,Auto,02/01/2021,02/01/2023 0:00,1205.35,4,,North
5771,,Female,Home,19/06/2021,19/06/2022 0:00,1232.78,1,10,North
5772,35,Male,Motor,02/10/2023,,731.95,1,4,South
5773,48,Female,Home,24/07/2022,24/07/2024 0:00,1465.52,4,8,North
5774,24,Male,Auto,05/01/2023,05/01/2026 0:00,1191.15,,9,West
5775,53,Male,Auto,07/01/2024,07/01/2026 0:00,779.82,4,3,South
5776,51,Female,Motor,08/03/2023,,988.01,2,5,East
5777,49,Female,Home,18/04/2022,18/04/2024 0:00,1088.66,5,,West
5778,69,Female,Motor,16/12/2022,,1256.56,0,2,South
5779,31,Female,Auto,06/06/2020,06/06/2021 0:00,572.91,1,7,West
5780,69,Male,Motor,26/11/2023,,860.62,3,4,South
5781,34,Female,Auto,26/05/2021,26/05/2023 0:00,793.64,0,8,West
5782,56,Male,Home,09/01/2021,09/01/2024 0:00,313.56,,4,South
5783,67,Female,Auto,17/11/2023,17/11/2025 0:00,819.53,2,8,North
5784,,Male,Auto,01/12/2020,01/12/2021 0:00,285.73,5,10,North
5785,34,Female,Motor,23/12/2021,23/12/2024 0:00,311.31,4,9,South
5786,34,Female,Motor,27/07/2020,,668.03,2,3,West
5787,37,Male,Home,26/11/2023,26/11/2025 0:00,1223.34,4,,East
5788,60,Male,Auto,09/07/2022,09/07/2025 0:00,1457.88,0,2,North
5789,49,Female,Motor,11/01/2021,11/01/2023 0:00,747.45,1,10,West
5790,35,Male,Auto,01/08/2021,01/08/2024 0:00,405.74,3,4,West
5791,52,Female,Motor,21/08/2022,,1401.94,5,9,South
5792,42,Female,Auto,17/07/2020,17/07/2023 0:00,948.01,3,7,West
5793,38,Female,Home,20/06/2022,20/06/2023 0:00,785.76,4,4,South
5794,44,Female,Auto,13/04/2024,13/04/2025 0:00,748.96,5,4,South
5795,31,Female,Motor,30/06/2023,,488.01,2,9,West
5796,26,Female,Home,10/08/2024,,1320.9,0,10,South
5797,43,Male,Auto,19/10/2022,19/10/2025 0:00,310.94,3,1,North
5798,69,Female,Home,05/02/2022,05/02/2023 0:00,600.63,0,4,West
5799,26,Male,Motor,21/09/2024,21/09/2027 0:00,497.61,1,7,West
5800,27,Female,Motor,15/06/2022,,614.01,4,10,North
5801,56,Female,Home,21/01/2024,21/01/2027 0:00,1290.61,1,5,North
5802,46,Male,Motor,08/07/2020,,763.39,2,4,East
5803,34,Female,Home,03/12/2019,03/12/2020 0:00,888.66,0,10,West
5804,59,Male,Home,11/05/2023,11/05/2026 0:00,434.15,2,10,East
5805,28,Female,Auto,06/12/2022,06/12/2023 0:00,1374.95,3,7,North
5806,23,Male,Motor,11/05/2024,,407.46,4,2,East
5807,55,Female,Motor,12/09/2024,,787.95,0,5,West
5808,34,Female,Auto,25/01/2024,25/01/2025 0:00,876.49,2,2,East
5809,57,Female,Motor,27/08/2023,27/08/2024 0:00,974.39,0,4,East
5810,58,Male,Motor,24/02/2023,24/02/2024 0:00,1234.3,1,6,East
5811,52,Male,Auto,09/11/2019,,465.45,5,1,West
5812,64,Female,Home,14/11/2023,14/11/2024 0:00,323,5,8,West
5813,40,Male,Motor,19/10/2021,,484.33,3,7,South
5814,32,Female,Home,06/11/2020,06/11/2021 0:00,1385.24,2,3,South
5815,54,Male,Auto,10/08/2021,10/08/2024 0:00,1161.54,4,5,West
5816,56,Female,Motor,09/04/2020,09/04/2021 0:00,1188.53,2,7,North
5817,62,Female,Motor,31/03/2020,31/03/2021 0:00,634.24,4,2,West
5818,43,,Auto,24/08/2023,24/08/2026 0:00,597.55,1,1,East
5819,27,Female,Auto,16/05/2021,16/05/2022 0:00,invalid,1,4,East
5820,26,Female,Motor,10/12/2019,10/12/2021 0:00,1106.13,3,3,West
5821,41,Female,Auto,23/03/2024,23/03/2027 0:00,926.97,2,5,East
5822,36,Male,Motor,06/03/2021,,1133.71,4,5,North
5823,35,Female,Auto,23/01/2023,23/01/2025 0:00,648.06,5,9,North
5824,68,Female,Home,09/07/2022,09/07/2024 0:00,872.86,3,9,South
5825,49,Female,Auto,15/02/2024,,974.11,4,7,North
5826,42,Female,Motor,11/08/2021,11/08/2022 0:00,invalid,,2,North
5827,37,,Motor,11/07/2021,11/07/2023 0:00,350.3,1,10,West
5828,21,Male,Home,01/01/2024,01/01/2026 0:00,1382.29,4,6,South
5829,20,Male,Home,27/07/2021,27/07/2022 0:00,1484.39,5,6,West
5830,43,,Motor,17/04/2022,17/04/2025 0:00,676.69,0,10,North
5831,35,Female,Home,22/06/2022,22/06/2023 0:00,1277.43,4,2,East
5832,30,Female,Motor,19/07/2021,19/07/2022 0:00,818.46,2,8,East
5833,,Male,Auto,12/05/2020,12/05/2021 0:00,1287.14,3,5,North
5834,32,Female,Motor,15/01/2021,,538.34,0,2,East
5835,61,Female,Motor,30/11/2022,30/11/2023 0:00,1133.98,2,1,North
5836,58,Male,Auto,24/05/2024,24/05/2025 0:00,838.87,3,4,East
5837,56,Male,Home,27/02/2022,27/02/2025 0:00,355.26,5,8,East
5838,31,Male,Home,21/07/2024,21/07/2025 0:00,1232.5,0,10,West
5839,42,Female,Home,12/12/2020,12/12/2023 0:00,315.07,2,9,North
5840,18,Male,Auto,06/02/2024,06/02/2025 0:00,1484.5,4,,East
5841,34,Female,Motor,03/07/2024,03/07/2027 0:00,1281.56,0,10,East
5842,33,,Home,31/07/2020,31/07/2021 0:00,904.33,5,10,North
5843,32,Male,Auto,17/07/2024,17/07/2026 0:00,707.75,2,2,East
5844,27,Male,Motor,02/07/2022,02/07/2025 0:00,948.55,3,2,North
5845,50,Female,Motor,30/11/2022,,1082,4,1,West
5846,22,Male,Home,23/08/2024,23/08/2026 0:00,387.89,1,5,North
5847,48,Female,Motor,08/03/2023,,1026.69,1,3,West
5848,54,Male,Auto,31/01/2020,31/01/2022 0:00,421.87,0,3,South
5849,43,Male,Motor,13/10/2023,,1054.32,2,7,South
5850,41,Female,Motor,02/12/2022,,309.29,1,10,West
5851,69,Male,Motor,02/07/2021,02/07/2024 0:00,1126.82,3,6,South
5852,23,Female,Home,25/12/2021,25/12/2022 0:00,937.17,3,1,West
5853,35,Male,Auto,07/05/2022,07/05/2025 0:00,586.4,4,4,North
5854,60,Female,Auto,23/08/2024,23/08/2027 0:00,975.74,1,3,West
5855,40,Male,Auto,16/12/2022,16/12/2024 0:00,306.16,1,3,East
5856,43,Male,Home,21/01/2022,21/01/2023 0:00,1381.51,3,7,West
5857,34,Male,Auto,17/08/2021,17/08/2023 0:00,1008.11,2,7,West
5858,62,Male,Motor,19/11/2021,19/11/2022 0:00,1235.84,5,3,North
5859,57,Female,Motor,19/02/2020,19/02/2022 0:00,634.18,1,2,East
5860,19,Female,Auto,11/06/2021,11/06/2024 0:00,733.29,5,6,North
5861,62,Female,Motor,25/08/2020,25/08/2021 0:00,1396.4,5,7,North
5862,30,Male,Motor,08/11/2021,08/11/2024 0:00,565.87,3,6,South
5863,18,Male,Motor,02/01/2022,,331.59,1,6,South
5864,32,Male,Home,18/02/2022,18/02/2025 0:00,939.44,1,2,South
5865,56,Male,Motor,09/12/2021,09/12/2022 0:00,1409.93,4,2,West
5866,68,Female,Motor,06/04/2023,,1308.09,4,6,West
5867,39,Female,Motor,06/12/2022,06/12/2025 0:00,1300.73,4,7,West
5868,67,Female,Motor,24/05/2024,,1055.23,2,3,West
5869,49,Female,Motor,03/09/2024,,936.7,1,2,East
5870,38,Male,Motor,08/11/2021,08/11/2023 0:00,1382.57,4,6,South
5871,43,,Motor,27/11/2020,,390.18,2,10,West
5872,39,Male,Auto,01/01/2020,01/01/2022 0:00,1068.53,3,5,West
5873,66,Male,Motor,20/11/2023,,405.62,3,8,South
5874,59,Female,Home,11/05/2022,11/05/2025 0:00,1029.73,1,2,West
5875,50,,Motor,29/11/2023,29/11/2024 0:00,297.93,1,4,North
5876,53,Female,Home,05/10/2020,05/10/2022 0:00,1082.62,0,3,West
5877,69,Male,Motor,12/01/2022,,492.43,1,9,West
5878,33,Male,Motor,07/07/2022,,584.86,4,9,North
5879,59,Female,Home,17/08/2024,17/08/2025 0:00,1131.37,5,5,South
5880,41,Male,Motor,18/07/2023,18/07/2026 0:00,1272.12,5,1,East
5881,51,Female,Motor,08/02/2020,,961.6,0,9,East
5882,43,Male,Motor,20/11/2020,,455.3,1,,North
5883,70,Female,Motor,04/06/2022,,1232.27,3,4,East
5884,,Female,Motor,05/04/2023,,782.63,3,8,South
5885,33,Male,Motor,03/06/2024,,1320.16,3,1,West
5886,40,Male,Motor,20/07/2021,,1434.91,2,10,West
5887,46,Male,Motor,16/08/2023,16/08/2026 0:00,1386.33,2,,East
5888,28,Male,Motor,05/05/2020,,1094.27,2,5,North
5889,30,Female,Motor,07/03/2023,,309.41,3,8,West
5890,51,Male,Motor,16/02/2020,16/02/2023 0:00,1352.25,3,5,East
5891,32,Female,Home,14/09/2023,14/09/2026 0:00,1320.47,3,10,South
5892,60,Female,Auto,08/05/2022,08/05/2024 0:00,865.77,0,2,West
5893,56,Male,Motor,09/01/2021,,1079.96,0,10,West
5894,32,Male,Motor,08/09/2023,,490.3,4,3,East
5895,47,Female,Auto,06/02/2024,06/02/2026 0:00,965.5,0,9,North
5896,28,Male,Motor,09/07/2023,,341.54,4,8,East
5897,66,Male,Motor,22/07/2022,,998.54,4,6,South
5898,21,Female,Auto,13/02/2023,13/02/2026 0:00,945.59,3,4,North
5899,35,Female,Motor,29/10/2019,,756.16,0,2,South
5900,56,Male,Motor,17/05/2020,17/05/2021 0:00,399.38,3,2,South
5901,67,Female,Auto,15/11/2020,15/11/2021 0:00,665.59,1,10,West
5902,42,Male,Home,15/11/2023,15/11/2024 0:00,750.28,3,1,South
5903,47,Female,Auto,20/11/2022,20/11/2023 0:00,752.86,4,8,North
5904,41,Male,Motor,28/06/2021,,1383.6,5,7,East
5905,45,Female,Home,07/06/2021,07/06/2024 0:00,1406.55,2,4,North
5906,60,Female,Motor,01/01/2023,,640.85,2,6,North
5907,20,Male,Motor,12/04/2020,,1291.71,1,2,West
5908,40,Male,Auto,08/10/2022,08/10/2023 0:00,1471.42,3,10,East
5909,60,Female,Motor,21/10/2019,,712.2,3,4,North
5910,41,Female,Motor,12/08/2021,,443.95,,4,East
5911,38,Female,Motor,01/09/2021,01/09/2023 0:00,789.07,4,9,North
5912,57,Female,Motor,03/09/2024,03/09/2027 0:00,920.76,3,5,South
5913,43,Female,Home,07/06/2024,07/06/2026 0:00,1041.14,0,5,South
5914,70,Female,Home,26/07/2022,26/07/2025 0:00,1191.86,1,10,South
5915,58,Female,Home,18/12/2023,18/12/2026 0:00,1243.2,4,2,North
5916,41,Male,Auto,18/08/2021,,1093.73,3,8,West
5917,57,Male,Motor,21/03/2022,,739.94,4,6,North
5918,31,Female,Home,19/04/2022,19/04/2023 0:00,346.23,5,3,South
5919,44,Female,Auto,28/06/2021,28/06/2024 0:00,476.17,5,2,North
5920,28,Male,Auto,22/12/2022,22/12/2024 0:00,919.17,4,6,West
5921,22,Male,Motor,14/05/2024,,890.96,4,1,East
5922,43,Female,Motor,17/05/2020,17/05/2021 0:00,878.14,0,2,North
5923,58,Female,Auto,18/11/2022,18/11/2025 0:00,1196.3,3,8,South
5924,19,,Motor,30/09/2022,,635.14,2,1,West
5925,36,Male,Motor,06/08/2023,,549.26,1,4,East
5926,25,Male,Home,08/04/2020,08/04/2023 0:00,1024.79,4,5,West
5927,66,Male,Motor,20/08/2024,20/08/2025 0:00,1171.18,,2,North
5928,47,Male,Motor,16/02/2020,,374.04,5,4,West
5929,34,Male,Home,28/01/2021,,1203.97,4,6,North
5930,32,Male,Motor,30/01/2020,,491.61,4,2,West
5931,55,Male,Home,27/09/2020,27/09/2022 0:00,1172.68,2,3,East
5932,67,Female,Motor,29/04/2020,,881.81,4,6,West
5933,63,Female,Motor,02/12/2023,,898.7,0,10,South
5934,22,Male,Home,02/01/2022,02/01/2023 0:00,497.79,3,1,North
5935,46,Female,Motor,21/01/2023,,885.26,2,2,South
5936,36,Male,Home,20/09/2020,20/09/2022 0:00,1418.75,1,1,West
5937,49,Male,Motor,09/11/2019,09/11/2022 0:00,1056.94,2,9,North
5938,45,Female,Motor,21/07/2021,,1137.68,4,7,South
5939,23,Male,Auto,13/08/2023,13/08/2024 0:00,510.76,3,6,South
5940,70,Male,Home,10/10/2020,10/10/2021 0:00,1186.24,2,3,East
5941,19,Female,Motor,22/06/2024,,730.26,4,8,West
5942,45,Female,Motor,09/09/2020,09/09/2023 0:00,1068.21,3,5,North
5943,24,Male,Home,29/08/2021,29/08/2022 0:00,1276.6,4,5,South
5944,38,Female,Home,20/12/2021,20/12/2022 0:00,722.13,4,7,South
5945,62,Female,Home,04/11/2022,04/11/2023 0:00,588.93,3,10,North
5946,46,Female,Motor,19/02/2024,19/02/2025 0:00,565.13,2,6,South
5947,64,Male,Motor,30/04/2024,30/04/2025 0:00,780.38,1,8,South
5948,32,Female,Home,23/10/2020,23/10/2021 0:00,387.97,4,1,North
5949,40,Female,Auto,17/09/2024,17/09/2025 0:00,447.64,1,7,North
5950,54,Female,Auto,18/06/2023,18/06/2026 0:00,1100.88,4,1,North
5951,41,Male,Home,18/07/2020,18/07/2021 0:00,401.98,1,6,North
5952,45,Male,Auto,09/12/2022,09/12/2024 0:00,invalid,3,7,East
5953,24,Female,Motor,29/03/2020,,988.51,4,7,East
5954,41,Female,Motor,22/06/2021,22/06/2022 0:00,260.86,3,4,West
5955,36,Male,Motor,03/08/2020,,570.36,0,9,North
5956,23,Female,Motor,19/02/2021,,944.84,5,5,South
5957,24,Female,Motor,26/03/2023,,342.24,1,7,East
5958,20,Female,Motor,11/03/2021,,579.09,2,7,South
5959,22,Male,Motor,19/10/2022,,1054,0,7,East
5960,18,Female,Auto,11/04/2023,11/04/2025 0:00,850.96,1,3,East
5961,20,Female,Auto,18/12/2020,18/12/2022 0:00,963.01,2,9,East
5962,62,Male,Motor,31/10/2019,31/10/2022 0:00,1491.46,3,10,North
5963,61,Female,Auto,20/03/2022,,453.85,3,5,West
5964,27,Female,Motor,03/05/2022,,601.07,0,4,West
5965,20,Female,Auto,09/02/2021,09/02/2023 0:00,987.28,5,5,South
5966,31,Female,Home,22/01/2023,22/01/2025 0:00,1244.25,2,1,South
5967,26,Female,Motor,04/03/2023,,1492.83,5,4,North
5968,20,Male,Auto,09/02/2024,09/02/2026 0:00,866.78,5,6,North
5969,26,Male,Motor,04/12/2019,04/12/2022 0:00,722.39,,3,East
5970,29,Male,Motor,27/07/2022,,415.95,2,9,South
5971,55,Male,Home,20/07/2022,20/07/2024 0:00,1120.84,0,9,North
5972,56,Female,Motor,01/09/2024,01/09/2025 0:00,392.57,4,3,North
5973,68,Male,Motor,20/02/2020,,683.44,3,7,North
5974,27,Male,Home,23/11/2022,23/11/2025 0:00,1354.49,2,6,South
5975,65,Female,Home,27/05/2021,27/05/2024 0:00,1009.21,3,10,West
5976,25,Male,Motor,11/12/2022,,1438.67,5,1,North
5977,21,Female,Motor,08/06/2020,,1341.51,3,5,South
5978,64,Male,Auto,27/04/2020,27/04/2022 0:00,510.89,1,6,North
5979,48,Male,Home,11/09/2023,11/09/2024 0:00,416,5,2,South
5980,61,Female,Home,10/07/2020,10/07/2023 0:00,1309.39,1,6,South
5981,23,Female,Home,06/04/2024,06/04/2025 0:00,532.85,0,10,South
5982,39,Female,Motor,06/03/2022,,794.34,0,1,East
5983,29,Female,Auto,27/04/2022,27/04/2024 0:00,336.67,5,6,North
5984,63,Female,Home,29/12/2021,29/12/2022 0:00,1047.35,5,3,North
5985,36,Male,Auto,04/05/2021,04/05/2023 0:00,1420.03,2,4,South
5986,44,Female,Motor,20/04/2023,20/04/2024 0:00,1174,4,6,North
5987,33,Male,Motor,16/03/2022,16/03/2024 0:00,1398.11,0,3,West
5988,64,Male,Motor,25/04/2023,,675.24,2,6,North
5989,52,Female,Home,14/03/2021,14/03/2024 0:00,1170.94,5,10,West
5990,62,Male,Motor,11/11/2019,,1173.26,1,7,South
5991,35,Female,Auto,19/03/2023,19/03/2025 0:00,265.76,1,2,North
5992,59,Male,Motor,21/11/2019,21/11/2022 0:00,1174.46,5,5,East
5993,25,Female,Home,05/09/2023,05/09/2026 0:00,468.82,4,10,North
5994,49,Female,Auto,27/05/2022,27/05/2024 0:00,451.86,2,7,West
5995,64,,Motor,26/08/2024,,1038.59,3,4,West
5996,55,Female,Motor,03/12/2019,03/12/2020 0:00,437.45,1,8,South
5997,30,Male,Motor,15/03/2022,15/03/2025 0:00,418.19,4,9,North
5998,34,Female,Auto,17/04/2021,17/04/2023 0:00,839.07,5,4,East
5999,27,Male,Motor,10/03/2023,,538.38,0,10,North
6000,58,Male,Motor,13/08/2020,13/08/2021 0:00,709.61,2,10,West
6001,34,Male,Motor,09/06/2023,09/06/2024 0:00,invalid,4,1,West
6002,45,Male,Home,24/05/2023,24/05/2025 0:00,364.54,4,3,East
6003,35,Male,Motor,05/06/2022,,682.28,5,6,East
6004,60,Female,Motor,08/04/2021,08/04/2024 0:00,523.35,1,7,South
6005,21,Male,Motor,05/11/2019,,1179.38,3,1,South
6006,38,Female,Motor,09/02/2021,,1316.24,2,10,North
6007,49,Male,Home,12/05/2022,12/05/2025 0:00,852,3,2,South
6008,18,Male,Motor,20/08/2020,,966.29,5,2,South
6009,48,Female,Auto,23/03/2020,23/03/2021 0:00,258.27,3,1,North
6010,,Female,Motor,12/06/2024,,972.67,2,9,East
6011,70,Female,Auto,01/06/2024,01/06/2025 0:00,1044.38,1,7,West
6012,18,Female,Home,15/01/2022,15/01/2024 0:00,1192.37,5,5,East
6013,69,Female,Motor,21/05/2023,21/05/2026 0:00,921.43,2,5,East
6014,19,Female,Motor,26/10/2023,26/10/2025 0:00,1143.9,5,9,West
6015,18,Male,Motor,12/11/2022,,282.89,2,6,West
6016,43,Male,Motor,18/07/2023,18/07/2025 0:00,876.91,5,3,South
6017,64,Male,Motor,05/06/2020,,652.62,,,South
6018,29,Male,Auto,27/01/2020,27/01/2023 0:00,1392.22,2,1,North
6019,33,Male,Auto,19/08/2021,19/08/2023 0:00,1424.55,1,5,East
6020,35,Female,Motor,30/09/2023,30/09/2026 0:00,730.07,5,7,North
6021,68,Male,Home,20/03/2022,20/03/2023 0:00,825.31,1,3,North
6022,33,Male,Auto,22/01/2021,22/01/2023 0:00,887.67,5,7,North
6023,41,Male,Auto,07/12/2022,07/12/2024 0:00,487.44,2,7,South
6024,33,Female,Motor,25/02/2021,25/02/2022 0:00,1429.14,3,10,South
6025,50,Female,Motor,06/05/2021,,1330.86,4,3,North
6026,32,Female,Auto,29/09/2022,29/09/2024 0:00,695.92,1,7,North
6027,48,Female,Home,04/01/2023,04/01/2024 0:00,1409.82,2,5,West
6028,38,Male,Home,22/01/2021,22/01/2023 0:00,1174.57,3,7,East
6029,49,Male,Auto,21/07/2020,21/07/2022 0:00,889.31,3,9,South
6030,53,Male,Motor,25/11/2023,25/11/2025 0:00,1118.97,5,2,East
6031,32,Female,Auto,20/11/2021,20/11/2024 0:00,689.96,1,6,East
6032,58,Female,Motor,14/12/2021,,342.68,2,5,North
6033,56,Male,Home,15/05/2021,15/05/2022 0:00,381.59,4,4,West
6034,43,Female,Auto,23/04/2024,23/04/2025 0:00,751.69,4,7,North
6035,63,Female,Home,10/03/2024,10/03/2025 0:00,1487.65,,3,East
6036,36,Male,Motor,05/01/2024,05/01/2026 0:00,645.32,1,5,North
6037,70,Female,Motor,10/03/2020,10/03/2021 0:00,971.15,2,9,North
6038,55,Female,Auto,10/11/2023,10/11/2025 0:00,874.7,0,4,West
6039,40,,Auto,20/04/2022,20/04/2023 0:00,903.81,3,4,North
6040,56,Male,Auto,17/04/2024,17/04/2027 0:00,677.49,4,2,West
6041,53,Male,Auto,09/05/2023,09/05/2025 0:00,1207.05,0,7,North
6042,37,Female,Auto,23/04/2021,23/04/2024 0:00,1313.45,0,5,South
6043,44,Female,Auto,29/06/2021,29/06/2022 0:00,1140.37,5,6,North
6044,39,Male,Home,31/03/2020,31/03/2023 0:00,577.18,5,3,North
6045,41,Male,Motor,19/05/2021,,530.06,5,2,East
6046,69,Female,Motor,05/07/2020,,1080.1,1,7,South
6047,30,Male,Auto,25/03/2020,25/03/2023 0:00,252.64,3,2,South
6048,66,Female,Home,03/09/2021,03/09/2024 0:00,477.47,5,1,North
6049,66,Female,Auto,07/12/2023,07/12/2026 0:00,599.3,3,1,North
6050,65,Male,Motor,14/09/2020,14/09/2022 0:00,1498.06,4,5,West
6051,37,Male,Auto,06/03/2020,06/03/2023 0:00,1205.75,1,2,East
6052,42,Female,Auto,02/12/2023,02/12/2026 0:00,937.06,2,8,North
6053,37,Female,Motor,08/06/2024,,925.68,4,5,North
6054,38,Female,Motor,02/02/2023,,682.01,4,9,East
6055,56,Female,Motor,10/02/2022,,1133.35,4,9,South
6056,28,Male,Motor,27/03/2023,27/03/2024 0:00,1020.03,4,6,North
6057,31,Male,Motor,02/03/2022,02/03/2024 0:00,1291.43,5,1,West
6058,61,Female,Auto,07/07/2023,07/07/2024 0:00,890.66,2,2,South
6059,55,Male,Motor,16/03/2024,,invalid,5,7,East
6060,35,Female,Auto,19/09/2024,19/09/2025 0:00,585.43,0,,West
6061,25,Female,Home,20/12/2019,20/12/2020 0:00,963.73,0,4,North
6062,64,Male,Home,24/11/2023,24/11/2024 0:00,581.06,0,4,North
6063,37,Female,Motor,12/09/2023,12/09/2026 0:00,394.55,4,9,South
6064,46,Male,Motor,10/12/2020,10/12/2022 0:00,1270.16,4,8,West
6065,48,Male,Motor,20/11/2021,,755.16,4,5,East
6066,44,Male,Auto,21/10/2021,21/10/2023 0:00,1240.86,2,2,East
6067,48,Male,Home,17/02/2024,17/02/2025 0:00,1078.11,5,2,East
6068,37,Female,Motor,06/12/2023,,1429.95,3,3,East
6069,38,Female,Auto,16/11/2020,16/11/2021 0:00,967.43,0,4,East
6070,28,Male,Motor,26/11/2022,26/11/2025 0:00,1069.62,4,2,East
6071,69,Female,Home,15/09/2021,15/09/2022 0:00,1249.3,4,8,East
6072,66,Female,Motor,14/08/2022,,896.16,1,,North
6073,46,Male,Auto,02/02/2020,02/02/2023 0:00,945.51,0,10,North
6074,61,Male,Home,09/06/2024,09/06/2027 0:00,1258.52,5,10,East
6075,36,Male,Motor,10/03/2024,10/03/2025 0:00,659.2,2,6,West
6076,38,Female,Motor,02/09/2022,02/09/2023 0:00,923.94,1,8,South
6077,44,Female,Motor,13/10/2020,,1346.42,4,1,North
6078,66,Female,Home,03/04/2022,03/04/2024 0:00,353.18,5,2,West
6079,47,Female,Auto,09/07/2024,09/07/2027 0:00,629.04,1,,South
6080,27,Female,Motor,27/12/2019,,810.85,2,7,South
6081,54,Male,Auto,07/03/2022,07/03/2025 0:00,898.61,4,4,South
6082,40,Male,Home,16/08/2022,16/08/2024 0:00,663.21,4,3,North
6083,36,Male,Home,28/11/2023,28/11/2024 0:00,1139.44,1,3,South
6084,64,Male,Motor,05/01/2020,05/01/2021 0:00,655.96,4,10,South
6085,45,Female,Auto,06/09/2021,06/09/2024 0:00,900.06,2,3,East
6086,48,Male,Motor,26/03/2024,26/03/2025 0:00,625.96,0,6,South
6087,44,Female,Auto,26/10/2019,26/10/2020 0:00,1289.93,1,9,West
6088,57,Female,Motor,27/11/2023,,954.07,5,8,South
6089,62,Male,Home,10/08/2024,10/08/2025 0:00,521.89,0,7,North
6090,69,Male,Motor,18/10/2020,,1399.42,4,5,South
6091,31,Male,Motor,01/03/2022,,622.74,5,4,East
6092,64,Female,Motor,09/12/2021,09/12/2023 0:00,1080.34,3,6,North
6093,,Female,Motor,13/09/2021,13/09/2024 0:00,381.3,1,,South
6094,,Female,Motor,16/10/2020,16/10/2021 0:00,714.65,2,6,West
6095,63,Male,Motor,14/05/2024,14/05/2026 0:00,330.13,4,1,South
6096,28,Female,Home,23/09/2023,23/09/2024 0:00,465.4,0,10,East
6097,69,Female,Auto,23/02/2024,23/02/2025 0:00,918.67,3,7,South
6098,67,Male,Motor,01/07/2023,,1163,3,5,North
6099,62,Female,Motor,18/03/2021,,1448.04,0,10,East
6100,27,Male,Auto,01/11/2023,01/11/2024 0:00,280.99,,5,North
6101,60,Female,Auto,15/03/2020,15/03/2021 0:00,752.78,3,3,East
6102,62,Female,Motor,07/03/2022,,1433.9,3,8,South
6103,22,Female,Home,23/02/2021,23/02/2022 0:00,267.91,1,6,North
6104,44,Male,Motor,20/12/2019,,1098.29,3,8,West
6105,43,Female,Motor,10/12/2019,,478.71,0,10,East
6106,41,Male,Home,26/06/2021,26/06/2023 0:00,1249.01,2,,East
6107,30,Female,Home,23/08/2020,23/08/2022 0:00,498.78,4,4,West
6108,52,Female,Auto,29/03/2024,29/03/2025 0:00,403.94,,4,West
6109,50,Male,Home,17/03/2020,17/03/2022 0:00,1411.54,4,1,East
6110,33,Male,Auto,23/05/2021,23/05/2023 0:00,268.76,3,7,West
6111,27,Male,Auto,06/03/2023,06/03/2025 0:00,833.71,4,4,East
6112,32,Male,Home,06/01/2020,06/01/2022 0:00,863.19,5,7,North
6113,31,Male,Motor,03/10/2019,,623.93,2,9,North
6114,21,Female,Motor,24/02/2021,,459.48,1,6,East
6115,28,Male,Auto,30/04/2023,30/04/2024 0:00,1233.82,4,4,East
6116,22,Female,Motor,18/06/2024,,1199.45,1,1,South
6117,55,Male,Motor,09/02/2021,,565.42,2,4,North
6118,46,Female,Home,04/10/2023,04/10/2024 0:00,1443.23,1,5,East
6119,48,Male,Home,30/10/2021,30/10/2024 0:00,644.92,3,2,North
6120,27,Male,Motor,26/11/2023,26/11/2025 0:00,1082.02,3,4,West
6121,64,Female,Motor,02/01/2021,,1363.14,2,5,South
6122,34,,Motor,25/07/2023,,1194.18,1,2,East
6123,31,Female,Auto,11/07/2024,11/07/2025 0:00,401.16,1,1,West
6124,,Female,Home,29/03/2023,29/03/2024 0:00,288.4,1,10,East
6125,25,Female,Motor,27/03/2021,27/03/2024 0:00,508.96,1,8,West
6126,33,Female,Motor,23/06/2024,23/06/2027 0:00,755.17,5,6,North
6127,69,Female,Motor,02/04/2021,02/04/2024 0:00,1152.8,0,2,North
6128,60,Female,Home,02/04/2023,02/04/2026 0:00,1346.18,2,6,East
6129,46,Male,Motor,24/12/2019,24/12/2022 0:00,379.52,2,6,West
6130,60,Female,Home,24/04/2023,24/04/2024 0:00,484.95,0,2,West
6131,67,Female,Auto,14/10/2020,14/10/2022 0:00,725.04,5,2,North
6132,31,Female,Home,15/11/2020,15/11/2022 0:00,1386.3,5,6,East
6133,19,Male,Auto,25/05/2021,25/05/2022 0:00,485.18,0,10,South
6134,70,Female,Home,16/05/2023,16/05/2025 0:00,1154.24,5,6,East
6135,53,Male,Home,13/02/2020,13/02/2023 0:00,968.49,5,10,South
6136,70,Female,Home,14/07/2023,14/07/2025 0:00,1354.36,3,7,North
6137,56,Female,Motor,02/05/2022,,1299.27,0,7,South
6138,60,Female,Motor,24/05/2023,,1213.44,1,5,North
6139,48,Male,Motor,16/10/2023,,1210.42,2,1,South
6140,59,Female,Home,12/02/2023,12/02/2025 0:00,1221.03,4,8,North
6141,70,Male,Home,11/08/2022,11/08/2023 0:00,290.09,4,1,North
6142,37,Female,Home,10/10/2023,10/10/2026 0:00,1174.12,1,1,East
6143,69,,Motor,11/01/2022,,440.8,4,2,East
6144,65,Male,Home,18/06/2020,18/06/2021 0:00,765.5,4,7,South
6145,19,Female,Auto,22/09/2023,22/09/2026 0:00,1331.02,1,8,South
6146,31,Male,Auto,30/04/2021,30/04/2023 0:00,1047.53,0,2,West
6147,18,Male,Motor,04/08/2022,04/08/2024 0:00,518.64,5,4,East
6148,55,Male,Motor,05/06/2020,,488.72,0,9,South
6149,42,Male,Home,29/09/2023,29/09/2025 0:00,1442.34,5,10,East
6150,45,Male,Motor,28/09/2019,,862.64,4,4,North
6151,18,Male,Motor,04/09/2024,,314.22,0,1,North
6152,31,Male,Motor,29/09/2020,29/09/2023 0:00,829.39,0,1,South
6153,47,Female,Motor,31/01/2020,,1105.57,3,9,South
6154,48,Female,Motor,01/07/2024,,952.9,3,10,East
6155,48,Male,Motor,14/08/2020,,933.64,2,1,North
6156,69,Male,Home,22/07/2021,22/07/2022 0:00,424.03,2,3,North
6157,43,Female,Motor,27/08/2023,27/08/2025 0:00,1021.46,5,9,East
6158,70,Female,Auto,31/12/2022,31/12/2023 0:00,251.38,5,7,West
6159,34,Female,Auto,15/05/2023,15/05/2025 0:00,1380.26,5,8,North
6160,26,Female,Motor,05/09/2020,05/09/2021 0:00,1186.15,0,6,West
6161,26,Male,Home,05/08/2022,05/08/2025 0:00,1156.08,5,6,East
6162,50,Male,Motor,06/06/2022,06/06/2025 0:00,515.89,2,5,South
6163,65,Male,Motor,18/10/2019,,661.93,4,5,South
6164,33,Male,Auto,08/11/2019,08/11/2020 0:00,413.79,0,9,East
6165,66,Female,Motor,29/08/2022,29/08/2025 0:00,821.83,2,5,East
6166,32,Male,Motor,02/05/2024,,498.98,5,2,East
6167,68,Female,Home,14/02/2024,14/02/2026 0:00,888.86,1,5,East
6168,63,Female,Auto,16/02/2023,16/02/2025 0:00,910.89,3,1,South
6169,23,Female,Motor,24/06/2020,,823.89,5,3,North
6170,37,Female,Motor,19/05/2021,,590.01,1,2,East
6171,64,Male,Motor,25/06/2022,,1410.72,2,9,West
6172,31,Male,Motor,14/09/2024,14/09/2026 0:00,1016.57,,6,West
6173,48,Male,Auto,29/10/2023,29/10/2025 0:00,986.27,5,2,North
6174,69,Female,Motor,19/01/2020,19/01/2023 0:00,733.35,2,6,West
6175,53,Female,Motor,22/09/2024,22/09/2027 0:00,554.86,4,4,East
6176,46,Female,Motor,09/03/2020,,1231.39,3,10,South
6177,69,Female,Motor,07/08/2023,,982.43,0,10,West
6178,22,Male,Auto,18/01/2022,18/01/2023 0:00,1330.17,1,6,South
6179,38,Female,Motor,28/12/2022,28/12/2024 0:00,1110.81,0,9,West
6180,18,Male,Motor,20/10/2023,,1166.33,0,1,West
6181,64,Female,Motor,18/10/2022,18/10/2025 0:00,1266.43,3,9,West
6182,48,Female,Motor,27/05/2023,,1128.05,2,6,West
6183,43,Male,Motor,04/05/2020,04/05/2021 0:00,1309.9,1,10,East
6184,56,Male,Auto,15/05/2020,15/05/2023 0:00,1010.05,0,6,North
6185,54,Female,Motor,13/01/2023,,544.63,0,2,West
6186,28,Female,Motor,11/12/2021,11/12/2023 0:00,677.08,5,7,East
6187,50,Female,Motor,05/06/2021,05/06/2024 0:00,1370.09,0,9,West
6188,53,Male,Motor,09/07/2020,,1404.5,0,7,South
6189,33,Male,Home,16/11/2022,16/11/2025 0:00,525.41,0,2,East
6190,40,Male,Auto,18/10/2019,18/10/2022 0:00,270.38,4,9,South
6191,36,Male,Auto,16/04/2024,16/04/2026 0:00,1078.04,5,8,South
6192,31,Male,Home,18/11/2019,18/11/2020 0:00,271.01,3,2,East
6193,26,Male,Motor,25/06/2021,25/06/2024 0:00,1130.51,3,9,North
6194,38,Female,Auto,13/10/2019,13/10/2021 0:00,505.99,5,10,North
6195,36,Female,Auto,30/11/2019,30/11/2021 0:00,1482.31,4,4,South
6196,66,Male,Home,18/03/2020,18/03/2022 0:00,545.64,3,2,West
6197,63,Male,Auto,20/05/2021,20/05/2022 0:00,1417.05,3,10,East
6198,60,Female,Home,22/09/2020,,1177.49,4,8,West
6199,27,Female,Auto,27/12/2019,27/12/2021 0:00,1128.24,5,9,West
6200,46,Female,Home,09/07/2021,09/07/2023 0:00,1424.77,4,2,North
6201,57,Female,Motor,11/11/2019,,259.84,0,5,West
6202,42,Female,Home,17/11/2021,17/11/2022 0:00,517.04,5,3,South
6203,59,Male,Auto,04/09/2021,04/09/2022 0:00,1206.42,0,9,East
6204,35,Male,Auto,01/11/2023,01/11/2026 0:00,1446.12,3,4,East
6205,50,Male,Motor,30/04/2022,30/04/2023 0:00,426.91,5,4,East
6206,20,Male,Motor,03/11/2023,03/11/2026 0:00,653.7,2,3,South
6207,27,Male,Auto,03/07/2021,03/07/2022 0:00,1329.45,5,9,West
6208,43,Female,Motor,12/01/2023,,1307.62,5,2,North
6209,56,Male,Unknown,19/12/2021,19/12/2023 0:00,415.17,4,9,North
6210,47,Male,Home,09/12/2023,09/12/2025 0:00,invalid,1,5,East
6211,36,Female,Motor,25/08/2024,25/08/2026 0:00,318.35,,4,East
6212,62,Female,Motor,08/09/2021,08/09/2024 0:00,759.64,0,4,West
6213,48,Male,Auto,11/04/2020,11/04/2022 0:00,1231.97,0,10,West
6214,21,Female,Motor,29/09/2023,29/09/2024 0:00,1009.69,5,10,East
6215,65,Male,Motor,22/12/2023,22/12/2026 0:00,306.02,4,6,East
6216,62,Male,Motor,06/11/2019,,746.09,4,2,South
6217,57,Male,Home,07/11/2019,07/11/2021 0:00,416.05,1,9,North
6218,40,Male,Motor,10/09/2022,,1271.82,,9,North
6219,37,Male,Home,11/01/2022,11/01/2025 0:00,391.97,1,7,North
6220,36,Male,Motor,26/02/2024,,1139.75,2,8,West
6221,58,Male,Home,18/08/2020,18/08/2022 0:00,1421.14,3,3,West
6222,28,Male,Motor,14/04/2021,14/04/2023 0:00,354.03,5,4,South
6223,45,Female,Motor,04/05/2024,04/05/2025 0:00,688.11,1,7,East
6224,50,Male,Motor,24/10/2023,,414.05,0,3,North
6225,45,Female,Home,28/07/2021,28/07/2022 0:00,1401.94,1,,South
6226,69,Female,Auto,13/10/2021,13/10/2024 0:00,1200.1,,5,West
6227,69,Female,Home,07/11/2021,07/11/2023 0:00,332.24,,9,South
6228,25,Female,Home,30/07/2021,30/07/2024 0:00,479.2,3,2,North
6229,60,Female,Motor,23/08/2020,,1266.27,3,6,East
6230,20,Female,Motor,12/07/2020,,902.23,1,10,South
6231,39,Female,Motor,20/12/2020,,1456.29,0,7,West
6232,68,Male,Motor,17/01/2022,,950.92,0,10,North
6233,50,Female,Home,26/04/2023,26/04/2024 0:00,1486.75,3,1,South
6234,31,Female,Motor,09/02/2021,,865.86,3,2,North
6235,24,Female,Motor,23/04/2020,,1207.12,4,6,West
6236,42,Female,Motor,06/08/2021,06/08/2024 0:00,719.02,4,9,South
6237,48,Male,Home,24/09/2020,24/09/2023 0:00,872.38,4,7,West
6238,34,Male,Home,10/08/2021,10/08/2023 0:00,743.92,1,10,South
6239,19,Male,Motor,22/02/2021,,1042.85,0,8,North
6240,44,Male,Auto,02/09/2023,02/09/2024 0:00,1055.68,0,4,West
6241,37,Male,Motor,10/03/2021,10/03/2024 0:00,543.49,5,4,West
6242,46,Female,Motor,28/11/2020,,1046.76,0,9,West
6243,23,Female,Home,25/04/2021,25/04/2024 0:00,851.14,1,7,West
6244,46,Female,Auto,03/12/2021,03/12/2022 0:00,389.49,1,6,East
6245,45,Male,Home,26/08/2024,26/08/2027 0:00,784.68,3,7,East
6246,25,Male,Motor,28/02/2021,28/02/2022 0:00,1009.77,2,1,East
6247,19,Female,Home,02/04/2024,02/04/2026 0:00,1094.26,1,2,East
6248,20,Male,Motor,30/10/2023,30/10/2024 0:00,451.53,3,7,East
6249,33,Male,Home,25/04/2021,25/04/2023 0:00,1416.57,1,4,West
6250,60,Male,Auto,07/09/2022,07/09/2025 0:00,815.05,1,3,East
6251,50,Female,Auto,30/07/2024,30/07/2025 0:00,1096.1,1,3,East
6252,62,Male,Home,13/07/2021,13/07/2024 0:00,626.76,3,5,South
6253,55,Male,Motor,07/04/2022,,1395.24,0,5,West
6254,33,Male,Motor,12/03/2020,12/03/2021 0:00,1157.83,,1,South
6255,35,Female,Motor,12/11/2022,,1155.08,1,6,West
6256,57,Female,Home,08/01/2024,08/01/2027 0:00,775.87,2,8,West
6257,,Male,Motor,05/03/2023,,1103.44,3,5,South
6258,40,Male,Auto,17/10/2022,17/10/2024 0:00,418.08,3,10,North
6259,27,Female,Motor,02/11/2023,,717.35,0,9,South
6260,29,Male,Auto,23/04/2023,23/04/2024 0:00,1263.88,0,3,North
6261,41,Female,Motor,23/12/2021,,964.24,4,2,East
6262,61,Female,Home,01/08/2021,01/08/2024 0:00,1448.39,0,3,East
6263,44,Male,Home,27/05/2024,27/05/2027 0:00,960.23,4,3,South
6264,32,Male,Auto,01/04/2020,01/04/2023 0:00,503.48,5,3,East
6265,19,Female,Auto,14/12/2020,14/12/2023 0:00,1084.12,4,9,North
6266,67,Female,Motor,16/02/2020,,1139.56,0,7,South
6267,20,Male,Motor,30/05/2022,,608.45,3,10,North
6268,41,Male,Motor,25/10/2019,,619.34,4,3,East
6269,29,Female,Auto,06/06/2023,06/06/2025 0:00,692.74,1,9,South
6270,68,Female,Motor,05/11/2021,,1358.59,1,6,East
6271,18,Male,Motor,03/07/2023,,932.76,,9,North
6272,39,Male,Motor,25/08/2023,25/08/2024 0:00,520.89,0,3,East
6273,49,Male,Motor,19/09/2020,19/09/2021 0:00,1153.71,0,6,North
6274,49,Male,Home,09/01/2021,09/01/2023 0:00,1237.9,0,10,South
6275,35,Female,Home,17/12/2023,17/12/2026 0:00,283.9,5,8,South
6276,,Male,Auto,05/09/2024,05/09/2027 0:00,527.14,3,4,South
6277,42,Female,Motor,15/08/2024,15/08/2026 0:00,891.17,3,5,West
6278,31,Male,Auto,04/12/2020,04/12/2021 0:00,1336.56,0,5,North
6279,52,Male,Auto,09/08/2021,09/08/2022 0:00,1138.41,1,8,North
6280,28,Male,Auto,28/05/2024,28/05/2025 0:00,437.49,2,3,West
6281,33,Female,Auto,17/11/2021,17/11/2022 0:00,378.74,2,3,South
6282,64,Female,Auto,11/02/2024,11/02/2026 0:00,516.62,1,9,West
6283,49,Female,Auto,28/12/2023,28/12/2025 0:00,1183.26,3,8,East
6284,29,Female,Home,19/04/2020,19/04/2022 0:00,467.48,4,9,North
6285,29,Male,Motor,09/11/2021,,483.2,0,10,North
6286,23,Female,Auto,17/02/2023,17/02/2026 0:00,1242.03,1,10,North
6287,61,Female,Motor,13/09/2022,,462.03,1,2,South
6288,52,Female,Motor,03/05/2020,,1479.93,1,1,North
6289,34,Male,Home,12/11/2023,12/11/2025 0:00,1330.91,2,9,West
6290,23,Female,Home,17/07/2024,17/07/2025 0:00,1355.53,2,9,North
6291,24,Male,Motor,21/04/2024,21/04/2027 0:00,1420.51,0,1,East
6292,63,Female,Home,16/07/2021,16/07/2024 0:00,1303.98,4,,East
6293,66,Female,Motor,06/11/2023,06/11/2025 0:00,614.51,2,8,South
6294,66,Female,Home,13/12/2023,13/12/2024 0:00,1095.13,4,3,South
6295,30,Female,Auto,14/07/2024,14/07/2027 0:00,1051.43,1,5,East
6296,49,Male,Home,02/10/2023,02/10/2026 0:00,873.25,0,1,North
6297,56,Male,Motor,25/10/2019,25/10/2022 0:00,1467.56,2,9,West
6298,45,Female,Home,06/08/2023,06/08/2024 0:00,invalid,1,8,West
6299,51,Male,Auto,25/01/2020,25/01/2021 0:00,1370.65,1,6,North
6300,32,Male,Auto,10/09/2024,,362.76,3,1,West
6301,69,Male,Motor,13/07/2022,,658.63,2,9,West
6302,31,Female,Auto,27/07/2024,27/07/2027 0:00,638.12,5,1,South
6303,31,Male,Home,05/11/2021,05/11/2024 0:00,1175.73,4,7,North
6304,50,Female,Motor,30/01/2022,,928.73,4,6,North
6305,52,Female,Home,27/10/2022,27/10/2023 0:00,410.99,5,2,East
6306,38,Male,Home,13/02/2024,13/02/2026 0:00,455.09,0,6,North
6307,58,Male,Home,08/05/2023,08/05/2025 0:00,1404.39,2,8,West
6308,25,Female,Auto,15/12/2021,,654.88,4,4,West
6309,50,Female,Auto,15/06/2022,15/06/2024 0:00,1419.2,5,8,North
6310,29,Female,Motor,21/12/2022,,579.83,0,4,North
6311,62,Female,Motor,06/05/2023,,1428.03,0,1,West
6312,63,Male,Motor,04/07/2023,,585.26,2,8,East
6313,39,Female,Motor,13/03/2024,13/03/2025 0:00,1100.4,5,10,West
6314,57,Male,Auto,23/05/2020,23/05/2022 0:00,897.01,5,10,North
6315,21,Female,Motor,29/09/2023,,642.61,4,1,North
6316,43,Female,Home,23/11/2023,23/11/2024 0:00,1222.23,5,10,East
6317,20,Male,Home,24/04/2022,24/04/2025 0:00,857.2,3,1,East
6318,22,Male,Motor,05/05/2024,,346.9,5,5,West
6319,31,Male,Home,08/01/2020,,532.47,3,5,West
6320,31,Female,Motor,02/08/2024,02/08/2027 0:00,474.77,4,8,North
6321,37,Male,Home,11/03/2022,11/03/2023 0:00,1328.49,2,3,West
6322,59,Male,Motor,29/12/2022,29/12/2025 0:00,1359.58,4,1,North
6323,36,Female,Home,12/09/2022,12/09/2025 0:00,438.97,4,1,West
6324,63,Male,Home,20/10/2023,20/10/2026 0:00,415.4,3,6,South
6325,41,Male,Motor,07/10/2021,,1191.46,2,2,South
6326,19,Male,Home,23/03/2023,23/03/2026 0:00,1440.34,1,5,West
6327,55,Male,Motor,31/08/2023,31/08/2026 0:00,invalid,1,8,West
6328,47,Male,Home,04/05/2022,04/05/2025 0:00,1049.65,5,8,South
6329,22,Male,Home,03/07/2023,03/07/2025 0:00,592.24,2,8,South
6330,,Female,Motor,08/03/2021,,1492.52,4,10,North
6331,57,Female,Home,22/06/2020,22/06/2021 0:00,1178.72,3,5,North
6332,36,Female,Home,25/05/2022,25/05/2023 0:00,1083.4,3,2,East
6333,58,Male,Motor,16/05/2024,,530.12,2,5,North
6334,22,Male,Home,14/10/2021,14/10/2023 0:00,1430.03,2,1,South
6335,21,Male,Motor,16/07/2024,16/07/2027 0:00,458.72,0,4,West
6336,61,Male,Auto,05/11/2019,05/11/2021 0:00,1079.98,,7,West
6337,55,Female,Motor,22/09/2020,,274.53,2,7,East
6338,23,Male,Auto,07/07/2024,07/07/2025 0:00,1461.06,2,5,North
6339,25,Female,Motor,19/12/2019,19/12/2022 0:00,281.22,3,5,West
6340,70,Female,Home,04/04/2022,04/04/2023 0:00,1031.89,2,8,West
6341,26,Male,Motor,12/11/2019,,872.26,4,8,North
6342,37,Male,Motor,21/08/2022,21/08/2024 0:00,952.93,5,7,West
6343,69,Male,Motor,09/02/2020,,1001.38,3,1,West
6344,28,Female,Motor,05/05/2020,05/05/2023 0:00,974.7,1,9,South
6345,67,Female,Motor,19/10/2020,,366.7,4,4,West
6346,49,Female,Motor,23/06/2021,,1332.52,0,,West
6347,53,Male,Motor,26/08/2023,26/08/2026 0:00,587.33,2,4,South
6348,18,Male,Motor,09/08/2024,,558.21,1,2,South
6349,38,Male,Motor,06/02/2024,06/02/2027 0:00,383.18,5,6,South
6350,39,Male,Home,17/06/2024,17/06/2027 0:00,1116.46,1,10,South
6351,65,Male,Motor,18/03/2022,18/03/2024 0:00,664.07,0,6,East
6352,63,Female,Auto,15/03/2021,15/03/2022 0:00,631.89,2,10,West
6353,48,Male,Home,31/05/2022,31/05/2024 0:00,1058.26,5,10,North
6354,58,Female,Auto,01/02/2023,01/02/2024 0:00,638.55,4,9,West
6355,,Male,Motor,01/07/2020,01/07/2023 0:00,1220.28,1,7,North
6356,43,Female,Motor,21/06/2022,21/06/2023 0:00,916.37,3,5,West
6357,46,Male,Auto,24/12/2022,,895.07,5,5,South
6358,38,,Motor,21/11/2019,,884.54,4,1,East
6359,26,Male,Auto,20/04/2024,20/04/2027 0:00,856.51,0,6,West
6360,25,Male,Auto,15/02/2023,15/02/2024 0:00,250.35,3,1,South
6361,30,Female,Home,17/10/2023,17/10/2024 0:00,invalid,2,10,North
6362,37,Male,Motor,31/07/2022,,668.46,1,6,East
6363,37,Female,Motor,01/10/2019,01/10/2021 0:00,874.94,4,7,East
6364,44,Male,Motor,30/11/2022,30/11/2024 0:00,1460.64,4,8,North
6365,66,Female,Motor,25/09/2020,,1063.05,2,6,North
6366,36,Female,Motor,03/11/2022,03/11/2024 0:00,759.04,2,7,North
6367,60,Female,Motor,09/11/2020,,1222.5,2,1,West
6368,48,Female,Motor,15/04/2021,15/04/2024 0:00,410.35,3,4,West
6369,47,Male,Home,06/08/2022,06/08/2023 0:00,570.96,5,2,West
6370,67,Female,Home,29/03/2024,29/03/2025 0:00,545.07,5,10,North
6371,53,Female,Motor,04/08/2023,04/08/2025 0:00,663.72,1,2,North
6372,29,Male,Auto,22/03/2022,22/03/2024 0:00,1003.2,1,7,West
6373,25,Female,Motor,14/10/2021,14/10/2024 0:00,301.42,2,7,South
6374,19,Female,Auto,18/04/2022,18/04/2025 0:00,1313.76,0,7,West
6375,22,Male,Auto,24/11/2022,24/11/2025 0:00,811.54,3,4,West
6376,48,Female,Motor,13/12/2022,13/12/2023 0:00,872.49,3,7,East
6377,21,Female,Home,28/06/2023,28/06/2024 0:00,1438.46,2,4,East
6378,43,Male,Auto,18/03/2023,18/03/2024 0:00,1349.32,2,1,West
6379,59,Male,Motor,11/11/2021,,1374.82,4,3,South
6380,31,Male,Home,15/05/2022,,937.13,0,3,West
6381,34,Female,Motor,15/10/2021,,645.74,5,6,South
6382,48,Female,Auto,19/05/2023,19/05/2024 0:00,invalid,5,8,North
6383,32,Female,Motor,08/08/2024,,456.17,5,8,South
6384,42,Female,Home,05/07/2020,05/07/2021 0:00,856.04,3,3,East
6385,61,Female,Motor,20/12/2023,20/12/2026 0:00,420.58,1,5,South
6386,41,Male,Motor,17/08/2024,17/08/2027 0:00,517.53,5,,East
6387,43,Female,Auto,09/02/2024,09/02/2025 0:00,753.37,2,4,West
6388,23,Male,Motor,04/05/2021,04/05/2023 0:00,593.77,5,2,West
6389,54,Female,Motor,11/07/2023,,845.64,0,6,East
6390,68,Female,Auto,13/07/2020,,1283.02,0,7,North
6391,22,Female,Auto,30/05/2024,30/05/2027 0:00,753.34,1,6,South
6392,40,Female,Auto,06/07/2023,,1317.17,0,3,North
6393,59,Female,Auto,26/06/2023,26/06/2026 0:00,1359.56,,2,East
6394,70,Female,Motor,25/06/2022,,888.31,5,1,North
6395,52,Female,Motor,09/09/2020,09/09/2021 0:00,304.65,2,4,East
6396,70,Male,Home,31/05/2023,31/05/2026 0:00,830.14,2,4,North
6397,53,Female,Motor,18/11/2022,18/11/2024 0:00,512.91,,9,East
6398,38,Male,Auto,29/11/2020,29/11/2023 0:00,906.48,5,3,East
6399,,Female,Motor,29/06/2020,,1405.84,5,2,North
6400,70,Female,Motor,29/01/2022,,928.77,2,2,South
6401,39,Male,Motor,16/03/2023,,1152.17,5,3,West
6402,36,Female,Motor,04/06/2023,04/06/2026 0:00,795.53,3,5,East
6403,26,Female,Home,26/10/2019,26/10/2020 0:00,1320.52,3,5,North
6404,29,Female,Home,04/09/2024,04/09/2026 0:00,875.27,4,1,West
6405,29,Female,Motor,17/12/2023,,329.17,0,2,East
6406,39,Female,Auto,29/08/2020,,894.56,3,1,East
6407,55,Female,Motor,18/09/2024,18/09/2025 0:00,385.25,2,4,South
6408,28,Female,Auto,03/05/2020,03/05/2022 0:00,1041.04,4,2,West
6409,66,Male,Motor,18/04/2022,18/04/2023 0:00,866.5,1,4,East
6410,26,Male,Motor,14/05/2022,,710.81,1,7,South
6411,18,Male,Home,08/05/2021,08/05/2022 0:00,778.48,2,3,West
6412,53,Male,Motor,17/12/2022,,1082.8,5,1,West
6413,19,Male,Auto,15/06/2023,15/06/2026 0:00,639.01,,1,North
6414,57,Female,Home,13/08/2022,13/08/2025 0:00,1255.59,5,4,North
6415,33,Female,Motor,09/07/2021,09/07/2024 0:00,1256.96,2,2,East
6416,58,Female,Auto,19/10/2020,19/10/2022 0:00,1453.57,4,7,West
6417,51,Female,Auto,12/06/2022,12/06/2025 0:00,592.97,3,9,East
6418,20,Female,Auto,20/08/2024,20/08/2026 0:00,1116.29,3,2,West
6419,55,Male,Auto,27/06/2024,27/06/2026 0:00,974.74,2,5,North
6420,49,Female,Motor,27/12/2023,27/12/2025 0:00,494.78,0,2,North
6421,29,Female,Motor,03/10/2020,,700.47,4,1,East
6422,53,Female,Motor,08/09/2024,08/09/2026 0:00,591.14,2,3,West
6423,39,Female,Home,20/04/2022,20/04/2024 0:00,656.27,2,3,West
6424,24,Female,Motor,09/06/2020,09/06/2022 0:00,692.55,4,5,East
6425,35,Female,Auto,02/04/2021,02/04/2022 0:00,1336.47,3,7,West
6426,50,Male,Home,11/06/2021,11/06/2024 0:00,314.82,2,6,North
6427,70,Female,Auto,17/07/2024,17/07/2025 0:00,304.73,4,2,North
6428,44,Male,Motor,15/10/2020,,1326.08,0,9,North
6429,51,Female,Home,04/09/2020,04/09/2022 0:00,1100.46,5,10,South
6430,53,Female,Motor,03/10/2023,03/10/2025 0:00,257.49,2,10,West
6431,66,Male,Motor,15/07/2022,15/07/2024 0:00,1094.87,2,2,East
6432,33,Female,Motor,05/08/2020,,913.06,0,10,North
6433,41,Male,Home,11/01/2024,11/01/2026 0:00,1366.16,5,5,West
6434,55,Female,Motor,25/02/2021,,1331.95,2,5,South
6435,37,Female,Auto,22/07/2021,22/07/2022 0:00,524.02,4,6,West
6436,43,Male,Motor,29/04/2020,29/04/2023 0:00,646.09,3,3,North
6437,18,Female,Motor,12/11/2022,,1139.1,1,4,East
6438,37,Female,Auto,09/09/2023,09/09/2026 0:00,1152.09,2,7,East
6439,23,Female,Motor,26/08/2022,26/08/2025 0:00,579.92,1,6,East
6440,54,Male,Auto,18/04/2024,18/04/2025 0:00,1380.93,4,5,East
6441,57,Male,Auto,14/05/2020,14/05/2022 0:00,691.7,1,6,East
6442,21,Female,Auto,06/11/2022,06/11/2023 0:00,258.64,4,6,South
6443,68,Female,Motor,12/08/2021,,1012.08,3,10,East
6444,34,Male,Home,06/12/2022,06/12/2023 0:00,914.41,2,4,West
6445,38,Female,Auto,01/07/2020,01/07/2022 0:00,969.08,4,3,South
6446,32,Male,Motor,24/12/2023,24/12/2024 0:00,1422.96,4,5,North
6447,56,Male,Auto,17/12/2020,17/12/2023 0:00,1239.08,0,7,East
6448,66,Female,Motor,29/06/2022,29/06/2023 0:00,1334.26,2,8,North
6449,50,Female,Home,18/12/2022,18/12/2023 0:00,843.22,0,4,East
6450,36,Female,Auto,18/05/2024,18/05/2025 0:00,871.2,2,2,North
6451,64,Male,Motor,04/09/2020,04/09/2022 0:00,946.55,4,7,South
6452,50,Male,Home,03/11/2022,03/11/2024 0:00,572.88,2,5,North
6453,59,Male,Motor,06/10/2022,06/10/2023 0:00,338.76,5,5,West
6454,29,Female,Home,30/10/2022,30/10/2025 0:00,968.73,2,1,South
6455,26,Female,Motor,01/11/2023,01/11/2025 0:00,555.82,4,4,West
6456,32,Female,Home,21/01/2021,21/01/2023 0:00,1219.97,2,1,East
6457,39,Male,Auto,08/05/2024,08/05/2025 0:00,906.55,4,4,East
6458,70,Female,Home,08/10/2020,08/10/2022 0:00,1234.4,2,7,North
6459,45,Female,Home,26/07/2022,26/07/2025 0:00,380.87,4,1,North
6460,30,Female,Motor,30/10/2023,,689.38,1,2,South
6461,27,Male,Auto,31/10/2023,31/10/2025 0:00,674.34,1,3,North
6462,34,Male,Motor,23/11/2022,,1032.89,4,1,South
6463,59,Female,Auto,03/03/2024,03/03/2025 0:00,341.31,5,5,East
6464,61,Male,Home,24/03/2021,24/03/2024 0:00,315.05,2,5,West
6465,56,Female,Motor,10/10/2019,10/10/2022 0:00,848.76,2,6,West
6466,25,Female,Motor,03/05/2022,03/05/2023 0:00,718.75,1,5,West
6467,29,Male,Auto,07/05/2021,07/05/2023 0:00,1117.29,3,4,South
6468,67,Female,Motor,12/05/2020,,742.27,1,6,South
6469,25,Male,Motor,14/07/2024,14/07/2025 0:00,767.61,4,1,North
6470,18,Female,Auto,01/10/2023,01/10/2024 0:00,291.9,3,2,North
6471,37,Male,Motor,09/04/2023,,1200.03,4,10,West
6472,62,Male,Auto,09/12/2023,09/12/2024 0:00,1443.61,5,6,West
6473,54,Male,Motor,10/05/2022,10/05/2025 0:00,481.15,2,3,North
6474,48,Female,Home,22/01/2023,22/01/2025 0:00,899.72,,9,East
6475,46,Female,Home,18/05/2022,18/05/2023 0:00,679.79,2,9,West
6476,28,Male,Home,24/05/2021,24/05/2024 0:00,587.76,4,3,North
6477,59,Male,Motor,24/08/2021,24/08/2024 0:00,317.2,5,2,East
6478,53,Female,Motor,30/07/2024,30/07/2025 0:00,658.62,1,8,West
6479,51,Female,Motor,09/03/2020,09/03/2022 0:00,807.19,,10,South
6480,53,Male,Auto,08/06/2022,08/06/2023 0:00,271.34,4,4,East
6481,29,Female,Auto,23/08/2022,23/08/2023 0:00,1228.13,5,3,West
6482,18,Male,Home,26/07/2021,26/07/2024 0:00,906.28,5,5,East
6483,58,Female,Home,14/02/2022,14/02/2024 0:00,966.98,2,2,East
6484,67,Female,Motor,28/04/2022,28/04/2023 0:00,1268.17,4,6,North
6485,63,Male,Motor,06/08/2023,,262.86,3,9,East
6486,69,Female,Home,25/08/2023,25/08/2024 0:00,973.42,3,3,South
6487,69,Female,Motor,28/11/2021,,738.83,1,1,East
6488,40,Female,Home,28/08/2023,28/08/2025 0:00,830.57,4,1,East
6489,20,Female,Motor,27/09/2020,27/09/2023 0:00,1022.73,4,5,East
6490,38,Female,Auto,24/10/2019,24/10/2021 0:00,1301.52,2,2,South
6491,69,Male,Auto,06/08/2022,06/08/2025 0:00,930.86,0,2,West
6492,63,Male,Motor,15/02/2021,,670.08,3,9,West
6493,44,Male,Motor,31/12/2021,,1475.36,1,3,West
6494,35,Male,Home,26/07/2020,26/07/2021 0:00,357.17,5,8,East
6495,69,Female,Motor,18/01/2023,18/01/2026 0:00,1468.49,1,5,North
6496,56,Female,Motor,07/02/2020,07/02/2023 0:00,1103.45,5,5,South
6497,,Male,Motor,08/10/2023,08/10/2026 0:00,297.89,2,2,South
6498,45,Male,Auto,14/12/2021,14/12/2022 0:00,1152.59,1,,West
6499,47,Male,Auto,30/01/2021,30/01/2024 0:00,1248.49,3,7,South
6500,31,Female,Motor,06/04/2020,06/04/2022 0:00,340.79,2,6,North
6501,27,Male,Motor,31/03/2023,31/03/2026 0:00,886.17,3,6,West
6502,42,Male,Home,16/11/2021,16/11/2022 0:00,1225.65,5,8,South
6503,32,Male,Motor,02/11/2019,,1222.61,0,7,East
6504,24,Male,Auto,04/06/2024,04/06/2026 0:00,1288.53,2,6,North
6505,54,Female,Motor,22/11/2021,22/11/2022 0:00,1005.07,1,4,North
6506,68,Female,Motor,20/01/2021,20/01/2023 0:00,1487.21,1,4,East
6507,29,Female,Home,28/10/2019,28/10/2021 0:00,914.22,0,7,South
6508,68,Male,Motor,28/05/2023,,442.81,2,3,West
6509,57,Female,Auto,29/01/2022,29/01/2023 0:00,1256.88,4,5,North
6510,50,Female,Motor,25/05/2024,25/05/2027 0:00,1203.47,2,10,West
6511,46,Female,Motor,01/05/2020,,1347.98,4,5,West
6512,23,Male,Motor,29/03/2022,,562.08,2,5,West
6513,34,Male,Auto,10/12/2022,10/12/2023 0:00,812.6,2,4,North
6514,40,Female,Motor,24/09/2021,24/09/2024 0:00,568.11,0,5,South
6515,,Male,Auto,30/04/2023,30/04/2025 0:00,494.29,3,8,North
6516,19,Male,Home,12/06/2023,12/06/2025 0:00,1301.23,5,2,North
6517,58,Female,Motor,30/07/2024,30/07/2025 0:00,1340.02,2,7,West
6518,18,Female,Motor,28/08/2024,28/08/2025 0:00,533.89,2,7,North
6519,52,Female,Home,03/12/2022,03/12/2023 0:00,1034.94,3,6,South
6520,,Female,Motor,25/12/2022,,979.14,1,10,East
6521,26,Female,Motor,26/07/2021,,1252.35,4,3,South
6522,,Female,Motor,23/04/2021,23/04/2023 0:00,451.11,4,2,West
6523,57,Male,Motor,04/02/2022,04/02/2023 0:00,750.52,3,3,South
6524,29,Male,Home,29/08/2024,29/08/2025 0:00,637.46,2,9,East
6525,69,Female,Auto,05/06/2024,05/06/2027 0:00,1139.74,5,3,West
6526,31,Male,Motor,24/01/2022,,1083.5,0,1,South
6527,69,Male,Auto,22/08/2023,22/08/2026 0:00,962.2,2,4,North
6528,54,Female,Motor,03/01/2024,,943.28,0,6,West
6529,51,Male,Auto,02/03/2024,02/03/2027 0:00,1130.14,1,9,West
6530,65,Female,Home,26/06/2020,26/06/2022 0:00,474.07,2,5,East
6531,59,Male,Motor,18/07/2020,18/07/2023 0:00,319.2,5,10,North
6532,33,Male,Motor,19/08/2020,,1366.12,2,10,East
6533,26,Male,Home,05/02/2020,05/02/2023 0:00,745.84,1,7,East
6534,32,Male,Home,24/06/2023,24/06/2025 0:00,1010.92,2,4,South
6535,39,Male,Motor,28/06/2024,28/06/2027 0:00,1464.98,3,4,North
6536,20,Male,Auto,18/10/2019,18/10/2020 0:00,254.79,2,5,North
6537,,Female,Motor,23/11/2020,,417.36,3,10,North
6538,56,,Motor,08/05/2024,,1127.22,0,6,North
6539,60,Male,Home,18/11/2021,18/11/2022 0:00,1424.62,4,2,North
6540,20,Female,Motor,22/07/2020,22/07/2021 0:00,1149.83,4,5,North
6541,29,Male,Home,18/11/2022,,892.11,4,4,South
6542,20,Female,Motor,20/06/2020,,420.67,0,9,West
6543,29,Male,Motor,29/10/2022,29/10/2024 0:00,1312.16,4,7,East
6544,36,Male,Home,31/12/2021,31/12/2022 0:00,355.57,5,10,North
6545,61,Female,Auto,14/09/2022,14/09/2023 0:00,786.77,3,5,North
6546,23,Male,Auto,15/06/2021,15/06/2022 0:00,435.33,3,2,South
6547,47,Male,Motor,08/06/2024,08/06/2026 0:00,412.99,1,4,South
6548,26,Male,Motor,19/03/2021,19/03/2024 0:00,918.59,3,3,North
6549,21,Female,Auto,10/02/2023,10/02/2024 0:00,1155.54,2,8,South
6550,60,Male,Auto,11/07/2020,11/07/2021 0:00,1376.64,4,2,South
6551,55,Male,Home,18/03/2022,18/03/2023 0:00,427.54,0,1,North
6552,31,Male,Motor,01/05/2024,,804,2,4,East
6553,65,Male,Home,02/05/2021,02/05/2022 0:00,501.97,3,1,North
6554,37,Male,Motor,13/12/2020,,803.17,3,8,West
6555,62,Male,Home,21/03/2024,21/03/2027 0:00,1398.98,2,4,West
6556,60,Male,Home,28/07/2023,28/07/2026 0:00,549.89,1,7,East
6557,52,Male,Motor,21/12/2019,,547.04,2,6,East
6558,27,Male,Motor,22/09/2023,,348.35,,1,North
6559,31,Male,Motor,07/09/2021,,1107.49,2,7,South
6560,64,Female,Motor,06/12/2020,,346.54,1,9,South
6561,68,Male,Motor,10/08/2022,,1448.32,5,3,West
6562,70,Male,Motor,15/03/2020,,758.58,3,3,East
6563,56,Male,Auto,04/07/2020,04/07/2022 0:00,747.88,1,4,North
6564,18,Male,Home,01/09/2022,01/09/2024 0:00,1252.76,5,2,South
6565,52,Male,Motor,11/11/2021,,316.51,0,10,West
6566,65,Female,Auto,26/04/2020,26/04/2021 0:00,328.61,3,4,North
6567,58,Female,Auto,21/07/2022,21/07/2024 0:00,525.49,4,2,South
6568,44,Male,Motor,16/11/2019,16/11/2021 0:00,1458.55,1,3,North
6569,49,Female,Motor,26/02/2021,26/02/2024 0:00,312.22,0,10,East
6570,21,Male,Motor,17/03/2020,,395.9,4,4,North
6571,23,Female,Motor,15/02/2020,15/02/2022 0:00,1213.91,2,2,East
6572,56,Female,Home,22/06/2021,22/06/2022 0:00,1169.08,1,1,West
6573,54,Female,Motor,06/02/2020,06/02/2021 0:00,543.04,3,2,North
6574,23,Female,Home,13/05/2021,13/05/2023 0:00,1246.4,3,3,West
6575,22,Male,Motor,25/12/2021,,679.93,5,2,South
6576,38,Male,Auto,06/03/2023,06/03/2025 0:00,627.13,4,10,West
6577,56,Female,Home,12/07/2023,12/07/2025 0:00,1250.31,3,9,North
6578,59,Male,Motor,17/01/2022,17/01/2023 0:00,1014.63,1,5,South
6579,32,Female,Motor,18/05/2024,18/05/2027 0:00,785.49,2,5,North
6580,23,Male,Home,10/01/2021,10/01/2024 0:00,1083.19,0,2,North
6581,48,Female,Home,21/12/2023,21/12/2025 0:00,1181.79,1,7,West
6582,22,Female,Home,13/04/2024,13/04/2027 0:00,1475.13,0,9,North
6583,27,Male,Motor,29/09/2022,,670.53,0,3,East
6584,30,Male,Motor,25/05/2022,25/05/2024 0:00,633.45,4,3,South
6585,20,,Home,24/12/2022,24/12/2023 0:00,1222.96,1,8,South
6586,32,Female,Motor,23/03/2020,23/03/2021 0:00,590.59,5,6,North
6587,65,Male,Auto,07/08/2024,07/08/2026 0:00,904.51,0,6,North
6588,23,Male,Motor,02/03/2022,,1485,0,7,South
6589,24,Female,Home,14/12/2020,14/12/2023 0:00,1416.86,4,8,North
6590,18,Female,Motor,23/08/2022,,965.7,5,2,South
6591,28,Female,Auto,23/05/2020,23/05/2021 0:00,1368.97,1,10,North
6592,22,Male,Motor,21/05/2023,21/05/2026 0:00,260.3,4,5,West
6593,64,Male,Auto,10/07/2023,10/07/2024 0:00,1124.26,5,5,East
6594,64,Male,Motor,05/11/2021,,454.63,0,10,South
6595,18,Male,Auto,11/01/2024,11/01/2027 0:00,492.01,5,6,West
6596,50,Female,Motor,30/01/2023,,830.93,3,5,North
6597,44,Male,Home,23/11/2020,23/11/2023 0:00,1377.07,2,1,East
6598,50,Female,Motor,07/10/2022,07/10/2023 0:00,603.78,2,6,South
6599,51,Female,Motor,17/02/2020,,944.56,5,4,South
6600,38,Male,Motor,28/03/2022,,903.53,1,1,West
6601,69,Female,Motor,03/04/2023,03/04/2024 0:00,381.61,0,10,North
6602,59,Female,Motor,28/11/2019,28/11/2021 0:00,1275.87,4,5,South
6603,49,Male,Motor,03/09/2024,,299.19,1,1,West
6604,42,Female,Motor,10/02/2022,10/02/2024 0:00,1154.35,1,2,North
6605,48,Male,Auto,31/08/2020,31/08/2023 0:00,1394.77,0,2,North
6606,60,Male,Motor,21/01/2024,,1383.21,1,4,North
6607,29,Female,Auto,22/09/2024,22/09/2025 0:00,1291.62,5,5,South
6608,19,Male,Motor,30/01/2021,,269.63,0,10,North
6609,41,Female,Motor,09/02/2022,09/02/2023 0:00,487.06,4,9,North
6610,63,Female,Motor,05/11/2019,,708.8,5,8,East
6611,54,Female,Auto,09/11/2023,09/11/2024 0:00,834.91,3,1,West
6612,42,Male,Motor,03/09/2022,,1161.1,0,7,North
6613,22,Female,Home,13/01/2020,13/01/2021 0:00,1177.79,0,4,West
6614,26,Male,Home,19/03/2020,19/03/2022 0:00,649.54,2,10,East
6615,43,Male,Home,11/04/2022,11/04/2025 0:00,379.73,0,4,North
6616,56,Male,Home,07/02/2022,07/02/2024 0:00,395.55,2,4,West
6617,41,,Motor,27/05/2021,,675.35,0,4,West
6618,68,Female,Home,08/01/2023,08/01/2024 0:00,497.81,5,5,East
6619,30,Female,Auto,09/05/2023,09/05/2025 0:00,1130.85,3,3,East
6620,42,Female,Motor,28/02/2024,28/02/2025 0:00,740.47,5,9,East
6621,21,Male,Home,02/08/2020,02/08/2023 0:00,557.09,3,8,North
6622,18,Female,Auto,06/05/2020,06/05/2021 0:00,651.42,3,10,North
6623,,Female,Auto,19/10/2023,19/10/2026 0:00,318.16,2,9,West
6624,21,Male,Auto,31/07/2022,31/07/2024 0:00,695.08,3,3,East
6625,52,Female,Auto,02/04/2022,02/04/2025 0:00,821.4,3,2,North
6626,53,Male,Auto,24/04/2022,24/04/2023 0:00,329.05,3,4,South
6627,44,Male,Motor,16/08/2023,16/08/2025 0:00,346.49,1,6,North
6628,62,Female,Motor,12/10/2022,12/10/2023 0:00,669.83,3,5,South
6629,19,Female,Motor,27/12/2019,27/12/2021 0:00,1105.8,4,1,East
6630,64,Female,Auto,04/03/2022,04/03/2023 0:00,671.86,2,1,South
6631,45,Male,Auto,15/02/2021,15/02/2023 0:00,852.06,4,4,West
6632,22,Male,Auto,06/02/2021,06/02/2023 0:00,287.43,0,2,West
6633,59,Female,Auto,30/04/2023,30/04/2024 0:00,757.12,3,3,West
6634,37,Female,Motor,09/07/2024,,1378.92,0,5,West
6635,36,Male,Home,12/12/2019,12/12/2020 0:00,563.06,0,1,West
6636,43,Male,Motor,29/05/2024,29/05/2027 0:00,701.23,2,2,North
6637,31,Male,Home,26/03/2022,26/03/2025 0:00,681.93,4,5,West
6638,42,Female,Home,16/10/2021,16/10/2022 0:00,660.89,3,9,West
6639,70,Female,Home,19/09/2020,,1324.32,4,7,North
6640,43,Female,Home,24/07/2024,24/07/2027 0:00,716.21,5,10,West
6641,22,Female,Motor,25/08/2022,25/08/2024 0:00,347.97,2,10,West
6642,36,Female,Motor,03/04/2023,03/04/2025 0:00,608.71,1,10,East
6643,68,Male,Home,14/11/2021,14/11/2024 0:00,828.33,4,1,South
6644,34,Male,Motor,20/06/2022,20/06/2025 0:00,253.68,0,4,South
6645,23,Female,Auto,14/06/2024,14/06/2026 0:00,1081.82,3,7,North
6646,59,Male,Motor,28/12/2019,28/12/2020 0:00,invalid,4,7,South
6647,30,Male,Motor,24/10/2022,,1210.18,1,3,South
6648,19,Male,Motor,11/12/2021,11/12/2024 0:00,760.66,5,1,South
6649,51,Male,Auto,30/09/2021,30/09/2024 0:00,595.47,4,4,North
6650,67,Female,Auto,07/03/2020,07/03/2022 0:00,949.77,5,2,West
6651,49,Female,Home,07/09/2020,07/09/2021 0:00,1009.1,5,6,West
6652,57,Male,Auto,20/10/2020,20/10/2022 0:00,355.65,4,7,North
6653,39,Male,Motor,14/08/2022,,1280.96,5,7,North
6654,21,Male,Motor,10/07/2021,10/07/2023 0:00,1403.79,4,5,West
6655,30,Male,Motor,30/05/2020,30/05/2023 0:00,507.05,0,9,South
6656,43,Female,Auto,29/12/2023,29/12/2026 0:00,463.74,1,7,East
6657,70,Male,Motor,18/08/2020,18/08/2022 0:00,649.13,4,1,West
6658,43,Female,Motor,04/01/2023,,1333.51,2,6,South
6659,30,Female,Auto,21/04/2021,21/04/2024 0:00,1390.48,1,7,South
6660,55,Female,Home,23/08/2023,23/08/2026 0:00,748.82,2,8,North
6661,42,Male,Motor,14/09/2023,14/09/2024 0:00,637.69,3,10,West
6662,66,Male,Motor,30/03/2021,,780.18,4,7,East
6663,20,Female,Motor,17/06/2021,17/06/2022 0:00,554.52,0,4,East
6664,,Female,Home,23/02/2020,23/02/2021 0:00,531.22,5,4,East
6665,53,Male,Motor,27/06/2024,27/06/2025 0:00,1202.63,3,2,East
6666,70,Male,Home,29/09/2022,29/09/2023 0:00,1107.38,4,7,South
6667,21,Male,Home,14/07/2020,14/07/2022 0:00,1294.9,0,2,South
6668,24,Female,Home,20/03/2022,20/03/2025 0:00,1468.19,4,9,South
6669,47,Female,Motor,18/03/2024,,966.97,3,9,South
6670,39,Male,Auto,18/12/2022,18/12/2025 0:00,435.84,2,4,West
6671,59,Female,Home,19/06/2024,19/06/2026 0:00,1450.53,0,3,East
6672,64,Female,Motor,22/03/2023,,1347.31,5,9,West
6673,23,Female,Auto,29/10/2023,29/10/2025 0:00,1341.49,0,7,South
6674,61,Male,Motor,16/07/2024,16/07/2027 0:00,870.57,3,4,West
6675,53,Female,Motor,12/07/2022,12/07/2025 0:00,1033.91,5,6,South
6676,28,Male,Motor,05/07/2023,05/07/2025 0:00,1375.69,2,1,North
6677,31,Female,Home,11/07/2020,11/07/2023 0:00,1056.72,4,6,North
6678,68,Female,Motor,24/02/2022,24/02/2023 0:00,789.6,1,3,South
6679,33,Male,Motor,14/07/2024,,281.25,0,1,West
6680,66,Male,Home,11/09/2023,11/09/2024 0:00,1159.4,4,10,West
6681,42,Male,Motor,15/10/2022,15/10/2023 0:00,1052.66,5,10,West
6682,58,Male,Home,23/12/2020,23/12/2021 0:00,1062.09,0,7,North
6683,24,Female,Home,10/06/2023,10/06/2025 0:00,329.52,3,7,West
6684,18,Female,Motor,03/12/2023,,499.24,0,3,West
6685,52,Male,Auto,01/12/2023,01/12/2024 0:00,531.9,2,4,West
6686,38,Male,Motor,14/11/2023,,1489.13,5,8,South
6687,57,Male,Auto,11/07/2023,11/07/2026 0:00,1238.67,2,1,North
6688,35,Female,Motor,11/11/2020,,1280.12,3,5,North
6689,60,Female,Motor,22/01/2024,,731.09,5,2,South
6690,50,Male,Motor,17/11/2021,,621.19,3,1,South
6691,49,Female,Motor,24/03/2023,24/03/2026 0:00,829.67,0,4,East
6692,26,Male,Home,15/07/2024,15/07/2026 0:00,252.09,4,6,West
6693,44,Male,Motor,16/09/2023,,794.41,1,7,East
6694,54,Male,Home,24/06/2022,24/06/2024 0:00,446.34,1,2,South
6695,63,Female,Auto,10/05/2021,10/05/2023 0:00,424.16,4,5,South
6696,24,Female,Motor,19/01/2024,19/01/2026 0:00,296.9,1,5,South
6697,32,Female,Motor,25/07/2020,,1074.9,4,2,North
6698,46,Male,Auto,03/07/2022,03/07/2024 0:00,661.66,2,7,North
6699,59,Male,Auto,23/10/2023,23/10/2024 0:00,782.24,3,1,East
6700,27,Male,Home,13/02/2024,13/02/2026 0:00,1068.6,4,8,West
6701,49,Female,Motor,01/04/2024,,881.06,4,4,South
6702,52,Male,Motor,15/11/2019,,451.92,2,5,West
6703,34,Female,Motor,14/07/2021,,1170.99,,3,South
6704,28,Female,Motor,24/05/2021,,1054.31,0,4,West
6705,55,Male,Motor,05/09/2023,05/09/2024 0:00,542.26,0,9,South
6706,28,Male,Motor,04/02/2023,,1246.92,4,5,East
6707,65,Female,Motor,16/05/2023,,995.4,5,6,South
6708,40,Male,Auto,10/11/2019,10/11/2021 0:00,1289.24,3,4,North
6709,53,,Motor,18/01/2023,18/01/2025 0:00,1383.58,5,10,West
6710,25,Female,Home,16/05/2024,16/05/2025 0:00,381.68,3,10,West
6711,50,Female,Motor,21/10/2022,21/10/2025 0:00,1152.2,0,2,East
6712,50,Female,Home,22/03/2021,22/03/2023 0:00,1286.15,3,1,East
6713,27,,Motor,03/01/2021,03/01/2024 0:00,1248.42,0,3,West
6714,37,Female,Motor,05/12/2019,,1149.63,1,3,East
6715,44,Male,Motor,13/08/2022,,1139.77,0,7,West
6716,64,Female,Motor,19/04/2023,,1217.94,2,9,South
6717,31,Male,Motor,16/04/2022,,496.55,5,6,North
6718,30,Female,Motor,22/06/2020,,1217.01,5,10,North
6719,39,Female,Motor,13/05/2023,13/05/2024 0:00,1251.62,2,3,North
6720,23,Female,Motor,08/07/2024,,296.3,4,10,East
6721,60,Female,Motor,14/12/2019,,1021.16,0,9,South
6722,70,Female,Motor,15/08/2024,,430.1,3,,North
6723,20,Female,Motor,29/11/2019,29/11/2020 0:00,597.59,2,2,West
6724,20,Female,Home,25/04/2024,25/04/2026 0:00,285.28,2,4,West
6725,62,Female,Auto,09/09/2024,09/09/2026 0:00,1054.59,0,9,West
6726,40,Female,Motor,17/08/2023,,1481.22,0,8,West
6727,70,Female,Auto,04/09/2021,,1196.71,,2,South
6728,47,Female,Auto,24/09/2019,24/09/2022 0:00,1113.34,0,4,South
6729,43,Male,Motor,26/09/2023,,1071.02,5,9,South
6730,39,Female,Auto,07/03/2021,07/03/2022 0:00,invalid,2,10,East
6731,59,Male,Auto,26/01/2024,26/01/2027 0:00,1329.64,5,8,South
6732,37,Female,Home,27/04/2022,27/04/2025 0:00,980.38,4,10,North
6733,59,Female,Auto,20/01/2020,20/01/2023 0:00,820.43,1,9,South
6734,35,Male,Auto,14/12/2023,14/12/2026 0:00,1435.28,2,1,West
6735,45,Female,Motor,26/09/2023,,1272.8,1,6,East
6736,,Female,Home,09/02/2020,09/02/2022 0:00,272.13,1,5,North
6737,38,Male,Auto,04/07/2024,04/07/2026 0:00,784.92,2,4,West
6738,25,Female,Auto,16/06/2021,16/06/2023 0:00,1025.53,4,2,East
6739,64,Male,Auto,19/10/2023,19/10/2024 0:00,840.05,3,10,West
6740,65,Female,Auto,01/02/2022,01/02/2023 0:00,772.62,4,3,South
6741,19,Female,Home,03/06/2022,03/06/2024 0:00,1125.26,4,2,East
6742,64,Male,Motor,12/02/2024,,926.08,0,8,South
6743,62,Male,Home,27/02/2020,27/02/2022 0:00,388.58,2,9,West
6744,27,Female,Motor,09/10/2020,,1398.53,,2,South
6745,32,Female,Auto,03/03/2022,03/03/2025 0:00,534.62,3,5,East
6746,43,Female,Motor,25/09/2022,25/09/2023 0:00,454.55,5,1,North
6747,24,Male,Auto,20/07/2020,20/07/2023 0:00,394.43,5,4,South
6748,62,Male,Motor,07/09/2020,,1146.14,4,7,East
6749,20,Female,Motor,27/12/2023,27/12/2026 0:00,1374.8,4,5,North
6750,29,Male,Motor,10/10/2021,,501.34,2,2,North
6751,28,Female,Home,26/05/2020,26/05/2023 0:00,1230.25,2,6,North
6752,58,Female,Motor,24/03/2023,24/03/2026 0:00,903.88,2,7,East
6753,47,Female,Motor,26/02/2022,26/02/2023 0:00,588.66,3,1,South
6754,41,Male,Motor,11/12/2020,11/12/2023 0:00,676.3,2,2,South
6755,28,Male,Auto,08/11/2022,08/11/2023 0:00,410.7,1,9,South
6756,24,Female,Auto,01/01/2020,01/01/2023 0:00,1231.82,0,5,North
6757,57,Female,Home,13/07/2024,13/07/2026 0:00,1246.08,4,8,North
6758,68,Male,Motor,14/11/2020,,1407.25,4,3,South
6759,30,Female,Home,14/02/2024,14/02/2027 0:00,402.31,4,9,West
6760,38,Male,Auto,05/10/2022,05/10/2025 0:00,928.92,5,9,South
6761,60,Male,Home,27/10/2020,27/10/2023 0:00,569.81,0,4,East
6762,60,Female,Motor,28/07/2024,28/07/2025 0:00,1241.92,3,10,East
6763,66,Male,Motor,25/12/2021,25/12/2023 0:00,625.3,3,10,North
6764,21,Female,Home,09/10/2023,09/10/2024 0:00,376.8,0,7,North
6765,52,,Motor,14/08/2021,14/08/2022 0:00,861.69,0,1,West
6766,20,Female,Auto,07/03/2021,07/03/2024 0:00,457.2,1,3,North
6767,43,Male,Auto,18/12/2022,18/12/2025 0:00,459.39,5,5,West
6768,56,Female,Auto,26/01/2021,26/01/2023 0:00,1030.05,5,10,North
6769,58,Male,Home,23/12/2019,23/12/2022 0:00,1040.91,5,9,North
6770,43,Male,Home,26/08/2020,,942.95,3,2,North
6771,70,Male,Home,20/09/2024,20/09/2027 0:00,672.65,5,7,North
6772,39,Male,Motor,04/06/2022,04/06/2025 0:00,1102.15,4,9,South
6773,33,Female,Motor,15/07/2020,,727.52,4,2,West
6774,46,Female,Motor,05/12/2019,05/12/2021 0:00,327.42,2,2,West
6775,50,Female,Auto,24/01/2021,24/01/2024 0:00,730.41,1,5,West
6776,68,Female,Home,06/04/2022,06/04/2023 0:00,1281.61,4,2,North
6777,24,Female,Motor,30/06/2021,,847.06,5,7,South
6778,48,Female,Motor,09/01/2020,,566.8,0,7,North
6779,50,Male,Motor,31/10/2019,31/10/2022 0:00,1434.17,5,1,East
6780,,Male,Motor,02/01/2022,,1049.59,1,1,South
6781,51,Male,Motor,08/07/2023,08/07/2024 0:00,716.51,0,4,South
6782,54,Female,Motor,21/01/2021,21/01/2024 0:00,1239.35,2,8,North
6783,19,Female,Motor,05/03/2023,,785.96,4,10,East
6784,55,Female,Auto,09/07/2022,,457.42,4,4,East
6785,34,Male,Motor,07/07/2021,,446.36,3,10,South
6786,40,Male,Unknown,02/04/2021,02/04/2024 0:00,391.04,3,5,North
6787,55,Male,Home,23/04/2021,,496.4,3,8,North
6788,19,Female,Motor,23/09/2019,23/09/2021 0:00,702.87,2,5,East
6789,61,Female,Auto,05/09/2024,05/09/2027 0:00,700.77,3,4,South
6790,34,Male,Motor,14/11/2020,14/11/2022 0:00,714.64,3,7,East
6791,41,Male,Auto,07/11/2020,07/11/2022 0:00,1396.62,4,1,West
6792,59,Female,Auto,08/05/2021,08/05/2024 0:00,302.38,5,6,West
6793,36,Female,Auto,13/08/2024,13/08/2026 0:00,1347.77,0,9,South
6794,41,Male,Motor,11/06/2021,11/06/2022 0:00,1334.79,5,4,South
6795,24,Female,Auto,01/02/2023,01/02/2026 0:00,505.58,4,8,South
6796,57,Female,Auto,13/07/2020,13/07/2023 0:00,1174.13,3,2,West
6797,34,Male,Auto,23/07/2021,23/07/2024 0:00,1304.85,4,1,North
6798,24,Female,Auto,01/09/2020,01/09/2023 0:00,633.3,5,5,North
6799,56,Male,Motor,13/12/2021,13/12/2023 0:00,462.37,3,1,East
6800,66,Female,Motor,29/08/2022,,917.61,1,2,West
6801,55,Male,Home,21/02/2021,21/02/2022 0:00,731.68,2,5,West
6802,60,Female,Motor,02/02/2024,02/02/2027 0:00,688.89,2,4,East
6803,64,Female,Home,20/09/2023,20/09/2026 0:00,395.37,4,1,West
6804,32,Male,Motor,07/10/2021,,1220.44,0,4,East
6805,39,Female,Motor,14/04/2022,,433.65,0,8,West
6806,61,Male,Auto,05/03/2022,05/03/2023 0:00,365.91,3,2,North
6807,54,Female,Home,30/09/2023,30/09/2025 0:00,278.91,1,6,South
6808,21,Female,Motor,04/06/2024,04/06/2025 0:00,698.31,2,6,North
6809,50,Female,Auto,21/10/2022,21/10/2025 0:00,1162.67,0,6,South
6810,21,Male,Motor,06/03/2023,,1260.5,3,8,West
6811,59,Male,Auto,11/01/2023,11/01/2026 0:00,1448.26,0,4,East
6812,60,Male,Home,13/11/2022,13/11/2024 0:00,264.6,1,9,South
6813,42,Female,Motor,31/05/2023,31/05/2025 0:00,1090.77,5,1,East
6814,27,Male,Motor,27/01/2020,,320.37,1,10,West
6815,41,Female,Motor,18/03/2023,18/03/2026 0:00,434.66,2,6,West
6816,40,Female,Motor,12/09/2021,12/09/2022 0:00,790.95,0,2,East
6817,66,Male,Home,18/08/2020,18/08/2022 0:00,1251.61,0,2,North
6818,48,Female,Motor,10/11/2019,,683.49,2,8,North
6819,44,Male,Auto,03/01/2020,03/01/2021 0:00,1163.93,2,8,East
6820,30,Female,Motor,06/03/2024,06/03/2026 0:00,659.03,0,,North
6821,37,Female,Motor,07/04/2020,,582.54,1,10,North
6822,63,Female,Motor,12/03/2021,12/03/2024 0:00,406.49,3,9,North
6823,,Male,Home,27/04/2021,27/04/2024 0:00,1408.25,3,1,North
6824,33,Male,Motor,22/03/2022,,841.33,0,9,North
6825,53,Male,Motor,02/12/2021,02/12/2023 0:00,373.69,4,4,South
6826,34,Female,Motor,28/05/2022,,1038.22,4,10,West
6827,62,Female,Motor,07/08/2023,07/08/2026 0:00,251.57,5,1,East
6828,40,Male,Motor,02/11/2020,02/11/2022 0:00,1043.38,3,9,North
6829,34,Female,Motor,05/05/2021,05/05/2022 0:00,640.13,0,3,South
6830,39,Female,Motor,28/10/2020,28/10/2022 0:00,1418.31,2,2,West
6831,44,Female,Auto,17/06/2020,17/06/2023 0:00,977.16,2,2,West
6832,45,Male,Motor,13/03/2022,13/03/2023 0:00,1335.23,2,,South
6833,42,Male,Motor,26/07/2024,26/07/2027 0:00,427.26,4,2,East
6834,23,Female,Home,25/03/2020,25/03/2022 0:00,747.03,2,1,West
6835,56,Female,Motor,24/11/2023,24/11/2024 0:00,664.88,2,9,East
6836,58,Female,Home,27/08/2020,27/08/2023 0:00,661.87,4,8,South
6837,44,Male,Home,06/06/2022,06/06/2023 0:00,779.99,3,2,South
6838,23,Male,Motor,23/12/2023,,918.29,1,10,South
6839,,Female,Auto,12/06/2023,12/06/2024 0:00,1093.91,3,5,East
6840,56,Female,Motor,27/05/2022,,531.54,0,5,North
6841,67,Male,Motor,03/10/2021,03/10/2023 0:00,426.84,1,8,North
6842,,Female,Motor,21/01/2020,,371.87,0,5,North
6843,66,Male,Auto,10/07/2020,10/07/2021 0:00,664.15,0,9,West
6844,50,Male,Home,29/09/2019,29/09/2020 0:00,880.53,3,3,East
6845,30,Male,Home,10/12/2019,10/12/2022 0:00,436.18,4,10,North
6846,56,Male,Motor,24/04/2022,,966.7,1,10,East
6847,23,Female,Auto,21/10/2021,21/10/2023 0:00,1038.95,1,5,South
6848,31,Female,Home,20/12/2023,20/12/2025 0:00,281.09,2,7,North
6849,53,Male,Auto,15/12/2023,15/12/2024 0:00,810.5,4,3,East
6850,68,Male,Home,25/06/2021,25/06/2023 0:00,1189.44,4,3,South
6851,36,Female,Auto,12/09/2022,12/09/2025 0:00,1455.1,4,1,South
6852,42,Female,Motor,14/06/2024,,273.62,1,3,East
6853,35,Male,Auto,20/04/2024,20/04/2027 0:00,901.35,1,4,North
6854,63,Male,Motor,07/10/2021,,1100.97,3,7,South
6855,70,Female,Home,08/04/2022,08/04/2025 0:00,1401.47,0,9,East
6856,54,Male,Motor,14/12/2021,,1148.11,2,6,North
6857,32,Female,Home,09/12/2023,09/12/2025 0:00,1204.52,1,7,North
6858,23,Male,Auto,03/10/2023,03/10/2026 0:00,677.36,3,6,West
6859,27,Female,Motor,01/10/2022,,962.76,5,1,East
6860,57,Female,Home,09/11/2022,09/11/2024 0:00,1268.36,5,1,West
6861,36,Male,Home,18/07/2024,18/07/2026 0:00,826.23,3,6,South
6862,21,Female,Home,16/12/2020,16/12/2022 0:00,1189.76,0,1,West
6863,36,Male,Motor,20/10/2019,,1036.16,2,4,West
6864,66,Male,Auto,22/01/2022,22/01/2025 0:00,1387.84,4,8,West
6865,18,Male,Unknown,23/02/2024,23/02/2026 0:00,1171.7,1,4,East
6866,21,,Home,03/12/2019,03/12/2021 0:00,1176.25,1,8,South
6867,61,Female,Home,08/08/2024,08/08/2026 0:00,328.46,1,1,East
6868,65,Female,Home,01/10/2023,01/10/2025 0:00,703.68,2,10,East
6869,44,Female,Motor,17/04/2021,17/04/2023 0:00,781.43,4,10,North
6870,27,Female,Home,16/10/2021,16/10/2024 0:00,1224.19,5,2,North
6871,53,Male,Home,29/12/2022,29/12/2025 0:00,389.24,2,3,East
6872,70,Male,Motor,20/10/2020,,538.28,1,6,East
6873,21,Male,Auto,19/01/2022,19/01/2025 0:00,1454.85,0,4,East
6874,44,Female,Motor,12/08/2023,12/08/2024 0:00,646.6,5,9,East
6875,45,Female,Motor,07/05/2021,07/05/2024 0:00,1317.22,3,6,South
6876,70,Female,Auto,11/10/2019,11/10/2020 0:00,658.84,3,1,East
6877,45,Male,Motor,11/04/2020,,838.56,1,3,South
6878,66,Male,Motor,25/09/2021,,1499.27,4,2,West
6879,40,Female,Auto,08/09/2024,08/09/2026 0:00,1134.1,1,,East
6880,31,Female,Motor,07/06/2022,07/06/2024 0:00,806.51,3,7,East
6881,28,Female,Motor,18/10/2020,18/10/2021 0:00,940.16,2,10,West
6882,51,Male,Motor,26/10/2022,26/10/2024 0:00,656.56,5,10,West
6883,28,Female,Motor,15/06/2020,,1499.04,3,6,North
6884,45,Female,Home,23/01/2024,23/01/2025 0:00,1399.1,3,4,East
6885,53,Female,Motor,05/01/2020,05/01/2023 0:00,1029.71,1,8,East
6886,26,Female,Home,24/04/2022,24/04/2025 0:00,879.92,0,3,East
6887,46,Female,Motor,13/12/2021,13/12/2023 0:00,401.39,5,2,North
6888,22,Male,Auto,07/07/2021,07/07/2022 0:00,1392.97,0,8,East
6889,47,Female,Motor,14/01/2020,14/01/2023 0:00,333.9,1,2,North
6890,69,Female,Motor,15/08/2022,15/08/2025 0:00,1442.04,2,10,East
6891,57,Male,Auto,30/10/2019,30/10/2022 0:00,559.9,5,8,West
6892,43,Female,Motor,24/06/2024,24/06/2026 0:00,1323.46,3,1,South
6893,20,Male,Auto,03/05/2022,03/05/2023 0:00,316.24,5,8,West
6894,31,Male,Motor,15/09/2020,15/09/2021 0:00,1158.7,3,6,East
6895,48,Male,Auto,01/09/2024,01/09/2025 0:00,743.74,3,10,North
6896,59,Female,Motor,10/02/2021,10/02/2024 0:00,972.21,4,1,West
6897,38,Male,Auto,10/11/2022,10/11/2023 0:00,262.19,2,5,North
6898,53,Female,Motor,30/11/2022,,852.89,2,8,East
6899,48,Male,Home,15/11/2021,15/11/2022 0:00,502.09,2,2,South
6900,48,Female,Motor,26/02/2024,26/02/2026 0:00,616.84,3,4,East
6901,21,Male,Motor,07/12/2022,,711.45,1,3,North
6902,40,Male,Motor,02/06/2020,,1009.96,4,8,North
6903,66,Female,Motor,08/08/2021,,1107.32,1,5,North
6904,56,Female,Home,25/02/2020,,1358.35,4,6,West
6905,58,Male,Home,01/04/2022,,1416.64,2,7,South
6906,47,Female,Motor,18/07/2021,18/07/2022 0:00,1171.26,4,8,East
6907,27,Female,Auto,26/06/2022,26/06/2024 0:00,420.96,0,1,West
6908,67,Female,Motor,19/01/2024,19/01/2027 0:00,715.37,5,7,East
6909,59,Female,Motor,14/03/2024,14/03/2025 0:00,1433.78,2,5,South
6910,52,Male,Motor,06/02/2020,06/02/2023 0:00,666.12,3,9,North
6911,21,Female,Motor,11/11/2020,,951.15,1,5,North
6912,30,Male,Motor,12/02/2020,12/02/2023 0:00,1300.67,3,10,North
6913,61,Female,Motor,19/10/2023,19/10/2026 0:00,988.23,1,1,West
6914,32,Female,Auto,23/07/2023,23/07/2026 0:00,1315.94,3,3,East
6915,27,Female,Motor,28/01/2022,28/01/2025 0:00,908.6,0,6,North
6916,41,Female,Motor,27/05/2020,,583.32,3,6,West
6917,52,Male,Auto,18/07/2020,18/07/2021 0:00,651.09,4,5,West
6918,37,Female,Motor,22/01/2022,,1113.33,5,,South
6919,50,Female,Home,18/08/2021,18/08/2022 0:00,312.57,5,1,East
6920,63,Male,Motor,27/12/2021,27/12/2024 0:00,838.71,1,8,South
6921,54,Female,Auto,16/06/2021,16/06/2023 0:00,908.56,3,1,South
6922,51,Female,Home,25/05/2023,25/05/2026 0:00,1472.3,1,4,East
6923,45,Male,Home,14/09/2021,14/09/2024 0:00,691.59,4,6,North
6924,18,Female,Home,04/09/2024,04/09/2025 0:00,323.18,3,9,West
6925,23,Female,Home,13/12/2023,13/12/2025 0:00,1456.32,4,2,West
6926,49,Male,Home,21/05/2022,21/05/2025 0:00,794.27,2,5,South
6927,43,Female,Auto,26/06/2023,,671.32,,8,East
6928,19,Female,Motor,05/08/2021,05/08/2024 0:00,928.78,4,10,North
6929,41,Female,Unknown,08/02/2023,08/02/2024 0:00,1271.08,4,4,North
6930,40,Male,Home,17/10/2019,17/10/2022 0:00,965.01,1,4,East
6931,43,,Auto,26/03/2024,26/03/2026 0:00,1000.84,3,6,South
6932,22,Male,Motor,12/09/2024,,273.14,,6,East
6933,65,Male,Motor,29/11/2020,,1351.67,4,4,North
6934,64,Female,Motor,20/10/2022,,967.76,2,7,South
6935,36,Female,Motor,12/01/2020,12/01/2023 0:00,576.79,5,1,North
6936,54,Male,Motor,22/07/2020,,592.5,4,5,West
6937,57,Female,Motor,27/09/2021,,445.56,3,8,West
6938,20,Female,Auto,09/11/2023,09/11/2026 0:00,796.34,1,,North
6939,45,Male,Home,08/12/2021,08/12/2023 0:00,430.9,3,6,West
6940,52,Male,Motor,17/06/2024,17/06/2025 0:00,553,3,1,West
6941,45,Female,Motor,05/03/2021,05/03/2023 0:00,1112.97,4,10,East
6942,44,Male,Motor,08/10/2022,08/10/2023 0:00,617.34,3,3,East
6943,41,Male,Motor,26/10/2021,,1048.47,4,8,West
6944,22,Female,Motor,04/10/2022,04/10/2024 0:00,1330.42,0,3,North
6945,55,Female,Motor,23/10/2021,,1175.37,1,7,South
6946,46,Female,Motor,04/04/2024,,649.53,4,8,West
6947,63,Female,Motor,25/10/2019,25/10/2020 0:00,1350.55,4,6,North
6948,25,Male,Motor,17/12/2019,17/12/2020 0:00,532.53,5,8,East
6949,60,Female,Motor,11/05/2023,11/05/2024 0:00,1116.18,4,7,East
6950,30,Male,Auto,10/05/2022,10/05/2025 0:00,493.85,0,1,South
6951,68,Female,Motor,25/02/2022,,1042.62,,7,East
6952,37,Female,Auto,07/04/2024,07/04/2026 0:00,1488.81,4,4,East
6953,25,Female,Auto,03/05/2024,03/05/2026 0:00,300.89,5,9,North
6954,45,Female,Home,10/11/2019,10/11/2021 0:00,705.68,2,8,East
6955,33,Male,Motor,30/01/2021,,1068.29,,6,North
6956,32,Male,Motor,28/07/2024,28/07/2025 0:00,389.26,1,3,West
6957,36,Female,Home,20/01/2020,20/01/2021 0:00,928.56,2,4,South
6958,55,Female,Auto,27/05/2023,27/05/2025 0:00,661.46,5,10,West
6959,44,Female,Home,13/05/2024,13/05/2026 0:00,525.75,5,5,East
6960,53,,Home,04/05/2022,04/05/2024 0:00,405.36,1,8,South
6961,18,Female,Motor,08/06/2022,,866.85,,6,West
6962,50,Male,Home,20/08/2023,20/08/2025 0:00,764.23,0,8,West
6963,62,Male,Motor,25/08/2024,25/08/2026 0:00,1279.73,3,5,West
6964,65,Male,Home,29/03/2021,29/03/2022 0:00,648.37,2,2,North
6965,21,Male,Motor,06/02/2022,06/02/2023 0:00,1170.37,1,8,South
6966,40,Female,Auto,11/09/2020,11/09/2023 0:00,853.65,2,7,West
6967,61,Female,Home,16/06/2024,16/06/2025 0:00,1341.84,0,3,West
6968,27,Male,Motor,19/02/2024,19/02/2027 0:00,1149.5,5,3,South
6969,36,Female,Home,24/11/2022,24/11/2025 0:00,1212.82,,5,North
6970,36,Male,Motor,20/06/2021,,401.04,0,10,East
6971,22,Male,Motor,01/10/2019,01/10/2022 0:00,337.57,2,9,South
6972,41,Male,Home,08/09/2022,08/09/2025 0:00,695.24,1,7,East
6973,20,Male,Auto,03/09/2024,03/09/2025 0:00,984.19,1,1,West
6974,52,Female,Motor,28/07/2022,,1290.27,1,,West
6975,44,Male,Home,04/03/2023,04/03/2024 0:00,1039.53,3,10,East
6976,65,Male,Motor,09/03/2022,09/03/2024 0:00,1358.48,3,9,North
6977,36,Female,Motor,05/11/2023,05/11/2025 0:00,1377.72,4,10,North
6978,23,Female,Motor,19/12/2021,19/12/2023 0:00,827.71,4,1,West
6979,46,Male,Motor,17/08/2020,,987.85,,2,South
6980,36,Female,Motor,19/10/2022,19/10/2025 0:00,1121.79,5,4,East
6981,39,Female,Motor,01/09/2024,01/09/2027 0:00,951.34,3,7,South
6982,55,Male,Home,04/02/2020,04/02/2023 0:00,1335.2,4,2,West
6983,22,Female,Auto,03/10/2023,03/10/2025 0:00,880.89,4,3,West
6984,21,Male,Home,23/12/2022,,1109.21,3,1,North
6985,60,Male,Auto,07/06/2020,07/06/2023 0:00,1409.74,0,4,North
6986,36,Female,Motor,10/07/2022,10/07/2023 0:00,960.15,3,4,North
6987,55,Female,Motor,01/09/2020,,913.46,1,,East
6988,22,Male,Auto,02/03/2022,02/03/2025 0:00,864.62,1,9,East
6989,20,Female,Auto,24/03/2020,24/03/2023 0:00,1221.8,3,10,East
6990,64,Female,Motor,27/02/2021,27/02/2023 0:00,817.65,3,10,West
6991,38,Male,Motor,14/06/2021,,537.78,5,6,West
6992,36,Male,Auto,09/10/2019,09/10/2021 0:00,1317.19,4,8,West
6993,36,Female,Home,01/10/2023,01/10/2026 0:00,308.63,1,8,East
6994,30,Female,Motor,26/11/2023,,1225.18,1,8,East
6995,27,Male,Home,01/11/2023,01/11/2025 0:00,1223.93,2,7,East
6996,22,Male,Motor,10/08/2023,,708.14,4,,North
6997,64,Male,Motor,13/08/2022,13/08/2025 0:00,651.39,0,8,South
6998,18,Female,Home,09/05/2023,09/05/2026 0:00,913.74,2,10,West
6999,29,Female,Auto,16/04/2023,16/04/2026 0:00,1263.31,1,6,West
7000,55,Female,Home,15/04/2024,15/04/2025 0:00,586.04,2,4,East
7001,25,Male,Motor,01/06/2023,,962.61,0,2,East
7002,32,Male,Auto,14/09/2022,,349.94,0,9,North
7003,48,Male,Motor,28/03/2020,28/03/2023 0:00,1212.66,0,3,North
7004,55,Female,Motor,29/05/2020,29/05/2022 0:00,1273.65,1,4,West
7005,48,Female,Home,11/01/2023,11/01/2026 0:00,302.21,5,4,East
7006,62,Male,Motor,07/03/2020,07/03/2022 0:00,846.41,5,2,East
7007,66,Female,Auto,06/10/2021,06/10/2023 0:00,435.37,2,7,West
7008,70,Male,Motor,26/07/2023,26/07/2025 0:00,685.24,3,2,West
7009,19,Female,Motor,03/09/2023,03/09/2025 0:00,1039.6,2,1,East
7010,59,Male,Home,28/08/2024,28/08/2026 0:00,1026.13,1,,East
7011,40,Male,Motor,11/05/2024,,908.39,0,9,South
7012,56,Male,Motor,11/03/2021,,1142.78,4,1,West
7013,35,Male,Auto,27/02/2021,27/02/2022 0:00,399.6,3,,South
7014,32,Female,Home,18/05/2024,18/05/2025 0:00,1324.92,2,1,East
7015,45,Female,Motor,30/07/2021,30/07/2022 0:00,525.84,4,10,West
7016,55,Male,Auto,17/10/2020,17/10/2022 0:00,942.9,,3,West
7017,48,Female,Auto,28/07/2020,28/07/2023 0:00,invalid,4,4,South
7018,66,Female,Home,09/10/2021,09/10/2023 0:00,301.19,1,4,East
7019,20,Male,Home,08/05/2022,08/05/2025 0:00,1192.47,0,4,North
7020,32,Female,Auto,29/06/2024,29/06/2026 0:00,640.02,3,5,East
7021,33,Female,Home,10/11/2022,10/11/2024 0:00,418.14,4,4,South
7022,56,Male,Motor,16/09/2020,,629.23,0,7,West
7023,22,Male,Motor,23/09/2022,,351.08,3,7,South
7024,46,Female,Auto,18/04/2022,18/04/2025 0:00,584.05,0,7,North
7025,64,Female,Auto,14/02/2024,14/02/2026 0:00,1011.45,3,9,South
7026,37,Male,Home,17/05/2022,17/05/2025 0:00,316.75,3,8,West
7027,68,Male,Home,22/02/2023,22/02/2025 0:00,324.35,4,1,South
7028,23,Female,Auto,30/10/2023,30/10/2025 0:00,1002.98,,9,East
7029,67,Female,Auto,09/10/2020,09/10/2022 0:00,556.1,4,5,East
7030,26,Female,Home,04/11/2020,04/11/2022 0:00,343.39,3,3,North
7031,61,Female,Motor,08/11/2020,08/11/2021 0:00,1187,5,6,East
7032,59,Male,Motor,20/08/2020,,866.41,2,1,West
7033,37,Female,Home,15/08/2022,15/08/2023 0:00,1148.58,3,1,North
7034,65,Female,Auto,21/12/2023,21/12/2025 0:00,1186.28,1,6,West
7035,70,Male,Auto,14/11/2020,14/11/2023 0:00,985.11,1,5,South
7036,49,Male,Auto,28/09/2019,28/09/2021 0:00,894,4,7,North
7037,69,Female,Motor,03/12/2023,03/12/2026 0:00,1122.39,2,2,North
7038,49,Female,Home,14/10/2019,14/10/2020 0:00,970.31,5,6,East
7039,54,Female,Home,02/01/2022,02/01/2024 0:00,1478.74,4,9,East
7040,37,Male,Auto,06/12/2021,06/12/2022 0:00,1217.52,5,7,North
7041,45,Female,Motor,08/03/2022,,640.74,3,7,South
7042,57,Male,Motor,16/01/2024,,1253.15,4,10,West
7043,45,Male,Home,06/03/2021,06/03/2024 0:00,299.19,0,1,West
7044,32,Female,Home,14/06/2021,14/06/2024 0:00,474.44,5,5,East
7045,24,Male,Motor,17/09/2020,,607.43,3,10,North
7046,61,Male,Motor,03/11/2021,,1099.88,0,10,North
7047,52,Female,Auto,23/06/2022,23/06/2024 0:00,1436.46,5,5,North
7048,39,Male,Motor,12/08/2020,,1105.91,4,10,South
7049,63,Female,Motor,07/02/2020,07/02/2021 0:00,264.26,0,,South
7050,52,Female,Motor,16/11/2020,16/11/2023 0:00,1188.87,0,6,East
7051,47,Male,Motor,12/09/2021,12/09/2024 0:00,707.98,5,10,South
7052,31,,Auto,07/09/2022,07/09/2024 0:00,1355.92,5,,East
7053,51,Male,Home,20/07/2023,20/07/2026 0:00,1114.17,1,8,East
7054,36,Female,Motor,22/05/2022,,1467.63,2,10,North
7055,68,Female,Home,19/08/2024,19/08/2026 0:00,1010.23,0,3,South
7056,46,Female,Home,26/09/2019,26/09/2021 0:00,958.23,5,3,South
7057,43,Male,Home,10/04/2024,10/04/2026 0:00,283.74,3,9,East
7058,54,Female,Motor,03/09/2020,03/09/2023 0:00,1453.13,1,5,North
7059,26,Female,Motor,03/08/2020,,814,3,5,North
7060,25,Male,Auto,14/07/2021,14/07/2024 0:00,964.57,2,8,South
7061,58,Male,Auto,19/03/2022,19/03/2024 0:00,394.95,1,5,West
7062,40,Male,Auto,22/01/2023,22/01/2026 0:00,1083.23,3,3,South
7063,63,Male,Auto,03/08/2022,03/08/2023 0:00,1420.65,,6,East
7064,32,Male,Auto,14/10/2022,14/10/2025 0:00,270.79,3,1,South
7065,35,Male,Motor,30/11/2023,,1311.42,0,2,West
7066,66,Male,Motor,02/11/2022,02/11/2025 0:00,862.19,3,5,East
7067,45,Female,Motor,10/01/2021,10/01/2023 0:00,1109.38,5,9,South
7068,21,Male,Motor,26/05/2022,,654.33,2,5,North
7069,53,Male,Auto,04/07/2024,04/07/2026 0:00,1073.52,3,9,South
7070,52,Female,Home,15/05/2022,15/05/2023 0:00,1041.1,1,3,West
7071,19,Female,Motor,28/02/2020,28/02/2023 0:00,512.11,4,9,East
7072,42,Female,Motor,17/07/2021,,1197.04,4,,West
7073,48,Male,Auto,04/10/2021,04/10/2022 0:00,1086.28,3,5,West
7074,32,Female,Motor,24/03/2022,24/03/2025 0:00,1253.7,4,1,West
7075,20,Male,Motor,12/03/2024,12/03/2025 0:00,1132.71,3,8,East
7076,63,Male,Home,19/12/2021,19/12/2024 0:00,628.87,4,6,South
7077,24,Female,Motor,16/04/2020,16/04/2023 0:00,1391.36,3,7,South
7078,30,Male,Motor,09/10/2020,09/10/2021 0:00,457.14,0,4,South
7079,28,Female,Motor,03/05/2022,03/05/2023 0:00,863.41,4,10,South
7080,19,Male,Motor,06/04/2021,,1071.6,2,6,West
7081,34,Male,Motor,03/12/2023,,1145.2,1,2,East
7082,59,Male,Motor,24/04/2022,,1089.05,2,8,North
7083,54,Female,Auto,05/03/2022,05/03/2025 0:00,1007.86,5,3,North
7084,18,Female,Home,10/10/2020,10/10/2022 0:00,1025.31,4,6,South
7085,56,Male,Home,22/03/2022,22/03/2023 0:00,1240.25,1,10,South
7086,27,Male,Motor,14/04/2023,,692,1,7,East
7087,26,Female,Motor,17/11/2020,,1142.1,2,10,East
7088,22,Female,Auto,25/12/2019,,1462.36,2,7,North
7089,54,Female,Motor,21/03/2022,,484.63,2,3,East
7090,48,Male,Motor,14/07/2020,,1422.18,5,8,East
7091,68,Male,Home,07/03/2021,07/03/2022 0:00,1152.44,0,5,West
7092,45,Male,Motor,16/10/2023,,1374.86,4,10,West
7093,60,Male,Motor,20/03/2022,20/03/2025 0:00,686.07,,9,North
7094,21,Male,Auto,21/06/2022,21/06/2023 0:00,930.14,5,3,East
7095,20,Female,Auto,02/05/2022,02/05/2025 0:00,1235.77,3,8,North
7096,61,Female,Home,16/06/2024,16/06/2027 0:00,1211.64,5,2,North
7097,22,Male,Motor,11/08/2024,11/08/2027 0:00,905.11,0,3,East
7098,,Male,Motor,16/03/2021,,1048.05,5,3,South
7099,58,Female,Home,06/05/2024,06/05/2026 0:00,996.83,2,8,East
7100,33,Female,Home,29/06/2020,29/06/2021 0:00,794.32,5,10,West
7101,59,Female,Motor,01/05/2021,01/05/2023 0:00,486.35,5,4,West
7102,57,Male,Motor,12/04/2021,12/04/2023 0:00,1114.22,5,1,South
7103,46,Male,Motor,04/04/2024,04/04/2025 0:00,716.25,0,10,North
7104,46,Female,Home,19/08/2021,19/08/2024 0:00,494.88,,,South
7105,59,Female,Motor,26/09/2020,,1399.92,2,1,North
7106,55,Male,Auto,15/02/2023,15/02/2025 0:00,924.7,5,7,North
7107,45,Male,Motor,02/04/2021,,1079.59,2,9,East
7108,47,Female,Auto,28/10/2021,28/10/2024 0:00,998.86,1,5,West
7109,23,Male,Home,24/08/2020,24/08/2023 0:00,888.48,4,4,East
7110,70,Female,Home,26/04/2022,26/04/2025 0:00,481.04,3,1,South
7111,40,Male,Motor,18/12/2019,,810.28,2,7,East
7112,57,Female,Motor,03/10/2021,03/10/2022 0:00,480.91,1,1,West
7113,45,Male,Motor,28/10/2019,,991.59,3,6,North
7114,47,Female,Home,09/09/2021,09/09/2022 0:00,1338,5,9,South
7115,67,Female,Motor,16/11/2019,,740.64,5,10,East
7116,20,Female,Auto,20/09/2023,20/09/2025 0:00,580.04,5,7,West
7117,63,Female,Motor,29/03/2023,,1495.19,2,7,South
7118,50,Female,Motor,05/10/2022,05/10/2023 0:00,1357.1,1,10,West
7119,51,Female,Motor,30/08/2024,,1192.25,1,5,West
7120,45,Female,Motor,25/06/2021,25/06/2024 0:00,1124.84,0,9,West
7121,47,Female,Motor,19/08/2021,,990.98,5,3,North
7122,51,Female,Auto,06/07/2021,06/07/2024 0:00,1179.06,,7,East
7123,68,Female,Motor,12/10/2023,,1190.49,1,,West
7124,56,Male,Motor,22/10/2019,22/10/2022 0:00,1484.67,1,6,East
7125,39,Female,Auto,16/10/2019,16/10/2021 0:00,388.61,1,2,North
7126,47,Male,Auto,13/08/2024,13/08/2025 0:00,1075.9,2,10,East
7127,51,Female,Home,15/08/2023,15/08/2025 0:00,394.82,5,3,North
7128,18,Male,Motor,16/03/2021,,1321.44,2,8,North
7129,64,Male,Motor,22/08/2023,,664.48,4,7,North
7130,29,Female,Motor,24/10/2023,24/10/2025 0:00,1206.45,2,10,South
7131,49,Male,Auto,05/07/2024,05/07/2026 0:00,1403.12,0,10,South
7132,25,Female,Auto,21/03/2023,21/03/2025 0:00,349.71,5,8,West
7133,35,Male,Auto,31/07/2021,31/07/2024 0:00,967.36,4,10,East
7134,46,Male,Motor,25/09/2022,,624.47,0,8,South
7135,23,Male,Motor,07/09/2023,07/09/2024 0:00,1231.16,0,5,East
7136,44,Male,Motor,30/04/2024,,673.1,5,3,East
7137,47,Male,Auto,23/06/2023,23/06/2025 0:00,1323.77,1,5,North
7138,53,Female,Motor,13/05/2020,13/05/2022 0:00,684.07,3,6,East
7139,21,Male,Motor,21/09/2021,21/09/2022 0:00,538.9,5,1,South
7140,47,Male,Home,09/02/2023,09/02/2025 0:00,1490.73,0,1,North
7141,27,Female,Motor,23/05/2024,,622.48,4,9,East
7142,36,Female,Motor,01/12/2023,,609.54,2,6,East
7143,62,Male,Motor,15/05/2024,15/05/2027 0:00,1286.13,5,7,South
7144,67,Female,Auto,05/03/2020,05/03/2021 0:00,821.66,3,,West
7145,21,Male,Motor,04/03/2023,04/03/2026 0:00,402.67,2,9,South
7146,59,Male,Home,26/07/2021,26/07/2023 0:00,812.98,4,8,East
7147,38,Male,Home,20/11/2021,20/11/2024 0:00,1074.75,2,4,North
7148,36,Male,Home,05/04/2023,05/04/2024 0:00,515.28,0,8,East
7149,50,Male,Motor,31/10/2022,31/10/2024 0:00,1239.74,0,7,North
7150,67,Female,Motor,24/12/2022,24/12/2024 0:00,575.82,0,6,North
7151,57,Male,Home,03/08/2020,03/08/2023 0:00,379.56,4,10,East
7152,23,Male,Motor,28/07/2023,28/07/2025 0:00,520.04,1,1,West
7153,32,Female,Home,21/02/2022,21/02/2023 0:00,295.79,1,8,West
7154,37,Male,Auto,08/03/2022,08/03/2024 0:00,267.39,5,7,West
7155,68,Female,Motor,29/06/2023,29/06/2026 0:00,1079.59,4,3,South
7156,23,Female,Motor,17/05/2023,17/05/2025 0:00,331.71,1,2,West
7157,30,Male,Motor,13/03/2020,13/03/2021 0:00,1056.31,5,2,West
7158,58,Male,Home,31/08/2024,31/08/2027 0:00,1394.16,1,10,North
7159,44,Male,Motor,26/01/2021,,1202.77,5,8,North
7160,41,Female,Home,31/05/2020,31/05/2023 0:00,534.4,3,1,West
7161,60,Female,Motor,25/10/2023,,663.94,0,5,East
7162,60,Male,Auto,01/01/2023,01/01/2024 0:00,660.19,4,9,South
7163,27,Female,Auto,13/07/2023,13/07/2025 0:00,436.57,5,8,South
7164,47,Female,Motor,17/12/2019,,1359.41,5,2,North
7165,33,Male,Motor,12/08/2021,,377.39,0,3,South
7166,20,,Motor,20/03/2022,,1312.56,4,7,East
7167,48,Male,Auto,29/12/2023,29/12/2024 0:00,763.44,1,1,South
7168,,Male,Auto,16/05/2022,16/05/2023 0:00,1286.62,0,3,West
7169,42,Female,Motor,06/03/2022,06/03/2023 0:00,592.36,1,10,West
7170,69,Female,Motor,21/06/2023,,910.57,4,10,West
7171,52,Female,Auto,11/01/2020,11/01/2022 0:00,426.27,5,7,West
7172,66,Female,Motor,21/03/2023,,587.12,0,8,West
7173,34,Male,Home,29/02/2020,28/02/2022 0:00,924.39,3,6,West
7174,62,Male,Auto,22/07/2024,22/07/2027 0:00,469.65,5,4,South
7175,25,,Motor,16/09/2023,,593.06,3,1,West
7176,41,Male,Motor,13/02/2022,13/02/2024 0:00,725.47,1,1,North
7177,30,,Motor,21/01/2021,21/01/2024 0:00,529.17,3,7,East
7178,59,Female,Motor,16/07/2022,,1230.25,2,5,South
7179,55,Female,Auto,16/07/2024,,482.45,1,4,East
7180,35,Female,Auto,02/06/2021,02/06/2024 0:00,1451.06,0,10,North
7181,51,Female,Motor,25/01/2023,,357.01,0,9,East
7182,66,Male,Auto,22/04/2021,22/04/2022 0:00,735.08,0,5,East
7183,37,Female,Motor,11/03/2020,11/03/2021 0:00,562.77,3,9,East
7184,43,Male,Motor,27/08/2024,27/08/2027 0:00,389.38,2,6,East
7185,29,Female,Motor,24/12/2022,,1207.17,5,1,South
7186,22,Female,Motor,26/08/2024,,305.7,0,6,West
7187,59,Male,Auto,18/03/2022,18/03/2023 0:00,621.4,1,3,North
7188,54,Female,Motor,14/04/2023,14/04/2024 0:00,744.77,4,10,East
7189,48,Female,Auto,25/09/2019,25/09/2020 0:00,926.82,0,8,South
7190,60,Male,Home,14/12/2020,14/12/2021 0:00,1172.65,1,8,West
7191,27,Female,Motor,29/01/2020,,600.3,3,6,South
7192,41,Female,Auto,06/09/2024,06/09/2026 0:00,1170.46,5,8,North
7193,46,Female,Motor,24/03/2022,,1019.47,1,7,North
7194,54,Female,Motor,03/02/2022,,1446.94,5,5,South
7195,36,Female,Motor,26/05/2024,,1428.53,5,4,West
7196,69,Female,Motor,20/08/2024,20/08/2025 0:00,1323.32,2,3,West
7197,65,Male,Motor,06/10/2021,06/10/2024 0:00,318.88,4,5,East
7198,35,Male,Motor,30/01/2023,30/01/2026 0:00,1019.11,4,6,South
7199,69,Female,Home,24/11/2019,24/11/2020 0:00,1267.77,2,2,South
7200,52,Female,Home,21/11/2022,21/11/2023 0:00,302.07,2,3,West
7201,59,Female,Auto,22/11/2020,,297.23,0,5,West
7202,44,Female,Motor,15/10/2023,,385.71,0,3,West
7203,70,Male,Auto,30/08/2021,30/08/2024 0:00,1003.35,1,8,West
7204,65,Male,Home,16/03/2023,16/03/2026 0:00,1390.33,5,7,East
7205,63,Male,Motor,10/06/2020,,1020.82,0,7,North
7206,67,Female,Motor,10/07/2022,,1067.77,0,3,South
7207,57,Male,Motor,01/06/2023,,860.61,1,1,East
7208,38,Male,Home,21/06/2021,21/06/2024 0:00,1458.3,0,9,West
7209,24,Female,Motor,17/08/2023,,1203.24,3,8,North
7210,69,Male,Auto,19/08/2021,19/08/2023 0:00,546.96,4,3,West
7211,34,Male,Motor,08/06/2020,08/06/2021 0:00,409.68,1,1,South
7212,,Female,Auto,20/07/2023,20/07/2026 0:00,665.06,4,1,East
7213,65,Female,Motor,18/09/2022,18/09/2023 0:00,308.31,3,7,East
7214,49,Male,Motor,19/11/2020,19/11/2023 0:00,417.06,4,1,West
7215,20,Female,Auto,10/07/2020,10/07/2022 0:00,921,5,10,North
7216,36,Male,Home,17/12/2022,17/12/2025 0:00,650.23,3,5,North
7217,48,Male,Auto,18/12/2019,18/12/2022 0:00,1231.19,4,9,West
7218,61,Female,Motor,14/05/2020,14/05/2021 0:00,952.62,4,6,North
7219,32,Male,Motor,17/01/2022,17/01/2025 0:00,1271.73,1,7,South
7220,22,Male,Auto,12/12/2019,12/12/2022 0:00,345.85,5,2,West
7221,34,Female,Auto,08/12/2022,,620.24,1,8,South
7222,38,Male,Motor,14/02/2022,,1428.11,4,9,East
7223,20,Female,Motor,12/08/2023,,1279.66,5,4,North
7224,70,Female,Motor,01/04/2022,,1082.4,4,,North
7225,,Female,Home,08/12/2021,08/12/2024 0:00,1058.27,4,10,North
7226,66,Male,Motor,19/02/2023,,1248.69,2,6,North
7227,61,Female,Motor,30/12/2020,30/12/2023 0:00,1000.73,2,3,North
7228,59,Male,Home,10/06/2021,10/06/2024 0:00,1448.87,0,8,East
7229,66,Female,Motor,23/12/2023,,916.17,1,8,East
7230,33,Female,Motor,22/05/2024,,1206.18,2,3,South
7231,70,Female,Auto,03/10/2022,03/10/2024 0:00,1226.38,3,8,West
7232,47,Female,Home,08/03/2021,,1222.73,0,10,West
7233,48,Female,Auto,29/05/2024,29/05/2027 0:00,749.83,1,10,North
7234,65,Female,Motor,21/05/2022,21/05/2023 0:00,1445.19,1,3,West
7235,21,Female,Motor,06/06/2023,,935.27,5,6,East
7236,20,Male,Home,08/03/2022,08/03/2023 0:00,266.17,2,8,North
7237,57,Female,Auto,22/03/2022,22/03/2023 0:00,1389.4,0,8,North
7238,31,Male,Motor,16/07/2022,16/07/2024 0:00,287.83,4,9,South
7239,33,Male,Motor,01/05/2024,01/05/2027 0:00,312.25,4,3,West
7240,61,Male,Auto,24/08/2020,24/08/2023 0:00,875.03,0,6,East
7241,27,Male,Home,25/02/2024,25/02/2025 0:00,1329.68,4,3,East
7242,33,Female,Home,12/10/2021,12/10/2022 0:00,925.18,2,4,North
7243,26,Male,Motor,22/05/2021,22/05/2023 0:00,1322.58,0,2,South
7244,25,Male,Home,10/06/2022,10/06/2025 0:00,437.42,5,7,South
7245,52,Male,Home,03/04/2021,03/04/2023 0:00,522.68,4,8,North
7246,41,Male,Home,04/06/2022,04/06/2025 0:00,1031.57,5,2,North
7247,69,Female,Motor,25/01/2022,,1013,3,9,West
7248,66,Male,Home,08/05/2023,08/05/2026 0:00,1367.68,3,4,North
7249,21,Female,Home,12/10/2022,12/10/2025 0:00,303.71,0,3,North
7250,21,Male,Motor,02/09/2022,02/09/2025 0:00,576.28,4,5,South
7251,42,Male,Motor,16/07/2020,,251.18,2,9,East
7252,57,Female,Auto,08/06/2024,08/06/2027 0:00,1234.11,3,,North
7253,28,Male,Motor,27/11/2020,27/11/2021 0:00,547.97,4,8,North
7254,34,Male,Motor,13/10/2020,,1407.09,,4,North
7255,49,Male,Motor,28/02/2021,28/02/2022 0:00,1209.59,2,1,North
7256,54,Male,Motor,02/05/2024,,757.37,5,3,North
7257,29,Female,Auto,21/06/2022,21/06/2025 0:00,616.34,1,1,East
7258,32,Male,Motor,05/04/2022,05/04/2023 0:00,720.7,1,4,South
7259,63,Female,Home,21/11/2020,21/11/2023 0:00,999.67,5,1,North
7260,69,Female,Auto,05/11/2021,05/11/2022 0:00,488.54,5,8,West
7261,44,Female,Motor,04/11/2022,04/11/2024 0:00,1277.11,0,10,West
7262,19,Male,Home,18/01/2024,,1309.67,2,2,East
7263,35,Female,Home,24/06/2023,24/06/2026 0:00,940.17,2,2,West
7264,62,Female,Home,04/12/2023,04/12/2026 0:00,1227.34,1,1,West
7265,20,Male,Home,05/09/2024,05/09/2026 0:00,270.92,2,1,South
7266,28,Male,Motor,07/07/2024,,310.87,0,4,East
7267,41,Female,Motor,30/05/2022,30/05/2025 0:00,1041.3,3,5,East
7268,64,Female,Home,11/11/2023,11/11/2026 0:00,988.09,4,1,North
7269,53,Male,Motor,16/11/2020,16/11/2023 0:00,1076.11,3,7,South
7270,32,Male,Motor,24/11/2019,24/11/2020 0:00,276.03,0,6,West
7271,64,Female,Motor,19/05/2022,19/05/2025 0:00,263.7,5,7,North
7272,30,,Auto,30/03/2023,30/03/2026 0:00,930.59,2,4,East
7273,38,Female,Auto,03/10/2021,03/10/2023 0:00,459.01,0,4,East
7274,48,Male,Motor,30/09/2019,,1071.81,0,6,North
7275,49,Female,Auto,10/11/2021,10/11/2022 0:00,506.3,1,6,South
7276,38,Male,Motor,11/10/2021,11/10/2022 0:00,1364.63,5,4,East
7277,23,Female,Auto,28/06/2020,,814.88,4,7,South
7278,48,Male,Auto,03/01/2022,03/01/2025 0:00,492.37,0,5,West
7279,30,Female,Motor,31/03/2024,31/03/2027 0:00,1031.79,3,2,North
7280,,Female,Motor,30/03/2021,30/03/2024 0:00,280.34,3,8,West
7281,32,Female,Motor,04/12/2019,,1417.05,5,9,South
7282,22,Male,Motor,23/10/2021,23/10/2024 0:00,1179.13,1,1,South
7283,36,Female,Auto,18/05/2024,18/05/2027 0:00,398.51,2,6,West
7284,45,Female,Home,02/03/2024,02/03/2027 0:00,1257.81,4,1,South
7285,47,Male,Motor,08/02/2021,,830.63,1,5,East
7286,49,Female,Motor,09/01/2022,,1206.33,4,4,East
7287,66,Male,Motor,05/04/2023,,1489.22,0,4,North
7288,61,Male,Motor,16/03/2022,16/03/2023 0:00,1407.4,2,4,East
7289,50,Male,Motor,08/06/2022,,795.7,3,3,South
7290,32,Female,Home,08/03/2020,08/03/2021 0:00,652.93,0,9,South
7291,30,Female,Auto,03/04/2023,03/04/2025 0:00,317.36,1,9,North
7292,67,Male,Auto,08/03/2020,08/03/2022 0:00,679.86,0,6,East
7293,45,Male,Motor,02/09/2020,,963.01,0,8,North
7294,58,Female,Home,14/06/2023,14/06/2025 0:00,331.13,4,4,South
7295,52,Male,Motor,28/12/2021,,868.1,0,6,North
7296,52,Male,Motor,05/07/2022,,1329.25,0,5,East
7297,58,Male,Motor,01/02/2020,,1054.69,0,6,South
7298,53,Male,Home,22/03/2023,22/03/2024 0:00,949.51,4,8,North
7299,64,Male,Auto,23/07/2023,23/07/2026 0:00,690.6,1,2,South
7300,45,Female,Motor,25/08/2020,,1279.54,5,2,North
7301,59,Male,Auto,27/08/2021,27/08/2022 0:00,822.63,1,9,North
7302,28,Female,Motor,09/02/2023,,1386.16,2,3,North
7303,64,Male,Motor,13/09/2023,13/09/2026 0:00,562.23,2,,West
7304,24,Female,Home,25/02/2024,25/02/2027 0:00,906.66,5,10,West
7305,47,Male,Motor,29/05/2020,,797.97,3,6,North
7306,52,Male,Auto,08/06/2024,08/06/2025 0:00,invalid,5,8,East
7307,46,Female,Auto,15/05/2023,15/05/2025 0:00,1351.33,4,2,South
7308,65,Female,Motor,04/07/2020,,1288.15,1,9,West
7309,41,Male,Auto,06/01/2021,06/01/2024 0:00,293.09,2,10,South
7310,25,Male,Motor,19/04/2021,,531.81,3,1,West
7311,42,Male,Motor,20/02/2023,,943.73,0,7,South
7312,24,Male,Motor,20/03/2023,,1317.55,1,9,North
7313,19,Male,Motor,03/06/2021,03/06/2024 0:00,805.8,0,2,South
7314,37,Male,Motor,28/05/2021,28/05/2022 0:00,643.23,0,3,South
7315,32,Female,Home,01/03/2021,01/03/2023 0:00,744.98,1,3,East
7316,60,Female,Auto,10/07/2020,10/07/2023 0:00,1391.4,0,9,South
7317,22,Female,Auto,20/09/2022,20/09/2023 0:00,1221.06,5,5,West
7318,53,Male,Motor,22/07/2021,,519.89,2,4,North
7319,29,Male,Motor,13/04/2021,,827.56,0,3,North
7320,25,Female,Home,01/10/2021,01/10/2024 0:00,1241.93,3,8,East
7321,34,Male,Home,12/06/2024,12/06/2025 0:00,578.41,5,1,West
7322,67,Male,Auto,07/08/2022,07/08/2023 0:00,409.19,1,6,West
7323,24,,Motor,16/01/2021,,909.93,,2,North
7324,60,Female,Motor,07/01/2023,,646.84,,3,West
7325,18,Female,Motor,13/11/2020,,1309.07,0,6,North
7326,30,Female,Home,31/08/2023,,914.26,1,4,South
7327,36,,Auto,22/09/2024,22/09/2025 0:00,1464.04,3,10,East
7328,33,Male,Motor,17/01/2021,,1398.1,3,7,East
7329,54,Male,Motor,07/09/2024,07/09/2025 0:00,1495.5,1,4,East
7330,23,Female,Auto,12/04/2023,12/04/2024 0:00,687.33,3,4,North
7331,52,Female,Home,31/01/2024,31/01/2025 0:00,482.3,5,9,South
7332,53,Female,Motor,29/11/2020,,1079.22,5,1,South
7333,25,Male,Motor,26/11/2019,26/11/2022 0:00,411.46,3,7,East
7334,58,Female,Home,22/09/2021,22/09/2022 0:00,288.88,2,6,South
7335,37,Female,Auto,03/07/2021,03/07/2022 0:00,265.17,1,5,West
7336,69,Female,Motor,17/06/2024,,977.02,0,6,West
7337,35,Male,Home,01/12/2019,01/12/2022 0:00,1281.25,4,5,East
7338,50,Male,Auto,29/03/2024,29/03/2026 0:00,411.53,0,10,West
7339,52,Male,Motor,24/04/2020,,1498.11,0,,West
7340,32,Female,Motor,27/03/2022,,415.78,1,10,South
7341,58,Female,Home,17/10/2021,17/10/2023 0:00,1356.31,4,4,South
7342,19,Male,Unknown,09/04/2022,09/04/2024 0:00,invalid,2,9,East
7343,65,Female,Home,20/11/2020,20/11/2022 0:00,1020.17,0,1,South
7344,66,Female,Motor,17/09/2024,,1436.76,0,2,West
7345,49,,Motor,23/08/2023,,1096.63,2,8,West
7346,32,Male,Auto,16/01/2021,16/01/2022 0:00,563.27,3,6,North
7347,24,Female,Auto,30/06/2021,30/06/2023 0:00,544.98,3,10,South
7348,48,Female,Motor,16/06/2020,,1186.33,2,5,East
7349,66,Male,Motor,04/09/2023,,470.38,0,2,South
7350,43,Female,Home,12/02/2023,,1425.72,0,5,East
7351,38,Male,Motor,20/02/2020,20/02/2023 0:00,746.14,5,4,North
7352,,Male,Auto,01/12/2023,01/12/2024 0:00,1089.91,5,9,South
7353,64,Male,Motor,22/03/2021,,962.34,3,10,North
7354,18,Male,Motor,18/07/2020,,566.25,3,6,East
7355,47,Female,Home,10/05/2020,10/05/2023 0:00,1426.87,4,10,West
7356,60,Male,Auto,12/02/2020,12/02/2023 0:00,882.05,2,5,West
7357,52,Female,Home,21/12/2021,21/12/2023 0:00,993.64,2,4,South
7358,51,Female,Motor,06/12/2022,,1469.59,1,3,South
7359,21,Female,Motor,09/07/2023,09/07/2025 0:00,253.88,5,2,North
7360,53,Female,Motor,05/03/2024,,494.52,1,6,West
7361,50,Female,Motor,13/02/2020,,525.51,3,2,East
7362,53,Female,Motor,29/06/2023,,746.48,3,,West
7363,53,Female,Motor,28/03/2023,,754.37,1,7,South
7364,25,Female,Auto,06/10/2022,06/10/2025 0:00,304.38,5,3,West
7365,41,Female,Motor,11/02/2020,,1337.44,4,3,South
7366,63,Female,Motor,05/02/2023,05/02/2026 0:00,620.44,1,6,South
7367,62,Male,Motor,18/10/2022,18/10/2025 0:00,388.62,5,3,East
7368,50,Female,Home,27/05/2024,27/05/2026 0:00,535.07,0,3,South
7369,24,Female,Motor,24/01/2021,24/01/2022 0:00,360.94,3,2,East
7370,46,Female,Auto,29/05/2023,29/05/2026 0:00,301.43,4,7,West
7371,49,Female,Auto,01/10/2019,01/10/2021 0:00,1145.03,5,6,South
7372,34,Female,Motor,21/02/2024,,542.8,4,4,West
7373,24,Male,Home,02/09/2022,02/09/2024 0:00,1356.71,2,,North
7374,35,Male,Home,09/11/2020,09/11/2021 0:00,1113.42,2,7,West
7375,19,Female,Motor,18/05/2020,,1165.61,1,5,West
7376,36,Male,Auto,07/08/2022,07/08/2024 0:00,266.53,1,1,North
7377,61,Female,Home,30/08/2024,30/08/2026 0:00,881.37,3,7,South
7378,62,Female,Motor,21/10/2020,21/10/2023 0:00,771.71,1,4,East
7379,62,Male,Home,01/06/2024,01/06/2025 0:00,905.39,1,2,East
7380,,Female,Auto,22/09/2020,22/09/2023 0:00,1030.09,,7,South
7381,54,Female,Auto,13/07/2020,13/07/2021 0:00,1089.64,,7,North
7382,67,Female,Auto,30/04/2020,30/04/2021 0:00,756.56,0,3,South
7383,42,Male,Auto,26/05/2020,26/05/2022 0:00,1181.36,5,3,West
7384,29,Male,Motor,07/03/2024,,393.02,0,3,South
7385,48,Female,Motor,27/07/2023,27/07/2024 0:00,622.64,2,9,West
7386,18,Female,Motor,20/03/2024,20/03/2025 0:00,974.77,0,7,East
7387,55,Female,Motor,27/04/2021,,811.35,4,7,North
7388,58,Female,Motor,10/11/2019,10/11/2020 0:00,1195.23,3,5,West
7389,68,Female,Auto,19/12/2023,19/12/2024 0:00,437.69,2,4,East
7390,45,Female,Home,17/07/2021,17/07/2024 0:00,1410.43,0,6,East
7391,60,Male,Auto,09/11/2022,09/11/2023 0:00,1251.79,5,10,South
7392,39,Male,Motor,09/06/2024,,442.93,1,1,West
7393,27,Female,Home,12/01/2020,12/01/2023 0:00,1008.27,4,10,North
7394,63,Female,Motor,04/01/2020,,522.21,2,4,West
7395,36,Male,Auto,02/07/2024,02/07/2026 0:00,651.27,0,4,South
7396,42,Male,Motor,19/01/2020,19/01/2022 0:00,1196.2,0,4,North
7397,21,Male,Home,18/04/2023,18/04/2024 0:00,750.18,5,2,West
7398,61,Male,Home,03/08/2022,,600.42,4,1,East
7399,34,Female,Motor,13/01/2021,13/01/2022 0:00,961.52,5,4,North
7400,23,Male,Motor,13/08/2020,,463.68,3,2,East
7401,21,Female,Motor,17/09/2022,,347.47,0,2,East
7402,47,Female,Motor,20/07/2023,,710.89,2,2,West
7403,48,Female,Motor,24/02/2023,24/02/2024 0:00,1116.94,0,7,East
7404,31,Male,Motor,18/12/2021,18/12/2023 0:00,1254.64,2,5,South
7405,39,Male,Home,19/05/2020,19/05/2021 0:00,1323.54,2,3,West
7406,35,Male,Home,24/01/2023,24/01/2024 0:00,522.18,0,10,North
7407,23,Female,Home,04/10/2022,04/10/2024 0:00,466.76,5,8,West
7408,36,Female,Auto,09/04/2022,09/04/2025 0:00,818.55,1,3,East
7409,50,Female,Motor,12/07/2022,,463.99,5,1,North
7410,69,Female,Motor,01/12/2019,01/12/2021 0:00,1032.04,3,2,East
7411,46,Male,Home,13/08/2020,13/08/2021 0:00,1334.66,4,9,West
7412,45,Male,Auto,10/11/2022,10/11/2024 0:00,672.52,5,,West
7413,39,Female,Home,14/02/2024,14/02/2026 0:00,796.21,5,5,West
7414,68,Male,Auto,25/06/2020,25/06/2022 0:00,1143.59,5,7,East
7415,57,Female,Auto,05/05/2024,05/05/2027 0:00,1168.85,4,5,South
7416,42,Male,Motor,05/07/2021,,1447.27,0,3,South
7417,69,Female,Motor,25/06/2022,,878.06,5,2,East
7418,42,Female,Motor,25/02/2024,,520.59,2,7,East
7419,22,Female,Motor,22/03/2020,,1406.23,2,1,West
7420,,Female,Auto,16/05/2022,16/05/2025 0:00,1493.67,3,10,South
7421,63,Male,Home,28/09/2023,28/09/2024 0:00,546.11,1,4,North
7422,44,Female,Motor,11/04/2021,11/04/2022 0:00,336.17,3,9,West
7423,36,Male,Motor,22/06/2024,,1451.62,5,7,South
7424,56,Female,Home,26/07/2021,26/07/2023 0:00,1374.18,1,5,West
7425,60,Male,Auto,08/10/2020,08/10/2022 0:00,819.12,2,10,West
7426,48,Female,Home,03/05/2023,03/05/2026 0:00,1020,0,2,West
7427,20,Female,Motor,02/04/2022,02/04/2025 0:00,1243.14,4,3,South
7428,34,Female,Auto,31/07/2020,31/07/2021 0:00,606.74,1,1,North
7429,60,Male,Motor,09/10/2023,09/10/2025 0:00,534.62,4,5,East
7430,49,Female,Auto,14/01/2024,14/01/2026 0:00,903.8,3,5,South
7431,58,Male,Home,10/01/2021,10/01/2022 0:00,594.95,2,1,West
7432,21,Female,Motor,13/04/2023,13/04/2025 0:00,259.41,0,,East
7433,69,Female,Motor,22/12/2023,22/12/2025 0:00,invalid,3,9,East
7434,34,Female,Home,06/11/2022,06/11/2024 0:00,1042.81,3,1,South
7435,49,Male,Motor,16/04/2021,,435.82,0,,East
7436,23,Male,Motor,10/08/2020,10/08/2021 0:00,280.34,1,6,East
7437,54,Female,Motor,07/07/2021,,845.41,2,9,South
7438,40,Female,Motor,03/05/2020,03/05/2023 0:00,1147.52,5,7,North
7439,40,Female,Auto,10/03/2021,10/03/2024 0:00,1144.06,0,7,West
7440,25,Male,Motor,03/10/2023,,654.15,4,1,North
7441,37,Female,Motor,23/01/2020,23/01/2023 0:00,960.58,1,5,North
7442,26,Female,Auto,24/01/2023,24/01/2024 0:00,813.17,3,3,East
7443,20,Male,Motor,06/11/2021,06/11/2023 0:00,954.71,0,1,East
7444,69,Female,Motor,11/07/2022,11/07/2025 0:00,1118.82,0,6,South
7445,56,Female,Home,08/04/2023,08/04/2025 0:00,751.51,5,3,North
7446,40,Male,Home,30/11/2023,30/11/2024 0:00,803.84,4,6,North
7447,61,Male,Auto,02/06/2021,02/06/2023 0:00,445.13,5,9,South
7448,41,Male,Home,29/03/2024,29/03/2025 0:00,910.47,3,10,West
7449,,Female,Home,17/02/2020,17/02/2022 0:00,1387.19,3,4,North
7450,33,Male,Motor,10/07/2022,,257.88,4,8,South
7451,61,Male,Motor,06/03/2024,,1236.06,,3,West
7452,33,Male,Motor,22/02/2021,22/02/2024 0:00,441.96,2,9,South
7453,65,Male,Home,31/12/2019,31/12/2020 0:00,356.94,5,10,West
7454,43,Male,Motor,03/01/2022,03/01/2023 0:00,604.08,1,3,West
7455,70,Female,Home,24/03/2022,24/03/2023 0:00,291.23,2,6,West
7456,37,Male,Motor,18/08/2022,18/08/2024 0:00,883.5,1,4,North
7457,64,Female,Motor,18/10/2019,18/10/2022 0:00,441.63,2,2,South
7458,36,Male,Motor,19/04/2023,19/04/2026 0:00,543.07,3,1,East
7459,61,Male,Motor,13/03/2021,13/03/2022 0:00,1363.45,0,9,West
7460,27,Male,Auto,31/08/2023,31/08/2024 0:00,804.51,1,2,South
7461,55,Male,Auto,09/09/2023,09/09/2025 0:00,290.44,1,10,West
7462,62,Female,Auto,12/06/2024,12/06/2025 0:00,1106.82,3,1,East
7463,62,Male,Motor,25/11/2019,25/11/2022 0:00,1390.95,3,8,South
7464,45,Female,Home,04/11/2019,04/11/2020 0:00,1282.76,5,5,West
7465,23,Male,Motor,22/01/2021,22/01/2024 0:00,1424.87,0,9,North
7466,61,Female,Motor,17/11/2022,17/11/2025 0:00,invalid,4,4,North
7467,50,Female,Auto,14/12/2023,14/12/2024 0:00,869.29,4,7,North
7468,34,Female,Auto,21/03/2024,21/03/2025 0:00,658.68,2,6,East
7469,40,Female,Auto,27/04/2024,27/04/2025 0:00,665.45,5,,West
7470,59,Female,Auto,04/06/2020,04/06/2021 0:00,902.61,5,9,North
7471,36,Male,Auto,14/10/2021,14/10/2022 0:00,1277.55,0,2,South
7472,20,Female,Motor,19/08/2021,19/08/2022 0:00,834.02,,5,North
7473,20,Male,Motor,06/06/2023,,765.64,5,1,North
7474,40,Male,Home,24/09/2020,24/09/2023 0:00,602.56,0,2,West
7475,33,Male,Motor,29/01/2021,,499.24,1,4,West
7476,20,Female,Auto,18/10/2019,18/10/2022 0:00,1442.37,0,3,South
7477,53,Male,Motor,17/07/2024,,1380.25,5,,West
7478,54,Male,Motor,06/01/2022,06/01/2023 0:00,683.69,1,4,East
7479,63,Male,Motor,03/03/2021,03/03/2022 0:00,969.13,1,5,North
7480,45,Female,Auto,14/09/2022,14/09/2023 0:00,1133.73,2,1,North
7481,50,Female,Motor,07/11/2019,,875.9,5,2,North
7482,36,Male,Home,20/07/2020,20/07/2023 0:00,595.74,1,1,South
7483,23,Male,Motor,22/08/2021,22/08/2024 0:00,1306.92,1,9,East
7484,19,Male,Auto,15/11/2019,15/11/2022 0:00,1136.51,0,6,South
7485,61,Male,Auto,23/06/2020,23/06/2021 0:00,756.74,0,3,West
7486,31,Female,Motor,18/08/2023,,487.21,2,7,North
7487,37,Male,Motor,26/09/2020,26/09/2021 0:00,1483.06,2,10,East
7488,26,Female,Motor,30/09/2020,,284.6,1,3,North
7489,47,Male,Auto,26/09/2023,26/09/2026 0:00,712.95,4,1,South
7490,50,Female,Auto,02/04/2022,02/04/2024 0:00,521.46,4,10,East
7491,,Female,Home,25/07/2020,25/07/2023 0:00,441.64,5,7,North
7492,56,Female,Home,04/10/2022,04/10/2025 0:00,626.17,5,4,South
7493,,Male,Motor,01/09/2022,01/09/2025 0:00,1299.59,2,8,East
7494,61,Male,Motor,12/07/2022,,322.64,2,10,East
7495,44,Female,Motor,24/12/2023,,524.43,1,5,South
7496,40,Male,Auto,25/02/2020,25/02/2021 0:00,1443.97,1,2,North
7497,46,Female,Auto,10/03/2022,10/03/2024 0:00,931.8,5,10,East
7498,65,Female,Motor,24/01/2020,,576.12,3,10,South
7499,70,Male,Auto,29/09/2023,29/09/2024 0:00,1104.99,1,1,West
7500,40,Female,Home,20/03/2020,20/03/2021 0:00,1018.05,0,3,North
7501,21,Female,Motor,10/12/2022,,577.4,2,7,East
7502,21,Male,Auto,27/09/2022,27/09/2025 0:00,743.49,2,6,West
7503,25,Female,Motor,25/09/2023,,587.98,2,2,South
7504,19,Male,Home,27/07/2024,27/07/2026 0:00,803.32,1,5,East
7505,69,Male,Motor,21/02/2024,,1496.42,5,3,East
7506,41,Male,Motor,13/10/2022,,1259.48,0,5,East
7507,68,Male,Motor,01/10/2022,,584.19,3,8,West
7508,34,Female,Auto,13/05/2023,13/05/2025 0:00,808.22,4,7,South
7509,45,Male,Home,18/08/2021,18/08/2022 0:00,1368.72,4,8,West
7510,48,Male,Motor,29/04/2024,29/04/2026 0:00,842.05,0,3,South
7511,33,Female,Auto,06/08/2022,06/08/2025 0:00,482.9,3,9,North
7512,26,Female,Motor,17/06/2023,17/06/2025 0:00,664.58,3,3,North
7513,62,Female,Home,30/08/2020,30/08/2021 0:00,921.71,4,6,East
7514,44,Female,Motor,08/09/2020,08/09/2023 0:00,725.61,2,7,South
7515,63,Female,Motor,16/08/2020,,1040.25,5,10,West
7516,67,Female,Auto,19/11/2019,19/11/2021 0:00,847.6,2,6,East
7517,36,Female,Home,31/03/2024,31/03/2025 0:00,1369.3,1,4,East
7518,55,Female,Motor,13/05/2024,,287.61,5,7,East
7519,43,Male,Motor,31/10/2019,,1199.03,1,8,East
7520,51,Female,Home,15/12/2020,15/12/2021 0:00,904.94,0,7,South
7521,46,Female,Motor,18/03/2024,18/03/2027 0:00,1223.08,5,3,North
7522,43,Female,Motor,27/09/2022,27/09/2023 0:00,1316.8,,1,East
7523,,Male,Motor,27/12/2023,27/12/2024 0:00,1269.92,2,10,North
7524,29,Female,Auto,02/01/2020,02/01/2023 0:00,1145.74,0,1,North
7525,31,Male,Motor,20/05/2020,,846.77,3,2,East
7526,42,Female,Motor,15/06/2020,,1330.43,5,7,West
7527,35,Male,Home,09/05/2022,,466.05,5,6,East
7528,66,Female,Home,01/01/2023,01/01/2026 0:00,1117.84,4,10,South
7529,43,Male,Auto,21/10/2019,21/10/2021 0:00,1403.43,2,9,East
7530,21,Male,Auto,17/07/2022,17/07/2023 0:00,1472.79,5,6,South
7531,69,Male,Auto,19/10/2019,19/10/2021 0:00,971.59,0,9,East
7532,48,Female,Home,25/01/2020,25/01/2023 0:00,1075.47,2,8,West
7533,36,Male,Home,21/08/2023,21/08/2024 0:00,429.85,5,2,West
7534,38,Female,Auto,21/01/2023,21/01/2025 0:00,590.11,2,2,South
7535,46,Female,Home,27/02/2024,27/02/2025 0:00,invalid,1,5,North
7536,38,Male,Home,08/12/2020,08/12/2023 0:00,1340.74,5,9,East
7537,22,Male,Auto,27/06/2021,27/06/2024 0:00,1063.45,2,7,East
7538,43,Female,Motor,06/07/2021,,1398.62,0,3,North
7539,31,Female,Auto,11/02/2020,,1459.6,2,6,North
7540,58,Male,Auto,19/06/2022,19/06/2023 0:00,890.32,1,9,West
7541,19,Female,Home,10/03/2021,10/03/2023 0:00,862.31,3,1,West
7542,43,Female,Motor,13/02/2024,,1104.39,3,4,East
7543,22,Male,Home,27/02/2024,27/02/2027 0:00,611.34,3,9,East
7544,40,Male,Motor,09/09/2023,,410.89,3,8,West
7545,,Female,Auto,28/01/2020,28/01/2023 0:00,270.58,5,9,South
7546,30,Male,Motor,30/07/2021,30/07/2023 0:00,829.15,3,5,West
7547,61,Male,Motor,22/05/2020,22/05/2021 0:00,507.85,5,10,North
7548,55,Male,Auto,29/08/2023,29/08/2026 0:00,413.38,1,,West
7549,55,Male,Motor,01/03/2022,,530.27,0,8,East
7550,53,Male,Motor,30/03/2020,,invalid,1,4,South
7551,45,Female,Home,20/11/2021,20/11/2024 0:00,1176.96,2,10,West
7552,51,Female,Auto,13/04/2020,13/04/2023 0:00,1258.78,,8,North
7553,50,Male,Home,24/12/2020,24/12/2022 0:00,1354.62,0,10,South
7554,21,Female,Motor,16/03/2020,,1206.43,4,2,West
7555,20,Male,Motor,29/06/2022,29/06/2025 0:00,563.31,1,9,West
7556,34,Female,Motor,10/10/2020,10/10/2021 0:00,960.85,2,3,South
7557,55,Female,Auto,27/08/2020,27/08/2022 0:00,563.23,3,2,North
7558,39,Male,Auto,17/11/2020,17/11/2021 0:00,556.17,3,7,South
7559,23,Male,Motor,31/08/2021,,757.99,4,3,North
7560,36,Male,Motor,17/11/2019,17/11/2020 0:00,567.66,3,1,East
7561,32,Female,Home,03/06/2022,03/06/2024 0:00,981.07,3,5,North
7562,18,Female,Motor,15/06/2023,,1129.47,3,2,North
7563,56,Male,Home,17/06/2021,17/06/2023 0:00,393.39,1,1,West
7564,61,Male,Auto,25/06/2020,25/06/2023 0:00,invalid,5,10,West
7565,64,Male,Home,28/02/2024,28/02/2027 0:00,1352.27,4,8,South
7566,27,Female,Auto,12/02/2022,12/02/2024 0:00,1186.01,2,10,North
7567,67,Male,Motor,25/09/2019,,313.36,5,7,North
7568,59,Male,Motor,05/03/2020,05/03/2023 0:00,881.91,1,3,North
7569,45,Female,Home,20/12/2019,20/12/2020 0:00,1082.29,4,3,North
7570,69,Male,Auto,30/12/2021,30/12/2022 0:00,739.4,5,5,West
7571,21,Male,Motor,16/04/2024,,1251.63,5,10,South
7572,67,Male,Motor,30/09/2020,30/09/2022 0:00,877.16,1,10,East
7573,48,Female,Motor,04/12/2022,,411.71,0,8,East
7574,33,Male,Motor,06/12/2021,,1429.5,3,9,East
7575,39,Male,Home,22/03/2024,22/03/2027 0:00,743.2,2,7,West
7576,22,Male,Home,23/04/2023,23/04/2026 0:00,1045.78,0,4,East
7577,49,Male,Home,18/06/2021,18/06/2023 0:00,393.55,0,2,East
7578,23,Male,Unknown,24/08/2024,24/08/2027 0:00,562.28,4,1,East
7579,20,Male,Motor,20/06/2022,,1062.62,3,7,West
7580,45,Male,Motor,29/05/2023,29/05/2025 0:00,741.47,3,8,North
7581,42,Male,Motor,08/08/2024,,257.26,1,1,East
7582,33,Male,Auto,14/11/2022,14/11/2024 0:00,1051.73,0,1,North
7583,32,Male,Motor,07/01/2022,,1475.16,4,7,West
7584,52,Female,Motor,27/05/2023,27/05/2025 0:00,1061.59,0,9,North
7585,51,Female,Auto,08/01/2021,08/01/2023 0:00,986.33,0,10,North
7586,23,Male,Auto,15/06/2024,15/06/2025 0:00,302.24,1,9,South
7587,58,Male,Motor,22/06/2021,,1308.18,0,8,North
7588,48,Female,Auto,11/04/2024,11/04/2027 0:00,1442.04,0,6,East
7589,27,Female,Motor,18/04/2022,18/04/2024 0:00,676.35,4,2,North
7590,69,Male,Home,23/05/2020,23/05/2022 0:00,1179.71,2,2,East
7591,48,Male,Motor,31/05/2022,31/05/2024 0:00,1121.28,5,9,South
7592,57,Female,Motor,25/02/2021,25/02/2024 0:00,1147.93,4,9,West
7593,66,,Home,23/11/2020,23/11/2021 0:00,846.49,1,2,North
7594,60,Male,Home,14/07/2022,14/07/2023 0:00,529.03,0,8,East
7595,69,Female,Motor,14/07/2020,14/07/2021 0:00,936.14,4,8,East
7596,39,Male,Auto,06/11/2020,06/11/2021 0:00,1275.25,4,9,North
7597,25,Female,Auto,07/03/2024,07/03/2025 0:00,1161.6,2,5,East
7598,48,Female,Home,25/12/2022,25/12/2025 0:00,365.49,4,8,North
7599,42,Female,Auto,30/10/2022,30/10/2024 0:00,331.89,1,2,East
7600,47,Female,Motor,27/04/2022,27/04/2025 0:00,814.97,4,3,West
7601,22,Female,Motor,10/10/2023,10/10/2025 0:00,490.26,0,7,East
7602,46,Male,Motor,07/10/2020,07/10/2023 0:00,556.88,5,10,West
7603,54,Male,Motor,25/06/2022,,748.16,4,2,North
7604,38,,Motor,10/10/2019,10/10/2021 0:00,420.96,1,9,East
7605,39,Female,Home,17/03/2020,17/03/2021 0:00,746.18,3,2,West
7606,43,Female,Home,25/01/2020,25/01/2022 0:00,1361.87,5,5,South
7607,66,Male,Motor,17/06/2024,17/06/2027 0:00,385.59,4,1,West
7608,53,Male,Motor,16/06/2022,,801.99,3,5,East
7609,34,Male,Auto,03/12/2021,03/12/2022 0:00,283.4,2,5,East
7610,60,Female,Auto,22/12/2022,22/12/2023 0:00,785.6,4,8,South
7611,47,Female,Motor,31/10/2020,,272.2,1,9,South
7612,46,Female,Motor,11/10/2023,,1173.2,0,2,North
7613,45,Female,Home,13/04/2020,13/04/2022 0:00,996.69,2,5,West
7614,50,Female,Auto,04/12/2023,,556.47,5,8,South
7615,68,Female,Motor,09/01/2023,09/01/2025 0:00,903.9,2,3,East
7616,36,Male,Auto,22/04/2023,22/04/2024 0:00,866.64,5,10,East
7617,41,Male,Auto,31/01/2023,31/01/2024 0:00,317.53,4,5,West
7618,60,Female,Home,24/07/2024,24/07/2026 0:00,627.09,5,3,East
7619,46,Female,Home,16/12/2022,,1366.91,2,1,South
7620,63,Female,Auto,07/05/2024,07/05/2027 0:00,1001.54,4,6,North
7621,25,Female,Motor,02/07/2020,,768.1,0,5,North
7622,58,Male,Motor,11/07/2021,,1320.32,3,1,West
7623,54,Female,Motor,30/10/2020,,1359.21,0,7,South
7624,34,Male,Home,24/08/2024,24/08/2027 0:00,657.96,3,8,South
7625,59,Male,Motor,11/02/2021,11/02/2022 0:00,282.22,3,9,North
7626,53,Female,Motor,31/12/2023,31/12/2024 0:00,353.59,,7,East
7627,39,Female,Motor,05/01/2024,05/01/2027 0:00,715.24,2,4,East
7628,48,Female,Motor,25/12/2021,,563.71,3,1,East
7629,36,Male,Auto,06/05/2020,06/05/2022 0:00,1240.53,5,9,East
7630,30,Male,Motor,01/09/2020,,1406.74,0,7,North
7631,69,Female,Auto,29/04/2023,29/04/2025 0:00,276.85,5,1,South
7632,57,Male,Motor,13/06/2020,,914.06,0,,West
7633,63,Female,Motor,02/06/2024,,956.72,4,3,South
7634,36,Female,Home,25/03/2022,25/03/2024 0:00,974.35,4,9,West
7635,32,Female,Auto,08/01/2021,08/01/2022 0:00,341.16,4,7,East
7636,30,Female,Motor,10/11/2022,10/11/2023 0:00,863.02,5,5,East
7637,21,Female,Home,09/02/2020,09/02/2022 0:00,1260.97,0,,North
7638,34,Male,Home,20/03/2024,20/03/2027 0:00,352.12,5,3,North
7639,64,Male,Motor,27/05/2021,,1131.82,1,10,South
7640,22,,Motor,23/09/2022,23/09/2025 0:00,1287.54,0,9,South
7641,63,Female,Motor,14/06/2020,,1471.3,2,2,East
7642,38,Female,Home,20/09/2023,20/09/2025 0:00,275.09,5,6,East
7643,57,Female,Motor,31/08/2020,,912.32,1,9,North
7644,46,Male,Home,04/01/2023,04/01/2026 0:00,1010.86,4,2,West
7645,26,Male,Motor,20/04/2022,20/04/2023 0:00,650.13,1,,East
7646,44,Female,Motor,21/10/2020,,433.6,0,2,West
7647,49,Male,Auto,24/02/2024,24/02/2026 0:00,1203,2,6,West
7648,52,Male,Motor,13/03/2022,13/03/2023 0:00,1233.91,4,10,North
7649,41,Male,Motor,09/09/2020,09/09/2021 0:00,747.78,2,6,South
7650,61,Female,Auto,29/03/2021,29/03/2023 0:00,459.54,4,7,West
7651,69,Female,Motor,05/09/2020,,904.19,5,9,West
7652,47,Female,Home,27/06/2022,27/06/2023 0:00,865.49,2,4,West
7653,64,Male,Motor,06/12/2022,06/12/2025 0:00,253.97,,1,South
7654,52,Male,Home,17/10/2023,17/10/2026 0:00,296.09,3,8,North
7655,32,Male,Home,13/08/2022,13/08/2025 0:00,719.5,2,9,West
7656,57,Male,Motor,18/04/2022,,529.69,4,5,East
7657,42,Male,Auto,27/01/2022,27/01/2025 0:00,891.59,5,10,East
7658,62,Male,Motor,22/07/2021,22/07/2024 0:00,456.79,4,4,East
7659,28,Female,Auto,25/03/2022,25/03/2025 0:00,1011.81,0,3,West
7660,38,Female,Home,31/08/2021,31/08/2024 0:00,invalid,5,1,East
7661,55,Male,Auto,14/10/2022,14/10/2023 0:00,687.01,4,3,North
7662,65,,Motor,28/04/2020,28/04/2023 0:00,484.12,0,8,East
7663,42,Male,Home,18/09/2023,,434.94,0,6,East
7664,31,Female,Motor,24/08/2020,,1300.7,3,3,West
7665,27,Male,Motor,30/09/2021,30/09/2023 0:00,573.94,2,8,South
7666,35,Female,Motor,30/06/2022,30/06/2025 0:00,1154.76,0,8,South
7667,64,Female,Motor,20/02/2023,20/02/2026 0:00,914.34,2,7,South
7668,53,Female,Motor,12/06/2021,12/06/2024 0:00,475.03,4,1,West
7669,28,Male,Home,04/08/2023,04/08/2024 0:00,388.55,3,8,East
7670,64,Female,Auto,12/12/2019,12/12/2020 0:00,311.66,2,4,West
7671,44,Female,Auto,24/02/2022,24/02/2023 0:00,1155.88,0,10,East
7672,28,,Home,07/12/2023,07/12/2026 0:00,1191.14,,7,North
7673,59,Male,Auto,25/03/2023,25/03/2025 0:00,407.95,5,5,East
7674,61,Male,Motor,05/05/2023,,523.28,3,3,West
7675,20,Female,Home,24/05/2023,24/05/2025 0:00,1309.97,1,8,East
7676,45,Male,Motor,07/03/2020,,905.15,4,1,West
7677,27,,Home,02/06/2021,02/06/2022 0:00,408.87,3,4,East
7678,54,Male,Motor,31/07/2021,,1468.36,3,6,East
7679,18,Female,Home,24/02/2020,24/02/2023 0:00,988.07,2,8,North
7680,51,Female,Motor,25/09/2022,25/09/2025 0:00,263.25,1,2,North
7681,18,Female,Auto,09/01/2021,09/01/2023 0:00,788.82,0,9,East
7682,55,Male,Auto,27/04/2023,,694.46,0,9,West
7683,51,Female,Motor,07/06/2021,,894.03,1,7,West
7684,28,Male,Motor,07/11/2022,07/11/2025 0:00,534.79,1,7,North
7685,45,Male,Home,16/07/2020,16/07/2023 0:00,1033.84,5,1,North
7686,67,Male,Home,15/02/2020,15/02/2022 0:00,1497.02,1,5,East
7687,,Female,Motor,01/03/2020,,615.88,4,5,East
7688,27,Male,Auto,10/07/2022,10/07/2025 0:00,725.4,2,4,South
7689,44,Male,Motor,23/10/2019,,686.62,4,6,South
7690,47,Male,Home,16/12/2023,16/12/2025 0:00,1181.31,3,2,South
7691,,Female,Motor,24/03/2024,,719.26,4,1,South
7692,34,Male,Motor,10/11/2021,,1199.6,3,6,North
7693,47,Female,Motor,04/03/2022,04/03/2023 0:00,836.07,2,4,North
7694,29,Female,Motor,04/12/2022,,334.53,4,6,West
7695,50,Male,Home,12/10/2023,12/10/2026 0:00,1367.3,1,4,East
7696,66,Male,Home,27/11/2019,27/11/2021 0:00,1190.17,5,7,South
7697,49,Male,Motor,10/12/2021,10/12/2024 0:00,627.95,3,6,South
7698,24,Male,Motor,08/07/2020,,1088.45,3,2,East
7699,23,Male,Motor,07/03/2023,07/03/2025 0:00,1356.27,3,6,East
7700,25,Female,Home,11/01/2022,11/01/2024 0:00,377.06,5,4,South
7701,47,Male,Motor,01/09/2020,,312.53,3,8,East
7702,63,Male,Motor,29/07/2020,29/07/2021 0:00,852.53,3,1,East
7703,67,Male,Home,24/09/2020,24/09/2022 0:00,1456.87,1,,North
7704,,Male,Home,12/03/2021,12/03/2023 0:00,598.97,1,7,South
7705,20,Female,Auto,04/08/2020,04/08/2021 0:00,863.03,5,2,East
7706,21,Female,Motor,18/03/2022,18/03/2024 0:00,1386.83,4,5,West
7707,50,Male,Auto,21/08/2020,21/08/2023 0:00,1057.19,1,10,East
7708,46,Female,Home,23/11/2019,23/11/2021 0:00,1161.32,1,4,North
7709,25,Male,Motor,10/09/2022,,257.75,1,7,East
7710,46,Male,Motor,06/02/2024,06/02/2025 0:00,1485.5,0,2,East
7711,26,Female,Home,23/12/2023,23/12/2026 0:00,414.23,3,8,South
7712,53,Male,Home,08/09/2022,08/09/2023 0:00,1058.25,5,4,East
7713,45,Male,Home,21/03/2024,21/03/2027 0:00,414.03,1,5,North
7714,22,Female,Auto,11/10/2021,11/10/2022 0:00,1401.67,1,1,North
7715,37,Female,Auto,31/10/2022,31/10/2025 0:00,1074.14,2,2,North
7716,57,Female,Home,02/11/2019,02/11/2020 0:00,1431.4,2,8,South
7717,41,Male,Motor,15/06/2024,,877.45,3,10,North
7718,38,Female,Motor,22/11/2019,,901.97,2,5,North
7719,64,,Motor,03/04/2021,,922.38,5,6,West
7720,28,Female,Home,13/04/2020,13/04/2022 0:00,1415.84,0,3,South
7721,32,Female,Home,29/10/2019,29/10/2022 0:00,1161.45,4,3,West
7722,27,Female,Home,31/05/2024,31/05/2025 0:00,1387.13,4,4,South
7723,35,Male,Motor,21/09/2022,,664.24,5,3,West
7724,22,Female,Home,24/01/2021,24/01/2024 0:00,813.37,0,7,West
7725,66,Female,Motor,28/12/2019,28/12/2020 0:00,478.19,3,7,East
7726,42,Male,Home,23/05/2021,23/05/2023 0:00,1301.19,3,5,East
7727,21,Female,Motor,04/05/2023,,598.52,4,7,North
7728,39,Male,Motor,03/12/2020,,979.42,1,8,West
7729,61,Male,Auto,08/07/2024,08/07/2025 0:00,711.62,2,8,East
7730,40,Female,Home,07/12/2021,07/12/2022 0:00,1454.26,5,4,East
7731,66,Male,Motor,06/08/2021,06/08/2023 0:00,401.95,1,10,East
7732,,Female,Motor,10/10/2023,10/10/2024 0:00,1378.88,3,6,East
7733,52,Male,Home,30/12/2020,30/12/2022 0:00,831.34,2,4,South
7734,45,Female,Motor,26/07/2020,,706.08,3,9,West
7735,66,Female,Home,07/02/2021,07/02/2023 0:00,1184.74,2,,South
7736,36,Male,Motor,29/10/2022,29/10/2025 0:00,1322.12,2,6,North
7737,19,Female,Motor,05/11/2020,05/11/2022 0:00,622.74,1,10,East
7738,60,Male,Motor,10/01/2020,10/01/2022 0:00,1489.77,1,5,South
7739,35,Male,Auto,07/08/2022,07/08/2025 0:00,484.53,1,10,North
7740,39,Female,Motor,18/11/2023,,1473.4,0,4,East
7741,61,Female,Auto,24/10/2020,24/10/2022 0:00,270.03,4,9,North
7742,57,Female,Motor,17/09/2024,17/09/2025 0:00,1382.53,1,9,North
7743,66,Male,Motor,09/07/2020,,369.44,0,7,South
7744,40,Female,Auto,08/11/2023,08/11/2026 0:00,974.86,4,6,West
7745,57,Female,Motor,27/07/2021,27/07/2023 0:00,1135.74,0,8,West
7746,47,Male,Auto,14/08/2020,14/08/2021 0:00,786.65,4,9,East
7747,50,Male,Motor,29/07/2023,,1057.04,4,4,South
7748,39,Male,Motor,06/07/2023,06/07/2025 0:00,1300.68,5,9,East
7749,53,Male,Motor,15/07/2021,15/07/2022 0:00,880.06,1,2,West
7750,40,Female,Motor,31/01/2023,,1026.54,3,1,West
7751,55,Female,Motor,11/02/2023,,1477.7,4,3,East
7752,33,Male,Home,09/09/2024,09/09/2025 0:00,1499.55,2,3,West
7753,70,Male,Motor,05/08/2022,05/08/2024 0:00,1143.38,1,4,South
7754,53,Male,Home,17/04/2022,17/04/2023 0:00,260.04,4,6,North
7755,65,Male,Home,15/06/2022,15/06/2023 0:00,981.04,1,10,West
7756,42,Male,Auto,01/05/2021,01/05/2022 0:00,1101.62,3,9,West
7757,58,Female,Home,02/04/2020,,433.75,2,1,South
7758,44,Male,Home,21/01/2024,21/01/2026 0:00,1208.3,1,9,North
7759,64,,Home,23/03/2022,23/03/2025 0:00,287.1,5,7,East
7760,26,Female,Motor,05/07/2020,,841.49,0,1,West
7761,36,Female,Home,06/08/2022,06/08/2025 0:00,909.2,4,4,North
7762,37,Female,Auto,13/09/2023,13/09/2025 0:00,1151.22,0,2,South
7763,27,Male,Motor,08/03/2021,08/03/2023 0:00,1196.48,5,9,South
7764,61,Female,Motor,28/04/2021,,398.45,2,2,South
7765,58,Male,Motor,08/03/2023,08/03/2026 0:00,1421.31,,9,West
7766,29,Female,Motor,01/12/2020,01/12/2022 0:00,477.11,2,1,East
7767,20,Female,Motor,17/12/2021,,1005.42,3,8,North
7768,25,Male,Motor,27/03/2021,,379.21,1,5,East
7769,28,Female,Motor,16/02/2022,,279.32,3,3,West
7770,57,Male,Motor,21/12/2022,,359.87,0,3,South
7771,67,Female,Auto,13/06/2024,13/06/2025 0:00,1075.4,3,6,East
7772,25,Male,Motor,12/11/2021,,1438.95,5,4,North
7773,41,Female,Motor,01/05/2022,01/05/2025 0:00,1040.93,1,9,North
7774,27,Male,Motor,20/01/2022,,552.47,1,1,North
7775,43,Male,Auto,31/05/2022,31/05/2023 0:00,593.83,0,8,South
7776,28,Female,Motor,15/12/2022,15/12/2024 0:00,405.4,3,2,East
7777,27,Female,Motor,14/10/2022,14/10/2025 0:00,967.17,3,9,East
7778,33,Male,Motor,30/03/2021,30/03/2023 0:00,981.93,0,8,South
7779,22,Male,Auto,15/03/2024,15/03/2027 0:00,1381.74,0,,East
7780,60,Female,Home,08/04/2021,08/04/2022 0:00,599.69,1,7,South
7781,42,Female,Auto,14/11/2020,14/11/2023 0:00,882.21,0,1,South
7782,50,Female,Motor,18/07/2024,18/07/2026 0:00,1173.72,4,7,West
7783,24,Female,Home,03/05/2021,03/05/2022 0:00,1000.94,2,10,North
7784,33,Male,Auto,23/03/2021,23/03/2024 0:00,1155.84,5,5,West
7785,62,Female,Motor,29/04/2023,,582.88,3,1,East
7786,54,Male,Home,24/09/2019,24/09/2021 0:00,1179.98,4,4,East
7787,25,Female,Motor,21/07/2022,21/07/2023 0:00,1445.98,0,1,North
7788,24,Female,Motor,25/06/2021,25/06/2022 0:00,1093.96,2,9,North
7789,,Female,Home,17/11/2020,17/11/2021 0:00,364.64,5,10,East
7790,55,Female,Home,06/06/2023,06/06/2024 0:00,392.64,2,3,South
7791,20,Male,Motor,05/06/2023,05/06/2024 0:00,1333.79,0,5,North
7792,23,Female,Motor,10/02/2021,,533.4,2,7,West
7793,49,Male,Motor,07/11/2022,07/11/2025 0:00,331.77,2,10,West
7794,41,Female,Auto,04/04/2020,04/04/2023 0:00,1200.02,,10,West
7795,69,Female,Auto,29/07/2023,29/07/2026 0:00,1390.64,5,4,West
7796,64,Male,Motor,22/02/2023,22/02/2025 0:00,850.36,2,1,West
7797,60,Female,Home,10/06/2020,10/06/2023 0:00,943.85,2,1,East
7798,69,Female,Motor,21/05/2020,21/05/2022 0:00,867.93,4,2,West
7799,23,Female,Motor,19/09/2021,,330.51,1,3,South
7800,54,Male,Motor,04/05/2022,,1214.12,3,2,West
7801,64,Male,Motor,23/10/2022,,1365.47,5,8,South
7802,60,Male,Motor,28/01/2021,28/01/2023 0:00,678.94,3,1,South
7803,31,Male,Auto,10/04/2023,10/04/2024 0:00,528.79,1,3,West
7804,37,Female,Auto,03/01/2020,03/01/2023 0:00,1068.25,4,4,South
7805,50,Female,Motor,23/04/2023,,493.84,0,2,South
7806,58,Male,Home,06/06/2021,06/06/2022 0:00,1469.78,3,4,East
7807,41,Female,Auto,30/12/2023,30/12/2024 0:00,299.9,,1,North
7808,18,Male,Home,04/07/2021,04/07/2023 0:00,399.47,1,9,South
7809,31,Male,Motor,16/06/2024,16/06/2027 0:00,895.55,0,5,North
7810,26,Male,Motor,22/03/2023,22/03/2026 0:00,398.2,0,5,East
7811,36,Female,Auto,17/12/2022,17/12/2024 0:00,700.65,2,10,North
7812,47,Male,Motor,25/08/2023,,410.07,2,7,West
7813,18,Male,Motor,05/04/2022,05/04/2023 0:00,1387.07,3,6,North
7814,63,Female,Auto,05/06/2024,05/06/2027 0:00,458.24,2,6,South
7815,20,Female,Auto,13/11/2022,,391.99,2,3,North
7816,68,Male,Motor,11/09/2022,11/09/2023 0:00,1085.39,2,8,North
7817,61,Male,Home,22/04/2020,22/04/2021 0:00,402.6,4,8,West
7818,43,Male,Home,09/05/2023,09/05/2025 0:00,989.76,2,5,South
7819,46,Male,Motor,05/04/2024,,650.43,4,8,South
7820,58,Female,Home,12/01/2024,12/01/2025 0:00,1181.02,1,8,East
7821,70,Male,Motor,20/07/2021,20/07/2023 0:00,697.12,5,1,West
7822,25,Male,Motor,12/09/2021,,1326.16,0,8,West
7823,27,Female,Motor,04/05/2022,04/05/2023 0:00,946.4,2,8,East
7824,39,Female,Home,27/07/2023,27/07/2025 0:00,404.5,4,5,North
7825,39,Female,Home,13/11/2020,13/11/2021 0:00,375.98,1,4,East
7826,52,Female,Motor,14/02/2024,,849.19,4,10,North
7827,70,Male,Home,06/09/2023,06/09/2024 0:00,834.28,2,4,East
7828,62,,Home,18/12/2020,18/12/2023 0:00,1192.78,0,10,South
7829,60,Male,Unknown,26/05/2020,26/05/2022 0:00,722.93,2,10,East
7830,21,Male,Home,23/01/2023,23/01/2026 0:00,415.79,0,9,East
7831,,Female,Motor,10/09/2020,,507.92,0,7,North
7832,70,Male,Motor,01/03/2024,01/03/2027 0:00,255.17,2,6,North
7833,29,Male,Motor,24/06/2020,24/06/2021 0:00,689.53,2,3,East
7834,30,Male,Auto,27/05/2024,27/05/2027 0:00,1493.75,2,7,North
7835,60,Female,Motor,26/05/2021,26/05/2023 0:00,1489.21,2,2,South
7836,55,Female,Auto,06/12/2022,06/12/2024 0:00,1290.31,5,3,North
7837,50,Female,Motor,08/12/2022,,1213.69,4,2,North
7838,49,Male,Motor,03/06/2020,03/06/2021 0:00,951.84,0,4,West
7839,24,Male,Motor,12/09/2023,12/09/2025 0:00,1413.35,3,5,North
7840,70,Female,Motor,26/07/2024,26/07/2027 0:00,784.54,4,10,South
7841,62,Female,Motor,25/11/2022,,308.54,4,7,South
7842,23,Female,Home,02/11/2023,02/11/2024 0:00,329.29,1,10,West
7843,25,Male,Motor,17/04/2023,17/04/2024 0:00,1199.65,5,2,West
7844,57,Male,Auto,09/06/2020,09/06/2021 0:00,646.6,,4,South
7845,68,Male,Auto,04/10/2019,,310.15,2,8,East
7846,46,Female,Auto,15/05/2023,15/05/2025 0:00,914.38,0,6,North
7847,49,Female,Motor,29/08/2020,29/08/2023 0:00,674.8,5,,South
7848,69,Female,Auto,30/10/2023,30/10/2026 0:00,844.97,3,2,East
7849,63,Female,Motor,25/03/2021,,1022.43,4,5,North
7850,53,Female,Motor,30/08/2021,30/08/2022 0:00,833.99,0,7,East
7851,40,Female,Home,17/12/2023,17/12/2024 0:00,389.03,2,3,North
7852,46,Female,Home,04/03/2020,04/03/2023 0:00,516.56,4,1,South
7853,39,Female,Auto,03/02/2024,03/02/2026 0:00,847.95,4,7,North
7854,53,Male,Motor,28/07/2020,28/07/2023 0:00,328.53,5,2,West
7855,66,Male,Home,22/11/2019,22/11/2021 0:00,824.32,4,3,South
7856,59,Female,Home,27/06/2023,27/06/2026 0:00,1481.62,2,9,East
7857,18,Female,Home,25/04/2021,25/04/2024 0:00,809.77,4,3,West
7858,,Male,Motor,09/12/2020,,654.51,4,8,South
7859,69,Female,Home,01/06/2022,,1290.63,5,9,West
7860,31,Female,Home,19/09/2024,19/09/2026 0:00,606.47,2,5,East
7861,33,Male,Home,13/09/2024,13/09/2025 0:00,1369.26,3,4,South
7862,20,,Motor,05/01/2021,05/01/2022 0:00,716.39,3,7,North
7863,34,Male,Motor,30/06/2022,,969.47,4,6,West
7864,32,Male,Auto,21/12/2019,21/12/2020 0:00,842.17,2,8,North
7865,37,Female,Motor,10/09/2023,,647.67,2,3,South
7866,38,Female,Auto,19/08/2022,19/08/2025 0:00,1490.83,4,9,South
7867,25,Female,Auto,27/04/2022,27/04/2025 0:00,1413.25,1,3,South
7868,68,Female,Home,20/12/2023,20/12/2025 0:00,391.4,5,2,South
7869,47,Female,Motor,06/08/2024,06/08/2027 0:00,1491.75,2,4,East
7870,30,Male,Motor,06/12/2021,06/12/2024 0:00,668.96,0,6,North
7871,60,Female,Home,07/06/2021,07/06/2024 0:00,1405.78,0,2,East
7872,63,Female,Motor,05/06/2020,05/06/2022 0:00,913.33,4,9,North
7873,32,Male,Home,12/09/2020,12/09/2023 0:00,1057.13,1,2,North
7874,56,Male,Motor,05/07/2021,,366.05,1,7,North
7875,66,Male,Auto,25/11/2020,25/11/2023 0:00,1353.08,4,4,West
7876,70,Male,Home,03/06/2024,03/06/2027 0:00,942.78,0,9,East
7877,47,Female,Motor,04/05/2022,04/05/2024 0:00,817.79,2,10,South
7878,28,Male,Motor,10/04/2022,,1133.43,3,9,North
7879,51,Female,Motor,26/08/2021,,342.69,5,7,South
7880,35,Male,Home,28/08/2021,28/08/2024 0:00,879.44,5,10,East
7881,59,Female,Auto,07/06/2020,07/06/2021 0:00,invalid,1,3,East
7882,53,Female,Home,20/09/2022,20/09/2023 0:00,550.07,2,10,East
7883,23,Male,Home,23/05/2022,23/05/2025 0:00,1241.83,0,9,North
7884,21,Female,Home,15/03/2023,15/03/2024 0:00,1256.31,0,6,South
7885,29,Female,Motor,24/03/2023,,574.45,3,6,West
7886,28,Male,Home,06/12/2020,06/12/2022 0:00,883.41,4,10,North
7887,66,Female,Home,10/10/2019,,337.12,5,2,East
7888,65,Female,Motor,21/01/2023,,580.34,3,7,North
7889,42,Male,Auto,25/04/2020,25/04/2021 0:00,391.16,2,5,West
7890,,Male,Auto,08/07/2022,08/07/2024 0:00,1200.74,1,10,West
7891,65,Male,Home,03/04/2024,03/04/2026 0:00,1349.3,1,2,South
7892,70,Female,Auto,08/08/2022,08/08/2023 0:00,1195.79,0,2,South
7893,51,Female,Motor,31/08/2023,,793.91,5,4,West
7894,62,Male,Motor,11/07/2021,11/07/2022 0:00,1465.67,,5,West
7895,39,Male,Motor,25/03/2020,25/03/2022 0:00,676.23,2,2,East
7896,50,Male,Motor,19/01/2020,,646.33,0,3,North
7897,45,Female,Home,10/10/2019,10/10/2021 0:00,1029.93,1,4,East
7898,63,Male,Auto,15/09/2020,15/09/2022 0:00,829.9,4,9,West
7899,38,Female,Home,26/06/2021,26/06/2022 0:00,748.05,4,10,East
7900,51,Female,Home,30/03/2024,30/03/2027 0:00,705.51,1,7,South
7901,70,Female,Motor,11/07/2020,,900,0,10,East
7902,53,Male,Motor,30/01/2020,30/01/2023 0:00,1224.52,1,8,East
7903,38,Male,Motor,01/11/2023,01/11/2025 0:00,686.81,2,10,East
7904,55,Male,Home,25/02/2024,25/02/2026 0:00,736.93,2,10,South
7905,32,Female,Home,24/01/2021,24/01/2023 0:00,643.39,5,8,South
7906,28,Female,Motor,20/10/2021,,769.31,1,6,South
7907,46,Male,Auto,01/11/2023,,1280.41,3,3,West
7908,62,Male,Motor,11/05/2020,,718.63,1,5,North
7909,33,Female,Motor,07/10/2023,07/10/2024 0:00,762.69,4,5,North
7910,34,Male,Motor,02/02/2024,02/02/2027 0:00,713.87,0,2,East
7911,33,Female,Motor,10/03/2021,10/03/2022 0:00,1254.47,5,6,East
7912,26,Female,Home,06/05/2023,06/05/2024 0:00,1333.93,4,3,West
7913,32,Female,Home,21/06/2023,21/06/2026 0:00,555.98,4,5,West
7914,61,Male,Motor,03/12/2020,,375.66,4,8,North
7915,47,Female,Auto,10/02/2023,10/02/2026 0:00,979.79,5,4,North
7916,51,Male,Motor,24/06/2020,,482.71,4,9,South
7917,30,Male,Auto,15/11/2023,15/11/2024 0:00,1341.93,0,4,West
7918,68,,Motor,22/05/2022,,1334.96,2,10,West
7919,36,Male,Motor,02/09/2021,02/09/2023 0:00,279.59,2,8,West
7920,59,Female,Motor,17/09/2023,17/09/2026 0:00,645.96,0,2,South
7921,55,Female,Motor,09/01/2024,,648.81,2,6,North
7922,69,Female,Motor,11/04/2022,11/04/2024 0:00,1005.83,0,3,West
7923,,Male,Auto,03/09/2020,03/09/2023 0:00,852.81,3,1,North
7924,43,Female,Motor,15/07/2024,,525.57,2,9,North
7925,42,Male,Home,25/07/2024,25/07/2026 0:00,384.38,,10,North
7926,67,Male,Motor,18/09/2022,,1204.18,1,4,East
7927,66,Female,Motor,26/08/2020,,268.36,3,4,North
7928,69,Female,Motor,06/02/2021,06/02/2024 0:00,825.57,5,4,West
7929,33,Female,Auto,01/06/2022,01/06/2024 0:00,1265.22,0,9,East
7930,44,Female,Motor,19/08/2024,,1194.85,4,8,North
7931,30,Female,Motor,09/10/2022,09/10/2025 0:00,1481.55,0,2,East
7932,24,Male,Auto,20/08/2024,20/08/2025 0:00,1346.47,0,7,North
7933,36,Female,Auto,27/07/2023,27/07/2026 0:00,1491.45,3,1,West
7934,62,Male,Motor,14/07/2024,,1435.14,4,8,South
7935,63,Male,Motor,22/07/2023,22/07/2024 0:00,970.88,0,1,North
7936,42,Female,Home,14/08/2024,14/08/2027 0:00,1059.18,4,7,North
7937,47,Male,Home,07/02/2023,07/02/2025 0:00,1304.91,,8,West
7938,39,Female,Home,26/05/2022,26/05/2023 0:00,622.58,0,1,North
7939,63,Male,Home,26/04/2024,26/04/2027 0:00,1344.99,1,10,South
7940,58,Male,Home,18/06/2020,18/06/2021 0:00,1081.16,1,3,North
7941,35,Female,Motor,07/09/2023,,1356.31,0,10,North
7942,63,Male,Home,09/06/2021,09/06/2022 0:00,1419.54,4,8,East
7943,64,Male,Motor,04/12/2020,,409.55,0,1,East
7944,29,Male,Home,21/09/2021,21/09/2022 0:00,1016.88,0,2,North
7945,70,Female,Motor,15/10/2022,,644.75,1,4,West
7946,,Male,Motor,21/10/2023,,825.12,5,5,West
7947,66,Male,Home,11/01/2023,11/01/2026 0:00,463.57,1,4,North
7948,67,Female,Home,13/04/2023,13/04/2025 0:00,1204.13,4,3,South
7949,32,Female,Auto,05/12/2021,05/12/2024 0:00,983.77,5,9,East
7950,19,Female,Home,29/06/2021,29/06/2022 0:00,1177.26,1,5,East
7951,63,Female,Motor,05/04/2021,05/04/2022 0:00,1460.4,0,6,East
7952,20,Female,Motor,25/06/2020,,821.29,3,10,East
7953,30,Male,Motor,23/05/2023,,985.25,4,6,East
7954,25,Male,Motor,19/02/2024,,517.74,1,9,West
7955,47,,Auto,13/12/2021,13/12/2024 0:00,438.91,5,4,North
7956,40,Male,Auto,19/11/2023,19/11/2024 0:00,386.15,1,7,South
7957,18,Male,Home,20/06/2020,20/06/2021 0:00,515.36,3,1,South
7958,39,Male,Home,22/11/2020,22/11/2022 0:00,1218.5,4,5,West
7959,29,Female,Home,23/07/2022,23/07/2025 0:00,983.23,1,10,South
7960,52,Male,Motor,09/10/2023,09/10/2024 0:00,765.11,4,9,East
7961,21,Female,Home,03/06/2022,03/06/2023 0:00,859.89,3,6,North
7962,33,Male,Home,09/06/2020,09/06/2023 0:00,865.56,3,3,West
7963,43,Male,Home,29/11/2020,29/11/2021 0:00,875.1,1,1,South
7964,28,Male,Auto,19/02/2022,19/02/2025 0:00,693.85,0,7,South
7965,24,Male,Motor,13/04/2023,13/04/2025 0:00,519.84,2,,West
7966,21,Female,Home,20/09/2023,20/09/2024 0:00,293.49,3,6,North
7967,68,Male,Auto,17/05/2022,17/05/2025 0:00,1411.72,1,7,North
7968,37,Female,Home,12/10/2023,12/10/2024 0:00,1261.65,4,4,West
7969,62,Male,Motor,10/11/2020,10/11/2023 0:00,321.79,0,10,West
7970,18,Female,Home,16/06/2024,16/06/2026 0:00,1332.13,0,5,South
7971,39,Male,Motor,16/05/2021,,299.87,5,10,East
7972,47,Female,Auto,08/12/2021,08/12/2022 0:00,1221.6,2,4,East
7973,64,Female,Motor,18/11/2023,,1107.2,1,8,East
7974,69,Male,Motor,02/05/2020,02/05/2022 0:00,1406.18,3,2,West
7975,46,Male,Motor,15/10/2020,,1078.55,4,5,East
7976,57,Female,Auto,07/06/2023,,907.02,4,5,South
7977,27,Female,Auto,11/05/2021,11/05/2022 0:00,475.47,3,3,West
7978,67,Female,Home,01/07/2022,01/07/2024 0:00,807.59,0,5,South
7979,69,Male,Auto,31/07/2022,31/07/2023 0:00,578.79,3,4,South
7980,69,Male,Motor,20/07/2021,20/07/2024 0:00,390.42,0,7,North
7981,50,Female,Motor,19/04/2020,,532.69,2,6,East
7982,39,Female,Auto,01/05/2021,01/05/2023 0:00,575.94,5,10,North
7983,54,Female,Motor,23/05/2020,23/05/2021 0:00,725.15,2,5,West
7984,40,Female,Motor,18/12/2020,18/12/2021 0:00,352.71,3,2,South
7985,64,Female,Motor,30/09/2023,,1030.46,1,3,North
7986,54,Female,Motor,30/06/2022,,1251.33,2,5,East
7987,41,Male,Motor,26/01/2024,26/01/2025 0:00,1391.62,0,1,South
7988,,Female,Motor,08/06/2022,,351.67,1,5,South
7989,51,Female,Motor,13/08/2022,13/08/2025 0:00,1004.87,2,5,East
7990,23,Female,Home,23/02/2023,23/02/2025 0:00,436.11,0,2,North
7991,67,Male,Auto,29/12/2020,29/12/2021 0:00,836.84,5,6,North
7992,32,Female,Home,21/02/2021,21/02/2022 0:00,614.62,1,7,North
7993,44,Male,Motor,12/08/2021,12/08/2024 0:00,988.41,3,7,West
7994,39,Male,Home,31/03/2022,31/03/2024 0:00,1283.18,4,9,South
7995,33,Female,Motor,31/08/2022,31/08/2023 0:00,733.15,5,3,West
7996,31,Male,Motor,06/09/2021,06/09/2022 0:00,1116.22,3,4,South
7997,22,Male,Motor,07/04/2022,07/04/2025 0:00,1264.98,2,6,East
7998,47,Male,Motor,02/10/2020,02/10/2021 0:00,585.25,3,9,South
7999,61,Male,Home,24/11/2021,24/11/2024 0:00,1307.83,1,7,West
8000,27,Male,Auto,30/04/2021,30/04/2022 0:00,293.97,1,10,South
8001,58,Male,Motor,18/02/2023,,1480.36,5,1,West
8002,54,Male,Motor,08/12/2021,,1029.26,1,10,East
8003,24,Male,Home,27/01/2024,27/01/2025 0:00,1360.04,2,8,South
8004,28,Male,Motor,09/01/2021,09/01/2023 0:00,1180.01,4,4,West
8005,62,Male,Home,19/07/2024,19/07/2026 0:00,1484.57,1,9,East
8006,33,Female,Auto,05/02/2023,05/02/2025 0:00,923.33,4,9,North
8007,,Male,Auto,18/01/2021,18/01/2022 0:00,1026.83,5,2,North
8008,20,Male,Auto,01/11/2021,01/11/2022 0:00,429.17,3,5,South
8009,25,Male,Motor,21/05/2020,,985.81,5,9,East
8010,59,Male,Motor,11/05/2024,,1249.9,4,1,South
8011,24,Female,Motor,19/09/2021,19/09/2022 0:00,921.76,3,6,East
8012,21,Male,Motor,27/10/2022,27/10/2023 0:00,975.13,4,5,West
8013,67,Female,Motor,20/01/2022,,275.07,4,,West
8014,19,Male,Motor,19/08/2021,,339.11,2,10,East
8015,46,Male,Motor,01/05/2021,,1249.64,4,7,South
8016,54,Female,Motor,04/09/2020,04/09/2023 0:00,778.39,0,10,North
8017,44,Male,Motor,25/05/2020,,1301.23,,5,North
8018,52,Male,Auto,26/09/2021,26/09/2024 0:00,442.3,0,10,East
8019,61,Female,Motor,06/08/2024,,1429.3,5,,East
8020,20,Male,Motor,11/09/2020,,1442.58,3,3,North
8021,46,Male,Home,02/12/2019,02/12/2020 0:00,591.37,2,5,North
8022,62,Male,Motor,15/09/2024,,876.37,4,5,South
8023,25,Male,Home,12/05/2023,12/05/2026 0:00,588.31,1,4,South
8024,23,Female,Auto,25/01/2024,,1377.69,1,5,South
8025,35,Female,Home,28/05/2024,28/05/2025 0:00,1250.19,5,10,West
8026,37,Male,Motor,29/12/2021,,791.12,2,1,East
8027,44,Female,Home,03/09/2024,03/09/2025 0:00,1008.43,1,7,East
8028,42,Male,Auto,30/09/2021,30/09/2024 0:00,976.13,0,4,South
8029,21,Male,Motor,01/03/2024,01/03/2025 0:00,335.59,3,4,North
8030,35,Female,Motor,20/11/2023,,673.68,4,5,South
8031,57,Female,Motor,22/08/2022,22/08/2023 0:00,1033.47,0,10,South
8032,41,,Motor,08/04/2022,08/04/2025 0:00,761.39,5,10,North
8033,48,Male,Home,07/10/2019,07/10/2020 0:00,1200.08,2,1,North
8034,53,Male,Motor,10/06/2024,,1404.57,0,3,South
8035,67,Female,Home,18/04/2023,18/04/2024 0:00,487.35,1,7,West
8036,53,Male,Auto,17/07/2020,,729.16,2,1,East
8037,63,Male,Home,20/10/2021,20/10/2023 0:00,627.42,5,6,South
8038,69,Male,Motor,18/02/2023,,1240.79,5,3,South
8039,47,Female,Motor,12/09/2023,12/09/2025 0:00,1141.03,2,6,South
8040,20,Male,Motor,30/12/2022,,446.61,4,5,West
8041,42,Male,Auto,25/10/2021,25/10/2023 0:00,1358.71,0,6,South
8042,45,Male,Motor,20/03/2021,20/03/2023 0:00,371.42,4,1,East
8043,60,Male,Auto,19/08/2020,19/08/2022 0:00,1407.17,0,7,South
8044,69,Male,Motor,22/09/2021,22/09/2022 0:00,316.21,4,1,West
8045,45,Male,Home,16/12/2019,16/12/2022 0:00,774.17,1,2,South
8046,45,Male,Home,07/12/2022,07/12/2023 0:00,1404.97,2,7,South
8047,31,Male,Home,28/10/2023,28/10/2024 0:00,1351.2,0,5,West
8048,51,Male,Motor,18/07/2022,18/07/2025 0:00,666.42,3,10,East
8049,26,Female,Auto,04/02/2024,04/02/2025 0:00,invalid,5,7,East
8050,64,Male,Motor,05/09/2023,05/09/2026 0:00,731.97,5,2,East
8051,55,Male,Motor,20/01/2024,20/01/2025 0:00,586.08,5,8,North
8052,70,Male,Home,06/05/2020,06/05/2022 0:00,1022.36,2,4,West
8053,36,Female,Home,06/12/2021,06/12/2024 0:00,1492.28,3,8,North
8054,62,Male,Motor,15/09/2024,15/09/2025 0:00,812.73,3,3,South
8055,36,Male,Home,07/03/2020,07/03/2023 0:00,1032.33,2,1,North
8056,35,Female,Home,15/01/2023,15/01/2024 0:00,949,1,1,North
8057,18,Female,Motor,19/03/2021,19/03/2022 0:00,920.71,3,10,South
8058,60,Female,Home,29/07/2022,29/07/2024 0:00,556.05,4,7,East
8059,50,Female,Motor,31/05/2024,,1199.46,3,1,East
8060,57,Female,Auto,12/02/2020,12/02/2023 0:00,1422.85,4,1,West
8061,40,Female,Motor,19/01/2023,19/01/2024 0:00,1060.91,3,1,South
8062,56,Female,Auto,15/09/2024,15/09/2026 0:00,935.24,2,7,West
8063,56,Male,Motor,14/04/2024,,1330.67,2,9,West
8064,39,Male,Motor,07/06/2022,07/06/2023 0:00,1022.25,4,4,East
8065,68,Female,Auto,15/12/2023,15/12/2024 0:00,1136.23,4,6,South
8066,42,Male,Auto,18/12/2019,18/12/2022 0:00,1377.85,0,3,South
8067,21,Male,Home,22/02/2021,22/02/2022 0:00,1215.71,3,8,North
8068,25,Male,Motor,22/08/2021,,627.32,2,6,West
8069,43,Female,Motor,27/11/2021,,647.86,2,,South
8070,58,Female,Motor,28/10/2022,28/10/2024 0:00,909.75,1,8,North
8071,,Male,Home,09/04/2021,09/04/2024 0:00,734.99,2,2,South
8072,54,Female,Motor,19/06/2022,,761.57,0,1,South
8073,46,Male,Motor,25/03/2020,,1465.85,4,1,West
8074,32,Male,Auto,22/10/2023,22/10/2024 0:00,802.31,0,6,West
8075,53,Female,Home,06/10/2020,06/10/2021 0:00,955.44,0,5,West
8076,33,Female,Motor,18/12/2019,18/12/2020 0:00,1235.93,3,,East
8077,27,Male,Home,14/05/2023,14/05/2025 0:00,1435.45,1,2,West
8078,64,Female,Home,09/11/2023,09/11/2024 0:00,977.06,5,8,West
8079,44,Male,Auto,05/03/2020,05/03/2021 0:00,499.61,4,4,West
8080,38,Male,Motor,06/10/2022,,256.05,5,3,North
8081,37,Male,Auto,25/09/2019,25/09/2022 0:00,394.82,3,5,North
8082,42,Female,Motor,06/05/2024,,1338.77,3,1,East
8083,64,Female,Motor,19/11/2023,19/11/2025 0:00,604.8,,4,North
8084,59,Male,Home,21/02/2024,21/02/2025 0:00,879.06,0,3,East
8085,28,Male,Home,24/08/2020,24/08/2022 0:00,930.9,3,4,North
8086,56,Female,Motor,15/02/2021,15/02/2022 0:00,528.92,3,8,South
8087,44,Male,Motor,24/12/2023,,971.43,2,2,West
8088,19,Male,Home,08/09/2022,08/09/2024 0:00,401.54,5,4,South
8089,46,Male,Motor,20/03/2024,,916.57,0,3,South
8090,66,Female,Motor,01/12/2021,,905.79,4,8,North
8091,45,Male,Motor,25/10/2019,25/10/2020 0:00,817.63,5,4,West
8092,63,Male,Motor,28/07/2023,,518.94,0,4,North
8093,62,Male,Auto,26/11/2021,26/11/2024 0:00,1320.79,2,2,North
8094,25,Female,Motor,30/05/2021,,681.35,1,10,East
8095,70,Female,Motor,29/10/2023,29/10/2025 0:00,767.77,2,6,East
8096,65,Male,Home,19/10/2019,19/10/2021 0:00,1005.73,0,7,North
8097,22,Male,Motor,25/07/2021,25/07/2024 0:00,423,3,8,South
8098,38,Male,Auto,10/09/2022,10/09/2025 0:00,495.02,2,9,West
8099,62,Male,Auto,01/12/2020,01/12/2022 0:00,893.26,0,,South
8100,20,Female,Home,04/04/2023,04/04/2024 0:00,1091.04,5,8,South
8101,26,Male,Auto,07/02/2024,07/02/2027 0:00,1193.17,4,8,East
8102,35,Male,Motor,19/10/2022,,301.32,0,10,South
8103,48,Female,Home,16/09/2022,16/09/2025 0:00,817.8,4,6,South
8104,27,,Motor,10/08/2020,,1144.53,0,9,South
8105,36,Female,Auto,18/06/2023,18/06/2026 0:00,1051.57,5,,North
8106,33,Male,Motor,25/03/2020,,1444.38,0,7,East
8107,65,Male,Motor,09/01/2021,,859.73,3,1,West
8108,67,Female,Auto,06/06/2020,06/06/2021 0:00,1021.11,0,5,South
8109,22,Female,Motor,04/12/2020,,991.22,1,9,North
8110,18,Female,Auto,27/07/2024,27/07/2026 0:00,659.32,3,3,East
8111,47,Female,Motor,10/11/2020,,328.25,2,7,North
8112,41,Male,Auto,13/12/2022,13/12/2025 0:00,1309.76,2,3,South
8113,34,Male,Auto,19/08/2022,,1310.23,2,6,North
8114,55,Male,Motor,20/02/2022,,951.04,5,7,North
8115,68,Female,Auto,29/06/2023,29/06/2025 0:00,776.05,4,8,West
8116,68,Female,Home,09/06/2022,09/06/2024 0:00,605.51,5,1,West
8117,30,,Motor,03/10/2023,,1442.2,2,6,West
8118,47,Male,Motor,03/01/2021,03/01/2022 0:00,920.21,5,2,West
8119,21,Female,Motor,15/05/2021,,471.81,3,10,West
8120,56,Female,Motor,14/08/2022,14/08/2025 0:00,529.09,0,7,West
8121,68,Female,Home,07/04/2024,07/04/2026 0:00,1492.93,4,5,West
8122,32,Female,Motor,03/07/2022,03/07/2025 0:00,794.28,1,5,North
8123,28,Female,Motor,06/04/2021,06/04/2024 0:00,731.2,2,7,South
8124,69,Male,Auto,09/07/2023,09/07/2024 0:00,1027.51,3,2,South
8125,39,Male,Motor,30/12/2020,30/12/2022 0:00,1443.95,0,4,West
8126,24,Female,Motor,20/06/2021,,726.72,2,4,West
8127,31,Male,Motor,18/10/2021,18/10/2022 0:00,516.44,0,6,East
8128,41,Male,Motor,09/08/2020,,1341.06,2,10,South
8129,53,Female,Home,23/06/2020,23/06/2023 0:00,1246.77,1,1,West
8130,54,Male,Home,04/06/2022,04/06/2025 0:00,1353.29,4,6,North
8131,24,Female,Home,17/07/2020,17/07/2022 0:00,1099.42,2,7,East
8132,37,Male,Motor,26/01/2024,,1362.37,4,2,North
8133,41,Male,Home,11/01/2023,11/01/2026 0:00,820.49,1,5,South
8134,49,Female,Motor,01/10/2021,01/10/2023 0:00,684.92,3,1,North
8135,68,Female,Motor,26/12/2022,,657.2,2,6,West
8136,27,Female,Motor,06/04/2020,,1365.68,0,6,North
8137,48,Female,Home,08/05/2020,08/05/2022 0:00,1114.66,0,4,West
8138,30,Female,Home,04/02/2023,04/02/2025 0:00,1131.9,1,5,West
8139,,Male,Auto,28/12/2023,,876.47,2,7,South
8140,37,Male,Auto,08/07/2020,08/07/2021 0:00,1085.42,0,1,South
8141,43,Male,Motor,24/07/2024,,627.57,4,4,North
8142,54,Male,Auto,09/07/2021,09/07/2023 0:00,379.94,0,6,East
8143,43,Male,Home,01/10/2022,01/10/2023 0:00,987.96,4,3,West
8144,55,Female,Home,19/10/2022,19/10/2025 0:00,508.11,5,4,East
8145,65,Female,Motor,07/06/2022,07/06/2024 0:00,1366.45,3,3,West
8146,59,Male,Home,21/06/2021,21/06/2024 0:00,778.99,1,4,East
8147,66,Male,Home,05/05/2020,05/05/2022 0:00,441.19,2,5,East
8148,65,Female,Home,27/06/2023,27/06/2026 0:00,578.28,,1,North
8149,19,Female,Home,01/06/2023,01/06/2024 0:00,694.19,4,6,South
8150,24,Female,Motor,24/01/2021,24/01/2023 0:00,831.52,3,7,North
8151,39,Female,Motor,18/09/2022,,1263.38,3,10,West
8152,38,Female,Auto,31/12/2020,31/12/2023 0:00,296.67,1,8,South
8153,56,Female,Motor,17/03/2020,,1091.92,3,6,West
8154,32,Male,Home,27/11/2022,27/11/2023 0:00,489.23,4,1,West
8155,54,Male,Motor,22/04/2021,,403.1,5,5,West
8156,47,Female,Home,29/06/2021,29/06/2023 0:00,1016.55,4,6,South
8157,31,Female,Auto,16/05/2021,16/05/2022 0:00,1315.14,2,1,North
8158,48,Female,Motor,21/07/2023,,1004.66,3,4,East
8159,35,Female,Motor,01/08/2021,,352.61,2,10,South
8160,40,Male,Motor,21/08/2021,,1003,2,3,South
8161,59,Male,Auto,15/05/2022,15/05/2023 0:00,534.65,3,1,South
8162,29,Male,Motor,09/02/2021,,926.08,5,4,West
8163,35,,Motor,12/08/2020,,1390.94,2,1,West
8164,41,Male,Motor,18/04/2020,,618.51,4,5,West
8165,39,Male,Motor,27/04/2022,27/04/2024 0:00,945.53,1,1,East
8166,29,Female,Motor,13/08/2022,,621.06,3,2,North
8167,31,Male,Motor,11/02/2023,,837.61,2,7,East
8168,51,Female,Auto,09/08/2023,,688.38,0,10,East
8169,68,Male,Motor,10/03/2024,,724.52,4,3,North
8170,41,Male,Motor,17/01/2020,17/01/2023 0:00,295.81,1,4,West
8171,26,Male,Motor,23/08/2023,,1360.7,2,10,East
8172,40,Female,Home,08/10/2020,08/10/2022 0:00,764.54,3,5,South
8173,26,Male,Auto,05/12/2023,05/12/2025 0:00,1233.08,1,4,North
8174,32,Male,Motor,01/03/2022,,634.29,4,3,West
8175,32,Male,Motor,19/03/2020,19/03/2023 0:00,616.23,1,4,West
8176,26,Male,Auto,15/12/2023,15/12/2025 0:00,567.66,2,9,North
8177,33,Female,Home,13/04/2023,13/04/2024 0:00,1050.66,3,10,South
8178,54,Male,Home,03/11/2023,03/11/2025 0:00,1120.72,5,2,West
8179,51,Female,Motor,02/09/2021,,1487.89,1,7,West
8180,52,Female,Home,06/12/2021,,982.04,4,5,South
8181,29,Male,Auto,11/11/2019,11/11/2021 0:00,1381.23,5,3,North
8182,29,Female,Auto,29/01/2020,,1457.1,3,2,North
8183,61,Female,Home,16/08/2024,,608.87,4,3,East
8184,54,Male,Motor,12/06/2021,,1200.83,1,5,East
8185,50,Female,Auto,11/12/2022,11/12/2025 0:00,1369.07,5,5,East
8186,62,Female,Auto,31/03/2023,31/03/2026 0:00,1104.83,2,1,West
8187,54,Female,Auto,18/07/2020,18/07/2023 0:00,693.88,5,6,South
8188,62,Male,Motor,07/04/2024,,918.45,5,1,West
8189,70,Male,Home,29/05/2023,29/05/2024 0:00,331.21,5,9,West
8190,28,Male,Home,17/03/2020,17/03/2022 0:00,988.95,,10,East
8191,39,Male,Auto,13/01/2022,,1157.96,4,5,West
8192,52,Female,Home,16/11/2022,16/11/2024 0:00,684.21,3,2,South
8193,21,Male,Home,25/04/2024,25/04/2027 0:00,604.31,5,4,South
8194,37,Female,Home,03/03/2024,03/03/2025 0:00,317.08,5,8,West
8195,49,Female,Auto,05/07/2024,05/07/2027 0:00,699.53,3,5,North
8196,63,Male,Auto,05/01/2020,05/01/2023 0:00,1496.97,5,3,West
8197,20,,Auto,15/02/2023,15/02/2025 0:00,532.39,5,6,South
8198,44,Female,Home,07/10/2022,07/10/2024 0:00,1361.07,0,7,East
8199,31,Female,Motor,26/05/2024,,333.35,2,7,West
8200,66,Female,Home,29/10/2023,29/10/2026 0:00,793.79,0,3,East
8201,57,Male,Motor,17/08/2022,17/08/2025 0:00,871.79,2,4,West
8202,,Male,Motor,16/02/2023,16/02/2026 0:00,538.41,3,4,South
8203,44,Male,Auto,07/03/2024,07/03/2027 0:00,568.8,4,4,East
8204,30,Male,Motor,13/04/2021,,279.46,4,1,East
8205,42,Female,Motor,17/05/2021,,1469.81,2,8,South
8206,59,Female,Auto,20/05/2023,20/05/2026 0:00,518.79,1,10,South
8207,69,Female,Auto,18/03/2020,18/03/2021 0:00,266.32,3,1,West
8208,70,Female,Auto,13/01/2020,13/01/2023 0:00,568.8,0,2,East
8209,21,Female,Auto,25/11/2022,25/11/2023 0:00,1435.01,1,6,West
8210,24,Male,Home,14/08/2021,14/08/2022 0:00,514.24,3,9,South
8211,70,Male,Motor,27/09/2022,,959.92,1,3,East
8212,35,Female,Home,26/05/2022,26/05/2024 0:00,1335.48,2,7,East
8213,35,Female,Auto,30/10/2020,30/10/2023 0:00,957.59,,4,East
8214,46,Female,Home,08/03/2022,,1183.4,1,9,South
8215,58,Male,Motor,28/09/2019,28/09/2020 0:00,728.34,1,2,East
8216,27,Male,Motor,25/01/2020,,429.75,3,8,East
8217,67,Male,Motor,08/09/2021,08/09/2022 0:00,618.81,3,2,South
8218,20,Male,Home,31/07/2023,31/07/2024 0:00,518.73,0,8,East
8219,44,Female,Home,02/04/2022,02/04/2023 0:00,1051.01,0,10,West
8220,55,Male,Auto,08/01/2020,08/01/2023 0:00,768.38,5,3,North
8221,35,Male,Auto,14/11/2021,,709.85,2,9,West
8222,23,Female,Auto,17/01/2022,17/01/2025 0:00,262.83,0,3,South
8223,40,Male,Motor,30/07/2020,30/07/2022 0:00,340.11,0,2,West
8224,25,Female,Motor,22/07/2023,22/07/2025 0:00,1201.27,2,6,East
8225,20,Female,Auto,27/05/2023,27/05/2025 0:00,1117.18,,1,South
8226,33,Male,Motor,19/06/2022,19/06/2023 0:00,826.25,4,9,South
8227,44,Male,Auto,16/01/2020,16/01/2023 0:00,253.75,0,4,North
8228,58,Male,Auto,24/06/2023,24/06/2025 0:00,1454.67,4,3,East
8229,47,Female,Home,04/09/2022,04/09/2023 0:00,1357.82,,,North
8230,41,Female,Motor,15/07/2020,,1415.26,2,6,South
8231,25,Male,Auto,28/06/2022,28/06/2024 0:00,576.31,1,3,West
8232,29,Female,Auto,21/09/2024,21/09/2026 0:00,443.37,2,6,North
8233,23,Male,Motor,29/09/2020,,1079.54,4,4,South
8234,23,Female,Motor,14/01/2023,14/01/2026 0:00,633.74,,4,North
8235,62,Female,Home,02/12/2020,02/12/2021 0:00,736.89,5,1,East
8236,29,Female,Auto,18/02/2022,18/02/2023 0:00,1090.86,0,9,West
8237,29,Female,Motor,15/02/2020,,1203.11,5,8,North
8238,67,Female,Home,14/08/2024,14/08/2025 0:00,295.15,0,5,North
8239,24,Male,Auto,01/11/2022,01/11/2024 0:00,1355.23,0,10,West
8240,37,Male,Motor,05/08/2024,,554.85,4,5,North
8241,29,Male,Auto,14/04/2021,14/04/2024 0:00,781.72,0,,North
8242,67,Male,Motor,23/03/2020,,1282.85,2,4,South
8243,37,Male,Motor,26/02/2021,,781.15,3,9,East
8244,25,Male,Motor,02/01/2021,02/01/2023 0:00,477.08,5,7,North
8245,35,Male,Home,13/03/2024,13/03/2025 0:00,337.7,5,2,East
8246,69,Female,Auto,03/09/2023,03/09/2024 0:00,496.03,0,8,West
8247,29,Male,Motor,02/10/2023,,1320.03,0,10,South
8248,68,Male,Auto,18/01/2024,18/01/2027 0:00,730.68,2,10,North
8249,60,Female,Auto,29/05/2023,29/05/2026 0:00,531.76,,10,West
8250,22,Male,Motor,20/07/2020,,1207.83,1,9,South
8251,,Female,Motor,28/06/2020,28/06/2022 0:00,726.78,0,6,East
8252,68,Male,Home,31/01/2020,31/01/2023 0:00,503.5,1,2,East
8253,34,Female,Motor,22/01/2022,,827.17,5,3,East
8254,42,Female,Motor,13/03/2023,13/03/2026 0:00,590.84,5,2,South
8255,56,Male,Motor,30/03/2022,30/03/2025 0:00,1436.01,0,4,West
8256,19,Male,Home,22/07/2020,22/07/2021 0:00,1031.41,1,9,East
8257,47,Female,Home,23/06/2024,23/06/2027 0:00,697.32,0,5,West
8258,28,Female,Auto,19/03/2022,19/03/2023 0:00,709.48,5,9,South
8259,52,Female,Motor,26/08/2020,,1275.42,1,5,West
8260,66,Male,Motor,03/05/2021,03/05/2023 0:00,1374.88,5,4,East
8261,68,Male,Home,29/10/2022,29/10/2024 0:00,1335.67,3,6,North
8262,23,Female,Motor,14/07/2024,14/07/2026 0:00,1174.71,3,9,South
8263,57,Female,Home,17/08/2020,17/08/2021 0:00,1017.92,2,2,South
8264,20,Male,Motor,04/02/2024,,1137.66,0,7,West
8265,60,Female,Auto,17/10/2019,17/10/2021 0:00,1415.76,2,5,East
8266,32,Female,Motor,12/05/2020,12/05/2022 0:00,1352.59,2,2,South
8267,41,Female,Auto,13/02/2020,13/02/2022 0:00,1438.42,0,8,South
8268,65,Male,Auto,25/06/2022,25/06/2025 0:00,1349.09,2,5,North
8269,26,Female,Motor,30/12/2021,,invalid,2,7,West
8270,32,Female,Auto,16/04/2020,,1456.93,2,10,East
8271,20,Female,Motor,20/10/2021,,334.48,5,6,North
8272,53,Male,Motor,26/12/2021,,306.7,1,4,West
8273,65,Female,Auto,15/06/2022,15/06/2024 0:00,1111.83,0,1,South
8274,50,Female,Home,02/04/2021,02/04/2023 0:00,1407.37,2,9,East
8275,62,Female,Motor,23/05/2021,,1496,4,3,West
8276,66,Female,Home,03/06/2024,,783.7,2,6,West
8277,34,Female,Home,24/04/2023,24/04/2025 0:00,1141.04,3,6,West
8278,28,Male,Motor,29/12/2020,29/12/2023 0:00,692.64,5,6,North
8279,51,Female,Motor,11/06/2020,,invalid,5,4,West
8280,41,Male,Motor,28/10/2020,,1181.09,,4,East
8281,65,Male,Motor,08/02/2022,08/02/2024 0:00,827.1,4,7,East
8282,63,Male,Motor,30/12/2021,,1099.98,0,10,East
8283,61,Male,Auto,29/06/2024,29/06/2025 0:00,1216.08,2,3,West
8284,52,Female,Auto,02/09/2022,02/09/2023 0:00,855.46,4,9,North
8285,55,Male,Home,03/05/2022,03/05/2024 0:00,787.55,,9,South
8286,60,Male,Home,20/11/2022,20/11/2024 0:00,504.27,0,5,North
8287,29,Male,Motor,18/09/2022,,471.2,3,8,North
8288,66,Male,Auto,28/06/2023,28/06/2024 0:00,397.8,5,7,South
8289,68,Male,Motor,24/12/2023,,1005.15,1,9,East
8290,57,Female,Auto,21/05/2023,21/05/2024 0:00,904.04,2,,West
8291,49,Female,Auto,29/08/2022,29/08/2025 0:00,324.49,3,9,West
8292,48,Male,Home,23/03/2022,23/03/2025 0:00,424.4,0,8,East
8293,70,Male,Motor,16/01/2021,,1155.27,1,2,South
8294,63,Male,Auto,13/08/2023,13/08/2024 0:00,701.87,5,1,East
8295,67,Male,Home,05/03/2022,05/03/2025 0:00,1054.94,3,3,West
8296,58,Male,Motor,27/07/2020,27/07/2023 0:00,630.05,5,5,East
8297,41,Female,Home,08/08/2020,08/08/2021 0:00,1071.54,0,,East
8298,70,Female,Home,08/07/2021,08/07/2022 0:00,1137.13,0,1,South
8299,50,Male,Motor,13/01/2021,13/01/2024 0:00,1052.62,5,3,South
8300,67,Female,Home,21/12/2019,21/12/2022 0:00,1395.77,2,3,West
8301,34,Female,Motor,21/03/2021,21/03/2023 0:00,683.65,4,10,West
8302,46,Female,Auto,05/01/2023,05/01/2024 0:00,875.71,0,9,West
8303,68,Male,Motor,22/11/2020,,791.05,2,9,South
8304,70,Female,Home,07/04/2023,07/04/2024 0:00,1009.5,2,9,West
8305,,Male,Motor,06/07/2023,06/07/2026 0:00,842.27,5,7,North
8306,42,Male,Home,11/09/2021,11/09/2024 0:00,invalid,1,8,West
8307,19,Female,Motor,18/10/2022,18/10/2024 0:00,364.63,5,1,North
8308,36,Male,Auto,06/10/2023,06/10/2026 0:00,676.45,2,6,North
8309,33,Male,Home,23/03/2021,23/03/2023 0:00,368.81,4,6,South
8310,47,Female,Auto,23/12/2022,23/12/2023 0:00,634.51,3,6,West
8311,42,Female,Motor,07/12/2019,,986.99,1,1,East
8312,70,Male,Auto,23/03/2022,23/03/2025 0:00,264.44,0,4,East
8313,23,Male,Motor,20/02/2022,,367.15,2,1,South
8314,48,Female,Home,14/02/2024,14/02/2026 0:00,1118.67,3,6,East
8315,66,Male,Motor,08/03/2020,08/03/2022 0:00,1277.7,4,8,North
8316,54,Male,Motor,24/01/2022,24/01/2023 0:00,1458.31,2,,South
8317,53,Female,Home,12/11/2023,12/11/2024 0:00,907.29,4,,North
8318,53,Male,Motor,28/06/2021,28/06/2022 0:00,876.41,5,6,East
8319,38,Female,Home,10/02/2022,10/02/2024 0:00,1205.76,0,5,East
8320,29,Female,Home,16/10/2023,16/10/2026 0:00,504.23,4,5,West
8321,28,Male,Auto,16/01/2021,,812.8,2,1,South
8322,57,Male,Home,18/08/2021,18/08/2023 0:00,880.85,3,6,West
8323,51,Female,Home,13/06/2021,13/06/2023 0:00,937.57,0,6,East
8324,63,Female,Motor,01/02/2021,01/02/2024 0:00,858.8,3,5,South
8325,22,Female,Motor,12/06/2022,12/06/2024 0:00,801.18,0,10,South
8326,37,Male,Motor,29/09/2022,29/09/2024 0:00,1179.09,5,8,East
8327,57,Male,Motor,27/07/2020,,807.73,0,10,West
8328,32,Female,Auto,05/10/2019,05/10/2022 0:00,1402.38,0,6,West
8329,44,Female,Motor,19/04/2022,,941.64,0,3,East
8330,49,Female,Auto,06/12/2023,06/12/2026 0:00,253.15,4,3,West
8331,67,Female,Motor,18/02/2022,18/02/2023 0:00,1005.42,4,5,East
8332,26,Female,Motor,15/02/2021,,365.19,5,2,South
8333,54,Female,Motor,13/04/2021,13/04/2023 0:00,1489.29,5,6,East
8334,64,Female,Motor,10/03/2023,10/03/2025 0:00,696.45,0,4,East
8335,66,Female,Home,15/09/2024,15/09/2026 0:00,812.48,0,9,East
8336,35,Male,Home,01/01/2022,01/01/2024 0:00,1026.45,3,3,North
8337,23,Female,Auto,29/07/2024,29/07/2026 0:00,1289.34,3,5,North
8338,46,Female,Motor,09/04/2024,,438.04,0,10,North
8339,60,Male,Motor,17/08/2021,,1329.5,2,4,West
8340,29,Male,Home,19/10/2023,19/10/2025 0:00,448.73,2,,North
8341,22,Female,Motor,20/02/2024,,1196.39,4,7,North
8342,51,Female,Home,23/06/2023,23/06/2024 0:00,710.03,4,1,South
8343,25,Female,Motor,06/04/2023,06/04/2024 0:00,1042.99,2,3,South
8344,19,Female,Home,03/08/2023,03/08/2024 0:00,981.65,3,5,West
8345,30,Male,Motor,02/12/2023,02/12/2026 0:00,779.14,0,1,South
8346,61,Female,Motor,23/09/2021,,1126.03,1,8,South
8347,41,Female,Motor,17/07/2023,17/07/2025 0:00,1065.97,1,1,East
8348,55,Male,Motor,25/03/2021,25/03/2022 0:00,657.42,4,3,West
8349,28,Female,Auto,13/05/2021,,646.47,0,8,North
8350,69,Female,Motor,31/01/2024,31/01/2025 0:00,invalid,1,3,North
8351,21,Male,Motor,24/08/2024,24/08/2026 0:00,429.26,3,9,North
8352,28,Female,Auto,27/06/2021,27/06/2024 0:00,588.38,1,2,East
8353,50,Male,Auto,30/04/2024,30/04/2025 0:00,791.27,2,,West
8354,58,Female,Home,27/09/2023,27/09/2025 0:00,595.43,3,9,South
8355,44,Male,Motor,25/07/2024,25/07/2026 0:00,1118.51,2,3,East
8356,43,Male,Home,23/04/2024,23/04/2027 0:00,501.73,1,3,North
8357,48,Male,Home,06/12/2023,,897.52,4,2,North
8358,51,Male,Home,03/09/2024,03/09/2025 0:00,1187.52,5,4,East
8359,21,Female,Motor,24/12/2019,,297.33,2,2,South
8360,22,Male,Motor,09/06/2022,09/06/2024 0:00,1035.83,3,8,South
8361,30,Female,Auto,05/01/2022,05/01/2023 0:00,267.84,4,3,East
8362,30,Male,Motor,27/09/2020,27/09/2023 0:00,994.33,0,10,East
8363,31,Male,Auto,12/11/2023,12/11/2026 0:00,1059.6,1,4,South
8364,41,Female,Auto,23/01/2021,23/01/2024 0:00,1314.06,5,3,South
8365,47,Male,Home,26/08/2022,26/08/2025 0:00,925.67,2,7,East
8366,30,Female,Unknown,22/02/2024,22/02/2026 0:00,367.16,0,3,East
8367,56,Female,Home,28/01/2024,28/01/2025 0:00,386.11,,5,East
8368,55,Male,Motor,08/02/2021,,463.35,0,3,North
8369,69,Female,Home,29/08/2023,29/08/2024 0:00,1492.3,5,8,North
8370,44,Male,Motor,15/07/2021,15/07/2024 0:00,1076.53,3,8,North
8371,67,Female,Motor,25/07/2023,,978.38,1,6,North
8372,61,Female,Auto,14/02/2023,14/02/2024 0:00,817.57,3,9,North
8373,70,Female,Motor,04/10/2023,,682.22,5,1,North
8374,53,Male,Home,12/08/2023,12/08/2025 0:00,859.09,1,2,South
8375,41,Female,Motor,20/02/2020,,1035.93,3,2,North
8376,51,Female,Auto,25/12/2020,25/12/2022 0:00,373.1,0,3,East
8377,19,Female,Auto,03/08/2021,03/08/2022 0:00,649.84,4,1,South
8378,50,Female,Home,27/06/2021,27/06/2023 0:00,811.77,2,3,East
8379,19,,Auto,18/07/2024,18/07/2025 0:00,1090.2,2,1,North
8380,30,Male,Home,21/06/2022,21/06/2024 0:00,1413.25,1,3,East
8381,47,Male,Motor,05/02/2023,05/02/2024 0:00,1447.04,2,9,North
8382,28,Female,Motor,03/10/2021,,1256.14,2,2,South
8383,40,Male,Auto,11/07/2021,11/07/2022 0:00,957.38,4,2,South
8384,30,Female,Motor,26/04/2022,26/04/2024 0:00,1076.32,5,2,South
8385,22,Female,Home,30/11/2021,30/11/2022 0:00,401.69,3,2,South
8386,50,Female,Home,06/12/2021,06/12/2023 0:00,598.22,5,8,West
8387,41,Male,Motor,23/03/2024,,898.75,3,,South
8388,62,Male,Auto,07/07/2020,07/07/2022 0:00,344.29,4,8,South
8389,34,Male,Home,16/08/2024,16/08/2025 0:00,1334.89,4,2,South
8390,42,Female,Auto,25/12/2019,25/12/2022 0:00,676.89,2,5,East
8391,40,Male,Home,27/04/2020,27/04/2022 0:00,568.85,1,7,West
8392,42,Male,Motor,29/05/2021,29/05/2023 0:00,1252.57,1,6,East
8393,24,Female,Motor,17/05/2024,,1071.28,4,3,North
8394,58,Male,Motor,12/12/2023,12/12/2024 0:00,1109.42,2,10,West
8395,40,Male,Home,22/03/2022,22/03/2023 0:00,548.04,4,4,West
8396,64,Female,Auto,14/01/2021,14/01/2023 0:00,1060.94,1,3,South
8397,57,Male,Home,15/09/2023,,547.11,5,2,East
8398,35,Female,Motor,27/08/2024,,251.04,4,8,East
8399,64,Female,Home,28/01/2022,28/01/2023 0:00,1149.29,3,2,South
8400,44,Male,Motor,27/04/2021,27/04/2022 0:00,1364.14,1,7,North
8401,52,Male,Motor,01/02/2024,,859.3,0,9,East
8402,55,Male,Motor,22/04/2023,22/04/2025 0:00,613.48,1,7,West
8403,24,Female,Motor,16/05/2020,16/05/2021 0:00,1472.08,,3,South
8404,48,Female,Motor,15/10/2022,,860.66,4,8,North
8405,67,Male,Motor,11/05/2023,11/05/2025 0:00,821.29,2,7,South
8406,,Female,Motor,27/04/2023,27/04/2025 0:00,803.96,1,3,East
8407,43,Male,Auto,25/11/2023,25/11/2024 0:00,382.67,3,8,East
8408,66,Female,Home,23/12/2020,23/12/2023 0:00,968.11,0,6,West
8409,31,Female,Home,09/02/2023,09/02/2026 0:00,762.91,3,3,West
8410,22,Female,Home,13/06/2023,13/06/2026 0:00,955.88,3,,North
8411,39,Female,Motor,20/01/2023,,572,2,7,East
8412,55,Male,Home,24/08/2020,24/08/2021 0:00,295,5,8,North
8413,39,Female,Motor,02/09/2024,,365.12,3,5,West
8414,45,Male,Auto,30/04/2024,30/04/2027 0:00,1403.6,5,8,South
8415,22,Female,Motor,28/04/2023,,1256.46,1,1,West
8416,59,Female,Auto,19/04/2024,19/04/2026 0:00,1441.59,3,1,West
8417,,Female,Motor,25/10/2019,,1385.02,4,,North
8418,30,Male,Auto,14/12/2020,14/12/2021 0:00,1398.7,5,8,East
8419,69,Female,Auto,27/10/2022,27/10/2025 0:00,755.84,0,3,North
8420,38,Female,Motor,18/04/2024,,843.52,1,2,East
8421,62,Male,Motor,31/12/2023,31/12/2024 0:00,1172.48,1,,West
8422,64,Male,Home,26/10/2021,26/10/2024 0:00,400.43,4,10,North
8423,70,Female,Motor,19/08/2021,19/08/2022 0:00,348.78,3,4,West
8424,42,Male,Motor,28/01/2021,28/01/2023 0:00,invalid,2,7,South
8425,45,Female,Motor,20/01/2020,,691.08,0,4,North
8426,69,Male,Motor,06/09/2024,06/09/2026 0:00,264.81,5,10,South
8427,30,Female,Home,26/08/2023,26/08/2026 0:00,734.53,3,7,East
8428,24,Male,Home,27/09/2021,27/09/2023 0:00,548.77,4,6,East
8429,48,Male,Auto,24/03/2024,24/03/2025 0:00,638.63,0,5,North
8430,67,Female,Motor,14/05/2024,,466.9,5,3,West
8431,42,Male,Auto,24/08/2022,24/08/2023 0:00,751.74,3,10,East
8432,55,Male,Home,28/06/2022,28/06/2025 0:00,253.73,2,9,East
8433,51,Female,Motor,21/12/2020,,499.65,1,10,South
8434,35,Female,Motor,15/08/2024,15/08/2027 0:00,822.26,2,1,North
8435,,Female,Motor,15/06/2023,,1233.37,5,2,North
8436,58,Female,Auto,01/06/2021,01/06/2022 0:00,807.21,0,6,West
8437,37,Female,Home,26/11/2020,26/11/2021 0:00,1421.16,4,7,East
8438,61,Female,Home,30/10/2022,30/10/2024 0:00,959.04,5,2,North
8439,19,Female,Motor,07/06/2022,,849.54,3,6,North
8440,43,Female,Home,08/04/2021,08/04/2023 0:00,1226.24,,1,North
8441,35,Female,Auto,17/04/2023,17/04/2024 0:00,811.63,3,2,South
8442,64,Male,Motor,21/08/2023,,996.52,0,10,South
8443,60,Male,Auto,14/04/2023,14/04/2026 0:00,839.88,3,4,West
8444,29,,Home,04/07/2021,04/07/2024 0:00,935.08,4,10,West
8445,42,Male,Motor,17/04/2024,,908.78,0,5,East
8446,32,Male,Motor,27/06/2023,,925.67,0,10,North
8447,46,Male,Motor,22/08/2021,22/08/2023 0:00,846.97,3,10,West
8448,62,Male,Home,09/04/2020,09/04/2023 0:00,1360.1,5,7,West
8449,46,Male,Motor,01/09/2022,01/09/2024 0:00,1004.54,4,6,South
8450,49,Female,Auto,25/08/2023,25/08/2026 0:00,1172.49,3,6,North
8451,40,Female,Motor,18/11/2022,,292.69,1,6,South
8452,,Female,Auto,04/08/2023,04/08/2025 0:00,910.67,1,2,South
8453,34,Female,Auto,10/01/2021,10/01/2022 0:00,1204.23,1,2,West
8454,29,Male,Motor,06/07/2021,06/07/2024 0:00,304.01,1,7,East
8455,53,Female,Home,27/04/2022,,1418.6,4,3,West
8456,55,Female,Auto,08/06/2022,08/06/2023 0:00,676.68,2,4,North
8457,40,Female,Auto,29/07/2023,29/07/2026 0:00,657.32,5,8,North
8458,29,Female,Home,28/11/2019,28/11/2022 0:00,965.37,0,8,East
8459,59,Male,Motor,16/11/2022,,1429.67,0,6,South
8460,49,Male,Motor,21/01/2024,21/01/2027 0:00,1441.26,1,10,West
8461,61,Male,Auto,21/01/2022,21/01/2023 0:00,508.7,2,2,East
8462,41,Male,Motor,17/01/2020,,1346.76,4,2,East
8463,38,Male,Auto,20/06/2023,20/06/2024 0:00,407.47,0,4,South
8464,24,Female,Motor,04/12/2022,,767.84,2,2,North
8465,21,Female,Home,08/01/2023,08/01/2026 0:00,1012.01,4,1,South
8466,57,Female,Home,08/10/2020,08/10/2021 0:00,1190.51,1,9,West
8467,34,Male,Motor,27/12/2023,,334.79,2,7,South
8468,32,Male,Auto,16/11/2021,16/11/2023 0:00,1170.58,5,8,South
8469,30,Female,Motor,15/10/2019,,556.32,0,10,West
8470,,Female,Home,06/10/2022,06/10/2024 0:00,748.35,4,2,North
8471,20,Female,Motor,07/06/2024,,1053.75,3,3,South
8472,,Female,Motor,08/02/2023,08/02/2025 0:00,850.24,1,8,North
8473,24,Female,Auto,12/03/2024,12/03/2025 0:00,663.33,4,8,North
8474,43,Female,Motor,10/05/2022,,320.97,0,10,East
8475,25,Male,Home,21/09/2024,21/09/2026 0:00,653.53,5,5,East
8476,55,Female,Home,17/10/2020,17/10/2021 0:00,1349.76,0,10,West
8477,29,Female,Auto,23/03/2022,23/03/2025 0:00,397.17,3,4,West
8478,39,Male,Auto,23/07/2024,23/07/2027 0:00,879.43,3,3,West
8479,52,Male,Home,06/09/2024,06/09/2026 0:00,481.81,1,10,South
8480,42,Female,Motor,10/07/2024,10/07/2027 0:00,1429.81,3,8,North
8481,22,Female,Motor,26/05/2023,,1480.73,2,10,East
8482,69,Female,Motor,05/09/2020,05/09/2023 0:00,773.37,3,10,North
8483,37,,Motor,16/03/2020,,781.46,2,9,South
8484,50,Male,Auto,26/05/2022,26/05/2024 0:00,380.43,1,7,East
8485,26,Male,Motor,17/10/2023,,905.5,2,1,East
8486,44,Female,Auto,18/04/2020,18/04/2022 0:00,283.23,0,4,East
8487,51,Male,Auto,24/05/2020,24/05/2021 0:00,925.72,4,2,South
8488,,Female,Home,28/11/2023,28/11/2026 0:00,564.23,5,6,North
8489,37,Female,Motor,28/08/2022,28/08/2024 0:00,1497.72,,5,East
8490,21,Male,Motor,18/05/2020,,886.83,3,4,South
8491,,Male,Auto,23/08/2022,23/08/2025 0:00,654.4,1,2,North
8492,61,Male,Auto,26/07/2020,26/07/2023 0:00,640.73,5,2,South
8493,47,Male,Motor,01/06/2020,01/06/2023 0:00,418.26,2,2,South
8494,53,Female,Auto,13/03/2020,13/03/2021 0:00,1031.22,2,1,North
8495,51,Male,Motor,09/02/2023,09/02/2026 0:00,795.14,2,10,East
8496,48,Female,Auto,04/11/2020,04/11/2022 0:00,274.68,3,,North
8497,60,Female,Home,23/12/2021,23/12/2023 0:00,1336.98,0,9,North
8498,26,Female,Motor,23/11/2019,,580.04,1,6,South
8499,27,Male,Home,12/06/2023,12/06/2025 0:00,1490.96,1,6,South
8500,,Female,Motor,15/08/2020,,272.06,1,3,North
8501,42,Male,Motor,07/10/2019,07/10/2020 0:00,1260.03,4,2,West
8502,39,Male,Auto,04/07/2022,04/07/2023 0:00,1249.09,5,9,West
8503,21,Male,Auto,18/07/2024,18/07/2025 0:00,730.05,4,4,West
8504,57,Male,Motor,28/06/2021,28/06/2024 0:00,1349.56,4,7,East
8505,31,Male,Home,23/05/2021,23/05/2023 0:00,312.62,1,5,South
8506,59,Male,Motor,16/08/2024,16/08/2026 0:00,1059.97,1,10,South
8507,59,Male,Motor,27/06/2020,27/06/2022 0:00,431.57,2,9,South
8508,27,Male,Home,30/08/2022,30/08/2024 0:00,1197.86,3,,South
8509,46,Male,Home,27/11/2022,27/11/2025 0:00,1170.36,,4,North
8510,63,Female,Auto,07/12/2021,07/12/2022 0:00,1355.35,1,8,East
8511,35,Female,Motor,25/03/2023,25/03/2024 0:00,768.66,5,5,North
8512,37,Female,Home,30/12/2022,30/12/2025 0:00,1282.02,4,4,East
8513,35,Female,Home,24/07/2020,24/07/2022 0:00,1029.24,2,1,West
8514,60,Male,Home,19/03/2024,19/03/2025 0:00,802.44,0,2,West
8515,67,Female,Auto,28/06/2023,28/06/2026 0:00,1034.73,5,4,East
8516,53,Male,Motor,17/08/2023,,1148.21,2,8,West
8517,24,Female,Motor,29/11/2021,29/11/2022 0:00,1402.86,0,9,North
8518,23,Male,Motor,23/08/2021,,628.46,5,6,South
8519,24,Female,Motor,02/09/2020,,1489.31,5,2,South
8520,22,Male,Auto,17/08/2024,17/08/2027 0:00,396.27,2,7,East
8521,47,Female,Motor,27/06/2020,27/06/2023 0:00,1451.75,0,2,East
8522,58,Male,Motor,01/05/2024,,1017.68,0,2,East
8523,43,Male,Motor,17/04/2021,17/04/2022 0:00,407.94,5,4,North
8524,43,Male,Auto,26/03/2023,26/03/2025 0:00,638.41,3,10,East
8525,20,Female,Home,07/07/2022,07/07/2025 0:00,1369.54,5,8,West
8526,26,Female,Home,11/09/2023,11/09/2024 0:00,983.02,2,6,South
8527,64,Female,Motor,29/02/2020,,1348.78,4,9,North
8528,49,Female,Motor,02/03/2020,,722.92,3,9,South
8529,52,Female,Auto,12/11/2019,12/11/2022 0:00,475.75,5,3,East
8530,70,Male,Motor,28/05/2021,,411.33,1,5,South
8531,58,Male,Home,02/03/2022,02/03/2025 0:00,1112.17,3,1,South
8532,31,Female,Motor,29/02/2020,,581.08,2,3,West
8533,20,Male,Auto,19/04/2020,19/04/2022 0:00,468.89,0,9,West
8534,49,Male,Home,15/07/2020,15/07/2022 0:00,434.59,2,1,West
8535,24,Female,Home,09/04/2021,09/04/2024 0:00,1299.83,2,8,North
8536,50,Male,Home,18/08/2024,18/08/2025 0:00,1191.5,4,8,South
8537,62,Male,Motor,06/07/2021,06/07/2023 0:00,604.58,0,9,West
8538,24,Female,Auto,31/03/2022,31/03/2024 0:00,1048.13,2,7,East
8539,62,Male,Auto,24/06/2022,24/06/2024 0:00,1024.37,4,5,East
8540,45,Male,Auto,04/03/2023,04/03/2024 0:00,663.61,4,2,East
8541,66,Female,Motor,23/08/2021,,675.67,3,5,East
8542,22,Female,Motor,10/10/2021,10/10/2024 0:00,731.7,5,7,East
8543,28,Female,Motor,03/01/2022,03/01/2024 0:00,1052.6,1,5,South
8544,23,Female,Motor,01/06/2020,01/06/2022 0:00,404.59,1,4,East
8545,43,Male,Auto,06/12/2021,06/12/2024 0:00,833.65,1,4,East
8546,18,Male,Motor,18/02/2024,18/02/2026 0:00,1247.55,3,4,North
8547,69,Female,Motor,11/10/2023,,431.34,0,10,North
8548,69,Male,Motor,02/04/2024,02/04/2027 0:00,1255.47,3,4,West
8549,,Female,Motor,22/04/2023,,661.85,1,2,North
8550,57,,Auto,23/03/2021,23/03/2022 0:00,519.53,3,2,North
8551,70,Female,Motor,07/07/2024,,483.48,0,8,North
8552,22,Male,Motor,18/03/2024,,753.87,0,8,South
8553,68,Female,Home,28/01/2021,28/01/2022 0:00,752.1,3,2,East
8554,29,Male,Motor,12/04/2023,12/04/2025 0:00,608.07,0,9,North
8555,46,Female,Auto,10/01/2021,10/01/2023 0:00,750.33,0,2,North
8556,25,Male,Auto,11/11/2020,11/11/2022 0:00,1106.18,0,2,North
8557,48,Female,Motor,06/07/2024,06/07/2025 0:00,1400.35,4,9,West
8558,58,Male,Motor,23/07/2022,23/07/2024 0:00,1439.54,4,5,North
8559,,Female,Auto,25/05/2021,25/05/2024 0:00,289.2,4,6,South
8560,52,Male,Home,04/05/2023,04/05/2024 0:00,1358.44,3,9,South
8561,53,Male,Home,21/08/2022,21/08/2024 0:00,672.02,5,2,South
8562,50,Male,Motor,19/12/2019,19/12/2022 0:00,1114.66,2,10,East
8563,55,Male,Auto,07/07/2023,07/07/2026 0:00,893.09,2,6,East
8564,33,Male,Motor,14/08/2022,,1076.72,1,8,South
8565,27,Male,Motor,04/12/2019,04/12/2021 0:00,840.5,4,10,North
8566,59,Female,Auto,13/05/2021,13/05/2024 0:00,684.23,2,2,North
8567,38,Male,Motor,23/09/2022,23/09/2024 0:00,1261.85,4,5,North
8568,65,Male,Home,02/07/2022,02/07/2025 0:00,1244.9,4,4,East
8569,35,Female,Motor,11/08/2023,,603.96,4,4,West
8570,18,Female,Auto,26/02/2021,26/02/2024 0:00,1120.81,0,8,East
8571,36,Male,Motor,06/11/2020,06/11/2021 0:00,460.22,1,10,North
8572,56,Male,Motor,26/02/2023,,795.12,3,8,South
8573,28,Female,Motor,11/12/2023,11/12/2024 0:00,1081.46,5,,East
8574,35,Female,Auto,21/07/2021,21/07/2024 0:00,875.23,0,9,East
8575,26,Female,Motor,12/09/2022,12/09/2024 0:00,1033.17,2,1,North
8576,54,Male,Motor,18/07/2020,18/07/2022 0:00,1238.04,0,4,West
8577,24,Female,Motor,13/09/2022,13/09/2023 0:00,1329.51,1,3,East
8578,36,Female,Auto,25/04/2021,25/04/2023 0:00,1269.7,1,2,East
8579,69,Male,Motor,11/06/2020,11/06/2021 0:00,1269.19,2,10,South
8580,41,Female,Motor,29/06/2024,,1483.12,1,8,West
8581,35,Female,Motor,22/03/2022,,1372.64,1,7,South
8582,66,Female,Motor,25/04/2020,25/04/2022 0:00,1107.06,3,6,East
8583,58,Male,Motor,16/11/2019,,1084,2,5,North
8584,47,Male,Home,21/07/2021,21/07/2022 0:00,530.94,4,5,East
8585,52,Male,Home,05/05/2020,05/05/2021 0:00,1352.49,0,2,North
8586,46,Female,Motor,08/01/2020,,587.49,3,1,North
8587,61,Female,Motor,08/03/2021,08/03/2023 0:00,1009.36,4,7,North
8588,54,Female,Auto,21/05/2023,21/05/2025 0:00,1119.79,0,10,East
8589,28,,Auto,11/12/2019,11/12/2020 0:00,1278.48,5,10,North
8590,23,Male,Motor,29/01/2020,29/01/2022 0:00,542.84,3,10,South
8591,32,Female,Home,17/03/2022,17/03/2024 0:00,1318.64,0,10,North
8592,38,Male,Motor,24/03/2023,,514.94,5,8,West
8593,21,Male,Auto,01/08/2022,01/08/2024 0:00,1184.04,2,4,South
8594,45,Male,Motor,08/04/2020,08/04/2022 0:00,1427.89,5,10,West
8595,59,Male,Home,05/01/2022,05/01/2024 0:00,994.65,0,10,South
8596,42,Male,Auto,29/07/2024,29/07/2026 0:00,722.57,0,4,West
8597,33,Male,Motor,17/08/2021,,1263.83,4,9,South
8598,47,Female,Motor,08/10/2022,08/10/2023 0:00,1193.89,1,1,South
8599,57,Female,Auto,28/02/2021,28/02/2024 0:00,1478.77,1,4,East
8600,19,Female,Auto,10/06/2023,,935.86,0,4,North
8601,44,Female,Motor,23/07/2022,,405.02,1,9,West
8602,29,Male,Auto,25/11/2020,25/11/2021 0:00,1310.19,5,4,East
8603,36,Female,Motor,14/02/2021,,618.74,0,3,North
8604,49,Female,Motor,06/11/2022,,1094.94,4,2,East
8605,56,Female,Motor,19/02/2024,,1356.43,0,9,South
8606,32,Female,Home,18/05/2023,18/05/2025 0:00,1083.98,4,3,South
8607,39,Male,Home,27/06/2020,27/06/2022 0:00,603.55,0,4,East
8608,24,Female,Motor,22/02/2022,,759.01,4,5,West
8609,46,Female,Auto,10/07/2020,10/07/2022 0:00,535.55,2,3,North
8610,39,Male,Motor,07/02/2023,,1482.76,0,4,West
8611,47,Female,Motor,12/05/2021,12/05/2023 0:00,705.82,2,2,West
8612,48,Male,Home,31/01/2024,31/01/2027 0:00,1346.8,2,8,North
8613,28,Female,Home,02/09/2024,02/09/2025 0:00,983.83,2,4,East
8614,24,Male,Motor,08/06/2021,,977.02,4,10,South
8615,20,Male,Motor,09/07/2021,09/07/2023 0:00,invalid,0,7,East
8616,24,Female,Auto,04/02/2024,04/02/2027 0:00,1366.88,1,8,East
8617,68,Male,Home,22/07/2021,22/07/2023 0:00,297.07,3,9,North
8618,62,Male,Home,30/11/2021,30/11/2022 0:00,1397.19,2,3,East
8619,57,Female,Motor,07/12/2019,07/12/2020 0:00,563.09,5,5,East
8620,,Male,Motor,31/03/2023,31/03/2025 0:00,682.09,2,1,South
8621,43,Male,Motor,27/07/2021,27/07/2024 0:00,963.12,1,7,North
8622,32,Female,Motor,21/11/2019,21/11/2021 0:00,313.98,5,7,East
8623,45,Female,Auto,26/05/2024,26/05/2025 0:00,593.55,5,4,West
8624,30,Male,Motor,02/06/2020,,442.1,2,5,North
8625,67,Female,Auto,10/12/2022,10/12/2024 0:00,507.65,2,9,South
8626,,Female,Motor,14/06/2020,,444.96,1,4,South
8627,31,Male,Auto,28/09/2019,28/09/2020 0:00,1127.2,4,7,North
8628,33,Female,Home,20/12/2022,20/12/2023 0:00,1250.26,4,5,South
8629,19,Female,Motor,09/08/2021,,679.12,3,6,North
8630,64,Female,Auto,15/06/2023,,956.26,1,1,South
8631,40,Female,Motor,26/05/2022,,509.94,3,2,West
8632,36,Female,Auto,30/07/2021,30/07/2023 0:00,266.28,4,5,East
8633,21,Female,Auto,05/08/2020,05/08/2023 0:00,1004.04,1,10,South
8634,21,Female,Motor,08/08/2021,,1241.33,1,8,South
8635,48,Male,Auto,27/06/2022,27/06/2025 0:00,1303.09,1,9,East
8636,44,Female,Motor,31/05/2024,31/05/2025 0:00,1159.81,3,10,East
8637,36,Female,Motor,12/02/2023,12/02/2025 0:00,1019.97,3,9,South
8638,23,Female,Motor,20/04/2024,20/04/2025 0:00,419.39,1,6,South
8639,28,Female,Motor,24/09/2020,24/09/2023 0:00,616.16,5,6,West
8640,39,Female,Auto,28/08/2024,28/08/2025 0:00,999.47,2,8,South
8641,54,Male,Home,07/03/2022,07/03/2023 0:00,582.25,5,7,South
8642,19,Male,Motor,01/04/2020,01/04/2023 0:00,953.02,1,10,West
8643,70,Male,Motor,01/11/2019,,964.49,0,3,East
8644,39,Male,Motor,13/03/2022,,1158.86,1,9,North
8645,60,Male,Motor,06/01/2020,,610.28,1,1,East
8646,67,Male,Auto,04/04/2021,04/04/2022 0:00,902.93,2,1,West
8647,45,Female,Home,11/01/2023,11/01/2025 0:00,invalid,1,10,East
8648,21,Male,Auto,19/10/2020,19/10/2021 0:00,1455.52,1,10,South
8649,49,Female,Motor,08/05/2021,08/05/2024 0:00,1403.99,4,7,North
8650,47,Male,Motor,24/03/2022,24/03/2023 0:00,794.84,1,6,East
8651,31,Female,Motor,25/06/2023,25/06/2024 0:00,258.19,3,9,South
8652,68,Male,Auto,14/08/2024,14/08/2026 0:00,616.87,4,4,East
8653,47,Male,Auto,19/01/2020,19/01/2022 0:00,971.04,3,9,South
8654,26,Female,Home,02/06/2021,02/06/2024 0:00,1209.02,4,1,West
8655,67,Female,Home,15/06/2020,15/06/2021 0:00,709.68,0,5,West
8656,41,Female,Motor,16/04/2021,,590.91,4,5,East
8657,49,Female,Motor,10/04/2023,10/04/2024 0:00,404.46,0,2,South
8658,37,Male,Auto,29/03/2021,29/03/2024 0:00,394.25,4,1,East
8659,60,Female,Home,05/10/2020,05/10/2023 0:00,1495.6,5,8,North
8660,65,Female,Motor,19/09/2024,,823.49,1,2,East
8661,65,Female,Motor,14/03/2024,,385.63,2,1,East
8662,43,Male,Motor,18/11/2021,,877.72,4,2,East
8663,31,Male,Home,06/03/2021,,678.35,5,9,East
8664,52,Male,Auto,29/03/2021,29/03/2023 0:00,1285.74,0,5,North
8665,67,Female,Home,25/03/2024,25/03/2025 0:00,642.92,2,6,South
8666,53,Female,Home,05/03/2023,05/03/2024 0:00,924.74,2,2,North
8667,36,Male,Motor,19/08/2021,,677.19,4,9,North
8668,18,Female,Home,27/03/2022,27/03/2025 0:00,1132.15,2,8,North
8669,20,Female,Home,07/10/2019,07/10/2022 0:00,1472.86,4,6,West
8670,33,Female,Auto,13/04/2024,13/04/2027 0:00,1282.46,1,3,East
8671,37,Female,Motor,24/01/2020,,1339,5,1,South
8672,57,Male,Motor,05/12/2022,,948.54,,9,West
8673,25,Male,Motor,22/11/2021,22/11/2024 0:00,878.41,4,9,South
8674,50,Male,Motor,24/12/2019,,638.31,3,2,South
8675,40,Male,Motor,24/10/2019,24/10/2021 0:00,1308.97,5,2,East
8676,65,Male,Motor,29/11/2019,29/11/2021 0:00,923.1,4,8,North
8677,37,Female,Home,17/03/2024,,996.92,3,7,South
8678,49,Female,Auto,08/11/2021,08/11/2023 0:00,1029.92,0,8,South
8679,,Female,Motor,18/07/2021,18/07/2023 0:00,629.37,0,4,North
8680,52,Male,Motor,01/08/2024,,1303.64,5,3,North
8681,24,Male,Motor,11/04/2024,,1391.23,4,,West
8682,,Male,Home,19/07/2021,19/07/2024 0:00,760.56,1,,North
8683,,Female,Home,16/12/2019,16/12/2022 0:00,618.17,0,1,North
8684,48,Male,Motor,04/12/2022,04/12/2024 0:00,567.13,3,1,South
8685,64,Male,Motor,31/12/2023,,487.71,4,7,South
8686,70,Female,Motor,16/04/2023,,invalid,1,9,East
8687,67,Male,Auto,29/11/2020,29/11/2021 0:00,897.98,2,2,West
8688,61,Female,Auto,30/07/2022,30/07/2023 0:00,875.68,,5,North
8689,34,Male,Motor,19/10/2019,,1372.24,4,1,East
8690,24,Male,Home,05/08/2023,05/08/2025 0:00,1190.97,3,1,West
8691,58,Male,Auto,17/11/2022,17/11/2023 0:00,1183.31,0,7,North
8692,63,Female,Motor,15/02/2022,15/02/2023 0:00,315.31,3,1,West
8693,29,Female,Motor,27/04/2020,,554.76,1,10,West
8694,59,Male,Motor,08/05/2022,,924.48,0,5,North
8695,37,Female,Auto,04/12/2019,04/12/2022 0:00,1130.44,5,7,East
8696,28,Male,Home,21/02/2020,,830.53,2,8,East
8697,47,Male,Motor,07/10/2019,,329.84,2,4,West
8698,54,Male,Motor,23/05/2020,,885.09,1,6,East
8699,55,Male,Motor,05/09/2024,,576,0,6,West
8700,21,Female,Auto,09/08/2021,09/08/2024 0:00,567.37,0,7,North
8701,22,Male,Motor,21/12/2022,,1436.69,2,2,West
8702,25,Female,Motor,05/03/2024,05/03/2025 0:00,478.24,1,5,West
8703,68,Male,Motor,11/08/2024,,321.63,1,2,North
8704,56,Male,Motor,07/09/2023,07/09/2025 0:00,491.22,1,4,South
8705,19,Female,Motor,02/05/2024,,1056.28,2,6,North
8706,33,Female,Home,24/11/2022,24/11/2024 0:00,1048.98,5,1,East
8707,57,Female,Home,24/03/2023,24/03/2025 0:00,271.11,3,1,West
8708,,Female,Motor,23/08/2020,23/08/2022 0:00,967.53,5,1,West
8709,59,Female,Home,17/12/2019,17/12/2022 0:00,513.86,5,2,North
8710,33,Female,Home,07/10/2020,07/10/2021 0:00,930.13,4,10,North
8711,55,Female,Auto,03/10/2021,03/10/2022 0:00,376.91,5,5,East
8712,54,Male,Motor,03/02/2021,,1096.05,,10,West
8713,62,Female,Motor,18/11/2019,18/11/2022 0:00,441.81,4,7,South
8714,48,Female,Motor,05/04/2020,,553.83,3,1,East
8715,68,Male,Motor,13/09/2023,13/09/2025 0:00,880.5,5,9,East
8716,64,Male,Home,17/06/2024,17/06/2026 0:00,442.56,3,2,West
8717,48,Female,Auto,14/07/2020,14/07/2023 0:00,523.83,5,7,East
8718,63,Male,Auto,06/03/2023,06/03/2026 0:00,1141.24,5,8,East
8719,57,Male,Motor,21/07/2024,21/07/2025 0:00,775.88,4,3,North
8720,68,Female,Motor,16/01/2021,,1153.19,0,10,North
8721,41,Male,Motor,15/07/2024,15/07/2027 0:00,932.8,2,1,West
8722,35,Male,Auto,17/01/2023,17/01/2024 0:00,382.27,1,8,North
8723,59,Female,Auto,05/01/2022,05/01/2025 0:00,1432.69,1,9,East
8724,34,Male,Motor,27/12/2022,,1164.23,0,7,South
8725,36,Male,Home,31/05/2022,31/05/2025 0:00,1080.2,4,2,South
8726,48,Female,Home,13/07/2024,13/07/2027 0:00,453.98,1,6,South
8727,69,Female,Home,19/07/2020,19/07/2023 0:00,796.67,4,4,North
8728,70,Female,Auto,08/08/2022,08/08/2023 0:00,313.44,4,9,West
8729,33,Male,Motor,04/11/2021,04/11/2023 0:00,1316.72,2,4,North
8730,44,Female,Home,31/07/2021,31/07/2024 0:00,invalid,4,4,East
8731,53,Male,Motor,04/03/2023,04/03/2025 0:00,964.76,4,10,West
8732,47,Male,Auto,10/10/2019,10/10/2022 0:00,644.99,4,8,West
8733,54,Male,Auto,17/12/2023,17/12/2024 0:00,362.71,0,2,West
8734,31,Female,Home,12/05/2020,12/05/2023 0:00,1000.97,5,6,South
8735,31,Male,Auto,21/07/2021,21/07/2024 0:00,585.36,5,4,South
8736,40,Female,Auto,29/07/2024,29/07/2025 0:00,1434.44,4,4,North
8737,69,Female,Motor,28/06/2023,28/06/2026 0:00,419.87,4,2,North
8738,66,Female,Motor,06/01/2021,,427.36,0,10,East
8739,69,Male,Motor,11/06/2021,,933.48,1,8,East
8740,47,Female,Home,23/08/2023,23/08/2024 0:00,373.01,2,2,West
8741,70,Female,Motor,22/02/2021,,706.03,0,8,East
8742,24,Female,Auto,06/12/2019,06/12/2021 0:00,721.97,5,9,South
8743,21,Male,Motor,19/11/2021,,1327.82,5,2,West
8744,40,Female,Home,22/12/2023,22/12/2026 0:00,1063.65,0,8,West
8745,70,Male,Auto,14/07/2023,14/07/2025 0:00,777.05,4,9,South
8746,36,Female,Auto,21/04/2024,,800.78,,4,West
8747,47,Female,Home,13/11/2021,13/11/2023 0:00,603.01,4,5,North
8748,18,Male,Motor,24/07/2022,,844.11,1,5,West
8749,69,Male,Motor,04/05/2021,04/05/2023 0:00,1367.02,5,7,South
8750,57,Female,Motor,13/03/2020,13/03/2023 0:00,522.8,4,4,South
8751,49,Male,Home,16/08/2020,16/08/2022 0:00,367.12,3,2,North
8752,36,Male,Auto,30/05/2023,30/05/2026 0:00,1229.08,2,7,West
8753,38,Female,Home,31/01/2021,,1432.57,5,3,South
8754,,Male,Auto,14/05/2020,14/05/2022 0:00,1389.55,0,7,West
8755,27,Female,Motor,24/10/2023,24/10/2025 0:00,1119.8,4,3,South
8756,56,Male,Home,29/09/2020,29/09/2023 0:00,1093.1,3,2,West
8757,48,Female,Auto,05/11/2022,05/11/2024 0:00,967.78,,1,West
8758,43,Female,Auto,01/08/2021,01/08/2023 0:00,481.46,5,2,South
8759,32,Female,Motor,22/09/2022,22/09/2024 0:00,520.3,0,2,South
8760,64,Female,Motor,04/07/2021,,1197.95,5,1,North
8761,40,Male,Motor,24/05/2024,24/05/2025 0:00,858.37,4,1,North
8762,53,Female,Motor,14/08/2023,14/08/2025 0:00,323.69,3,6,West
8763,67,Male,Home,30/10/2019,30/10/2022 0:00,809.93,5,4,East
8764,61,Female,Auto,12/05/2020,12/05/2022 0:00,1158.56,0,,North
8765,46,Female,Motor,09/11/2022,,890.76,,4,South
8766,67,Female,Home,21/06/2024,21/06/2027 0:00,404.13,2,2,East
8767,52,Male,Auto,24/10/2019,24/10/2020 0:00,355.8,5,4,West
8768,70,Male,Motor,12/03/2024,12/03/2026 0:00,1488.66,5,3,West
8769,68,Female,Motor,10/05/2024,,1014.31,1,5,East
8770,50,Male,Motor,25/02/2021,25/02/2023 0:00,856.05,0,7,North
8771,42,Female,Home,08/07/2021,08/07/2022 0:00,1256.14,4,,North
8772,59,Female,Home,02/10/2022,02/10/2023 0:00,525.44,2,10,South
8773,28,Male,Motor,09/02/2023,09/02/2025 0:00,637,5,6,North
8774,58,Male,Motor,28/01/2023,28/01/2024 0:00,486.43,1,8,West
8775,54,Female,Motor,26/09/2021,,1238.81,2,8,West
8776,37,Male,Home,14/02/2020,14/02/2021 0:00,1088.06,3,2,East
8777,31,Male,Home,06/03/2024,06/03/2026 0:00,713.13,1,1,West
8778,32,Female,Home,07/10/2021,07/10/2022 0:00,459.49,4,10,North
8779,30,Female,Auto,19/02/2023,19/02/2024 0:00,596.44,2,8,West
8780,55,Female,Motor,12/11/2022,,754.49,1,8,South
8781,25,Female,Motor,01/12/2020,,643.1,0,3,West
8782,26,Female,Auto,13/12/2021,13/12/2023 0:00,1105.12,0,10,West
8783,64,Female,Home,06/05/2021,06/05/2024 0:00,1364.74,5,7,North
8784,38,Male,Motor,20/03/2021,,1397.72,0,8,South
8785,23,Female,Motor,22/02/2024,22/02/2026 0:00,1169.18,1,6,North
8786,29,Male,Auto,21/06/2020,21/06/2022 0:00,1360.62,1,9,North
8787,23,Male,Home,22/03/2020,22/03/2023 0:00,1495.11,5,3,West
8788,32,Male,Motor,01/01/2022,,879,3,8,East
8789,49,Male,Auto,09/10/2019,09/10/2022 0:00,379.03,2,1,East
8790,44,Male,Home,28/06/2023,28/06/2026 0:00,1035.21,3,3,East
8791,70,Female,Auto,16/10/2023,16/10/2026 0:00,1317.2,,2,East
8792,31,Female,Auto,21/04/2024,21/04/2027 0:00,1123.88,2,3,South
8793,46,Female,Motor,24/04/2022,,659.03,3,4,West
8794,42,Female,Auto,21/12/2019,21/12/2021 0:00,926.04,0,10,North
8795,35,Male,Home,25/10/2019,,1475.9,5,4,East
8796,60,Male,Home,06/09/2024,06/09/2027 0:00,837.39,2,,West
8797,36,Female,Motor,02/09/2020,,1346.28,0,9,East
8798,58,Female,Home,18/07/2021,18/07/2022 0:00,955.77,2,3,West
8799,43,Female,Motor,13/02/2024,,1381.56,3,9,North
8800,65,Female,Auto,13/11/2022,13/11/2023 0:00,1490.49,2,8,South
8801,,Female,Motor,11/12/2022,11/12/2025 0:00,566.61,4,4,West
8802,40,Male,Motor,27/11/2022,,432.25,4,10,South
8803,24,Male,Motor,06/08/2020,,433.73,5,7,North
8804,30,Male,Motor,11/10/2023,,558.64,3,3,West
8805,37,Female,Motor,09/06/2021,09/06/2024 0:00,421.22,4,4,North
8806,53,Female,Home,08/05/2023,08/05/2026 0:00,686.91,1,3,South
8807,33,Male,Home,11/03/2021,11/03/2024 0:00,823.85,4,6,West
8808,19,Male,Motor,16/10/2021,,678.43,,8,East
8809,39,Male,Auto,12/08/2022,12/08/2025 0:00,350.28,3,1,North
8810,62,Male,Auto,19/03/2021,19/03/2023 0:00,1228.53,3,,West
8811,56,Male,Home,05/11/2022,05/11/2025 0:00,1253.48,3,1,North
8812,41,Female,Motor,25/07/2022,25/07/2024 0:00,714.38,1,4,West
8813,70,Male,Home,19/10/2019,19/10/2022 0:00,896.02,3,6,West
8814,26,Female,Motor,26/12/2023,,1042.54,5,3,East
8815,45,Male,Home,17/07/2020,17/07/2023 0:00,1302.39,5,2,East
8816,40,Female,Home,11/04/2021,11/04/2024 0:00,639.48,4,10,South
8817,37,Female,Motor,30/01/2020,,642.94,0,10,North
8818,42,Female,Motor,06/08/2023,,1019.61,4,10,South
8819,20,Female,Motor,14/01/2024,,549.31,5,2,East
8820,22,Male,Motor,09/12/2019,09/12/2022 0:00,701.05,0,5,North
8821,37,Female,Motor,18/10/2023,,817.41,1,6,North
8822,33,Female,Motor,17/07/2020,,343.41,1,6,West
8823,68,Female,Unknown,21/11/2021,21/11/2022 0:00,700.58,3,1,East
8824,36,Male,Motor,26/05/2022,26/05/2025 0:00,1344.46,3,1,North
8825,28,Female,Motor,02/01/2021,,702.16,3,7,North
8826,69,Female,Motor,20/07/2023,,1390.84,3,4,North
8827,22,Male,Auto,05/06/2020,05/06/2023 0:00,329.07,2,8,West
8828,36,Female,Auto,28/10/2020,28/10/2021 0:00,1356.17,5,5,South
8829,36,Male,Home,27/05/2024,27/05/2025 0:00,662.35,4,2,West
8830,20,Male,Motor,14/04/2023,,983.23,2,2,South
8831,54,Female,Home,01/08/2020,01/08/2023 0:00,1385.6,4,7,East
8832,31,Female,Motor,23/05/2022,,1491.86,5,7,South
8833,22,,Motor,11/09/2020,11/09/2022 0:00,553.84,3,10,South
8834,57,Male,Auto,22/01/2020,22/01/2023 0:00,887.09,3,4,East
8835,67,Male,Motor,04/11/2022,04/11/2025 0:00,661.02,2,4,South
8836,50,Male,Home,30/01/2022,30/01/2023 0:00,1153.07,5,2,East
8837,43,Female,Home,03/03/2020,03/03/2022 0:00,502.23,2,2,South
8838,23,Female,Auto,02/04/2022,02/04/2023 0:00,1468.3,3,2,East
8839,29,Female,Home,22/04/2020,22/04/2022 0:00,737.45,3,3,West
8840,42,Female,Motor,23/04/2021,,1296.13,3,8,South
8841,70,Male,Motor,13/04/2022,13/04/2025 0:00,880.15,1,,North
8842,61,Male,Motor,01/04/2020,01/04/2021 0:00,1317.06,0,6,West
8843,27,Male,Motor,22/06/2023,,700.69,1,4,South
8844,28,Male,Auto,31/10/2019,,689.92,0,2,North
8845,57,Male,Home,14/03/2020,14/03/2023 0:00,1261.31,4,9,South
8846,30,Female,Motor,05/05/2024,05/05/2027 0:00,1328.55,3,4,South
8847,20,Male,Motor,26/08/2022,,933.72,5,2,North
8848,65,Female,Home,18/08/2022,18/08/2023 0:00,985.15,0,3,North
8849,47,Male,Motor,18/04/2023,18/04/2026 0:00,441.71,2,6,East
8850,60,Female,Home,30/09/2022,30/09/2023 0:00,1459.44,4,2,North
8851,65,Male,Motor,05/04/2024,,1127.75,2,3,North
8852,32,Male,Auto,09/12/2020,09/12/2021 0:00,1277.48,5,3,East
8853,34,Female,Motor,26/02/2021,,347.33,1,4,West
8854,60,Male,Motor,27/02/2024,27/02/2026 0:00,1254.49,4,7,North
8855,70,Male,Motor,07/04/2024,07/04/2025 0:00,1460.24,3,8,South
8856,47,Female,Auto,02/04/2021,02/04/2023 0:00,437.21,3,1,North
8857,43,Female,Auto,29/11/2023,,835.05,5,6,North
8858,43,Male,Motor,14/05/2022,,628.4,,10,East
8859,29,Male,Auto,09/03/2022,09/03/2025 0:00,915.97,2,8,North
8860,68,Female,Motor,09/06/2023,,604.83,4,5,East
8861,30,Male,Home,02/08/2021,02/08/2022 0:00,538.28,2,,South
8862,62,Male,Motor,16/09/2020,,592.81,0,8,East
8863,43,Female,Auto,26/03/2021,26/03/2024 0:00,707.11,0,10,West
8864,56,Male,Home,03/06/2024,03/06/2027 0:00,800.15,5,7,East
8865,31,Female,Auto,24/09/2023,24/09/2024 0:00,254.16,0,5,West
8866,18,Female,Motor,13/02/2024,,1027.35,4,6,East
8867,42,Male,Auto,16/10/2023,16/10/2025 0:00,789.27,,1,North
8868,64,Female,Auto,15/09/2023,15/09/2025 0:00,664.96,0,2,South
8869,61,Female,Motor,15/06/2023,,589.28,2,4,West
8870,27,Female,Auto,01/04/2021,01/04/2024 0:00,1444.67,3,8,North
8871,49,Male,Motor,10/04/2024,10/04/2027 0:00,696.33,2,1,North
8872,70,Male,Auto,16/09/2023,16/09/2025 0:00,980.89,2,3,North
8873,52,Male,Motor,27/08/2021,27/08/2022 0:00,1096.98,0,10,South
8874,48,Male,Home,08/09/2023,08/09/2025 0:00,606.8,3,8,West
8875,23,Female,Motor,04/06/2021,04/06/2023 0:00,1329.8,3,3,East
8876,70,Female,Motor,09/04/2022,09/04/2024 0:00,377.48,3,,South
8877,28,Male,Home,22/12/2019,22/12/2021 0:00,953.59,4,7,West
8878,64,Male,Motor,27/03/2022,27/03/2025 0:00,449.13,,7,West
8879,49,Male,Motor,14/04/2022,14/04/2023 0:00,600.32,3,4,East
8880,47,Female,Motor,24/10/2023,,1299.98,5,7,East
8881,18,Female,Motor,26/09/2021,26/09/2024 0:00,1404.23,0,9,North
8882,50,Male,Home,07/11/2021,07/11/2022 0:00,617.84,4,6,South
8883,22,Female,Motor,29/05/2021,29/05/2023 0:00,1229.86,4,7,South
8884,50,Female,Auto,13/07/2020,13/07/2021 0:00,1076.01,4,9,West
8885,67,Male,Motor,14/02/2022,,280.18,1,4,East
8886,26,Male,Motor,05/05/2022,05/05/2024 0:00,859.12,3,4,North
8887,68,Male,Auto,28/01/2021,28/01/2022 0:00,279.26,4,7,South
8888,37,Female,Auto,14/09/2024,14/09/2025 0:00,854.45,5,,South
8889,50,Male,Home,09/06/2020,09/06/2022 0:00,1460.94,,9,North
8890,18,Female,Home,27/06/2024,27/06/2025 0:00,937.96,3,7,East
8891,44,Male,Motor,22/05/2020,22/05/2021 0:00,499.03,2,8,East
8892,38,Female,Auto,23/07/2022,23/07/2025 0:00,537.16,5,,East
8893,39,Female,Motor,27/05/2023,,314.55,5,7,North
8894,48,Male,Motor,16/08/2021,16/08/2022 0:00,1211.76,0,6,East
8895,64,Male,Home,31/03/2020,31/03/2022 0:00,261.99,3,2,West
8896,38,Male,Home,07/02/2022,07/02/2023 0:00,1079.13,0,10,South
8897,47,Female,Home,14/02/2023,14/02/2024 0:00,313,0,10,East
8898,59,Male,Motor,26/08/2020,,823.8,3,9,North
8899,43,Male,Auto,16/07/2020,,260.62,3,2,West
8900,64,Female,Home,02/05/2021,02/05/2022 0:00,1292.49,2,10,South
8901,22,Female,Auto,08/02/2023,08/02/2024 0:00,890.65,4,3,East
8902,37,Female,Motor,17/05/2024,,1063.14,2,8,East
8903,,Female,Motor,17/04/2024,,818.66,1,3,West
8904,,Female,Motor,08/01/2023,,975.19,3,3,South
8905,27,Female,Motor,24/10/2022,,1228.73,1,8,East
8906,21,Female,Auto,30/09/2019,30/09/2022 0:00,803.73,0,8,West
8907,61,Female,Home,24/08/2020,24/08/2022 0:00,1433.36,4,5,East
8908,45,,Motor,02/08/2023,02/08/2026 0:00,287.69,5,5,East
8909,,Male,Home,22/05/2022,22/05/2024 0:00,431.85,0,1,East
8910,38,Female,Motor,19/06/2022,19/06/2024 0:00,1379.2,1,6,North
8911,59,Male,Auto,12/06/2020,12/06/2023 0:00,1277.56,1,10,East
8912,47,Female,Motor,10/10/2020,10/10/2021 0:00,628.14,1,2,East
8913,40,Female,Home,09/05/2020,09/05/2023 0:00,889.91,4,8,East
8914,23,Male,Motor,11/12/2020,,283.85,2,4,South
8915,28,Male,Motor,07/12/2022,07/12/2025 0:00,916.19,1,3,East
8916,34,Male,Auto,03/04/2020,03/04/2023 0:00,1353.35,3,10,East
8917,52,Male,Life,17/12/2019,,693.08,0,10,North
8918,66,Female,Motor,28/12/2020,28/12/2023 0:00,810.41,3,7,East
8919,43,Female,Motor,26/08/2021,26/08/2022 0:00,1468.02,2,5,West
8920,58,Male,Life,29/06/2024,,817.82,4,4,West
8921,32,Male,Home,28/09/2019,,412.1,1,9,North
8922,31,Male,Home,18/02/2024,18/02/2027 0:00,1433.1,2,3,West
8923,39,Female,Home,26/02/2023,26/02/2024 0:00,935.31,1,8,East
8924,57,Male,Auto,03/10/2020,03/10/2023 0:00,1486.91,0,5,East
8925,57,Male,Home,16/01/2020,16/01/2021 0:00,319.7,2,4,South
8926,69,Female,Motor,07/08/2022,07/08/2023 0:00,308.8,2,7,West
8927,67,Male,Life,13/01/2023,,260.62,5,8,West
8928,36,Male,Life,18/01/2021,,395.78,0,5,North
8929,34,Male,Life,25/07/2024,,318.21,1,6,West
8930,37,Male,Home,29/07/2021,29/07/2023 0:00,642.33,0,3,North
8931,67,Female,Home,04/08/2021,04/08/2024 0:00,1304.42,2,10,East
8932,30,Female,Life,09/04/2024,,278.44,3,3,North
8933,52,Female,Auto,02/10/2021,,898.87,1,9,South
8934,56,Female,Auto,20/05/2023,20/05/2024 0:00,1401.04,4,2,East
8935,27,Female,Auto,31/01/2022,31/01/2023 0:00,483.68,3,1,West
8936,52,Male,Home,11/03/2022,11/03/2023 0:00,1027.93,2,1,West
8937,63,Female,Auto,12/06/2021,12/06/2022 0:00,1211.32,5,4,East
8938,59,Female,Motor,18/06/2022,18/06/2025 0:00,1321.08,,2,East
8939,49,Male,Home,31/10/2022,31/10/2023 0:00,501.35,3,3,North
8940,,Female,Auto,14/10/2020,14/10/2023 0:00,419.19,3,9,North
8941,,Male,Life,19/09/2022,,859.2,1,10,North
8942,23,Female,Auto,26/03/2022,26/03/2025 0:00,1425.4,,1,West
8943,32,Female,Auto,17/10/2020,17/10/2023 0:00,298.37,3,3,East
8944,18,Female,Motor,26/02/2023,,453.98,0,10,North
8945,18,Female,Auto,26/11/2022,26/11/2023 0:00,480.44,1,2,East
8946,34,Female,Home,18/07/2020,18/07/2022 0:00,283.2,1,5,West
8947,28,Female,Unknown,10/02/2024,10/02/2026 0:00,460.28,2,8,North
8948,66,Female,Motor,15/11/2020,15/11/2022 0:00,1014.19,4,2,East
8949,44,Female,Motor,03/04/2021,03/04/2024 0:00,685.2,4,9,West
8950,51,Male,Motor,22/06/2022,22/06/2025 0:00,1192.75,0,3,North
8951,64,Female,Life,29/05/2024,,372.51,4,8,East
8952,57,Female,Auto,22/07/2020,22/07/2023 0:00,883.41,5,4,East
8953,34,Female,Auto,05/10/2021,05/10/2023 0:00,1023.05,3,3,West
8954,26,Female,Life,15/04/2020,,603.66,4,2,West
8955,25,Female,Home,30/12/2023,30/12/2024 0:00,1140.25,4,5,West
8956,58,Female,Life,09/10/2022,,910.25,4,9,East
8957,63,Female,Auto,05/07/2024,,887.97,4,8,West
8958,67,Female,Auto,10/04/2021,10/04/2024 0:00,534.33,2,2,West
8959,61,Male,Auto,13/03/2024,13/03/2027 0:00,1323.65,3,10,East
8960,24,Female,Life,05/12/2022,,501.93,0,8,West
8961,46,Male,Life,02/12/2023,,1298.44,1,7,East
8962,51,Male,Home,04/08/2021,04/08/2022 0:00,639.67,4,3,South
8963,65,Female,Home,07/01/2020,07/01/2023 0:00,537.83,2,5,East
8964,40,Male,Home,09/05/2024,09/05/2027 0:00,779.54,2,1,West
8965,66,Male,Home,15/01/2023,,804.11,2,9,North
8966,51,Male,Home,01/07/2021,01/07/2022 0:00,528.6,3,3,North
8967,49,Female,Home,01/01/2021,01/01/2023 0:00,517.04,0,6,West
8968,58,Male,Motor,04/09/2023,04/09/2026 0:00,1296.14,5,2,North
8969,32,Female,Home,25/10/2020,25/10/2022 0:00,481.93,4,2,South
8970,36,Male,Life,13/10/2022,,664.32,2,9,South
8971,46,Female,Home,09/10/2022,09/10/2025 0:00,1146.59,2,1,North
8972,63,Female,Life,02/06/2022,,497.31,5,1,North
8973,,Female,Home,12/12/2023,12/12/2026 0:00,1479.45,5,6,North
8974,39,Male,Life,23/02/2022,,270.73,4,7,West
8975,56,Female,Life,20/10/2021,,362.58,0,7,West
8976,32,Male,Home,24/06/2022,24/06/2025 0:00,850.08,3,6,South
8977,65,Female,Home,31/03/2024,31/03/2025 0:00,572.76,0,6,East
8978,23,Female,Life,10/09/2023,,1120.84,0,2,North
8979,67,Male,Home,09/02/2022,09/02/2023 0:00,440.61,5,2,East
8980,41,Female,Auto,02/12/2021,02/12/2023 0:00,1353.07,1,5,East
8981,64,Female,Home,10/02/2020,10/02/2023 0:00,1332.09,,8,East
8982,45,Female,Life,21/01/2022,,568.48,0,7,South
8983,64,Female,Home,12/10/2020,12/10/2022 0:00,1004.59,,2,West
8984,59,Female,Motor,29/08/2023,29/08/2025 0:00,525.33,1,10,North
8985,24,Female,Motor,02/11/2021,02/11/2022 0:00,1498.48,0,8,West
8986,56,Female,Motor,24/02/2024,24/02/2027 0:00,990.22,4,,North
8987,37,Female,Motor,01/10/2019,01/10/2022 0:00,532.15,2,10,West
8988,54,Male,Auto,03/09/2022,03/09/2024 0:00,1283.56,2,8,North
8989,68,Female,Life,04/10/2019,,1261.69,2,7,North
8990,63,Male,Home,21/04/2020,21/04/2022 0:00,1058.76,1,1,North
8991,61,Female,Home,15/01/2024,15/01/2027 0:00,571.27,4,8,South
8992,32,Female,Home,14/03/2021,14/03/2022 0:00,1463.28,2,10,South
8993,49,Female,Home,01/05/2020,01/05/2022 0:00,1455.01,5,1,West
8994,25,Female,Auto,10/06/2023,10/06/2024 0:00,901.14,1,8,North
8995,64,Male,Home,30/08/2024,30/08/2026 0:00,752.33,4,5,North
8996,57,Male,Auto,30/09/2019,30/09/2020 0:00,273.81,5,3,West
8997,19,Male,Auto,28/09/2020,28/09/2023 0:00,1338.59,2,7,West
8998,64,Male,Motor,24/11/2021,24/11/2024 0:00,336.76,5,5,West
8999,27,Female,Auto,24/03/2020,24/03/2021 0:00,1420.83,3,2,South
9000,41,Female,Auto,21/11/2020,21/11/2023 0:00,320.28,3,3,South
9001,,Female,Life,13/06/2021,,1185.62,3,4,East
9002,27,Male,Motor,28/01/2020,28/01/2022 0:00,615.25,5,4,North
9003,69,Female,Life,24/09/2023,,700.65,0,4,North
9004,48,Male,Home,30/05/2022,30/05/2024 0:00,589.23,2,5,East
9005,23,Female,Motor,05/02/2023,05/02/2026 0:00,316.29,5,3,North
9006,54,Female,Auto,22/10/2022,22/10/2025 0:00,942.32,2,10,West
9007,,Male,Home,27/10/2019,27/10/2020 0:00,736.14,2,3,South
9008,38,Male,Home,26/06/2023,26/06/2024 0:00,1021.78,2,1,West
9009,50,Female,Home,08/10/2023,08/10/2024 0:00,1351.97,0,7,North
9010,63,Male,Auto,25/11/2019,25/11/2021 0:00,386.07,,10,South
9011,67,Male,Auto,22/01/2020,22/01/2021 0:00,1129.32,2,1,West
9012,39,Female,Auto,08/05/2020,08/05/2021 0:00,520.42,1,6,East
9013,46,Male,Home,06/02/2020,06/02/2021 0:00,657.88,4,10,East
9014,25,Female,Life,23/02/2022,,311.96,,3,North
9015,21,Female,Auto,20/03/2022,20/03/2025 0:00,1148.72,0,3,South
9016,47,Female,Home,03/06/2020,03/06/2022 0:00,1139.03,4,3,South
9017,26,Female,Auto,03/03/2022,,768.66,1,10,North
9018,40,Male,Auto,04/02/2022,04/02/2023 0:00,335.28,0,3,South
9019,59,Male,Home,09/05/2024,09/05/2027 0:00,330.02,0,4,East
9020,50,Male,Life,12/04/2022,,274.73,3,6,North
9021,48,Male,Life,19/07/2021,,812.43,2,10,West
9022,69,Male,Life,07/08/2024,,946.73,2,1,North
9023,64,Female,Auto,06/03/2021,06/03/2022 0:00,824.35,4,9,East
9024,,Female,Life,07/11/2019,,365.71,2,2,North
9025,61,Male,Home,01/06/2021,01/06/2023 0:00,339.36,1,1,West
9026,43,Female,Auto,11/09/2020,11/09/2022 0:00,873.46,0,10,West
9027,39,Female,Life,17/02/2021,,1270.9,2,6,West
9028,47,Male,Life,22/06/2020,,630.47,0,9,East
9029,44,,Life,14/09/2021,,429.99,0,2,North
9030,38,Male,Motor,26/01/2022,26/01/2024 0:00,1299.62,,10,South
9031,55,Female,Motor,17/11/2020,17/11/2022 0:00,367.65,5,3,East
9032,58,Male,Home,14/12/2022,14/12/2023 0:00,1477.9,5,3,South
9033,25,Male,Home,27/04/2023,27/04/2024 0:00,670.85,2,9,North
9034,61,Female,Motor,15/05/2024,15/05/2025 0:00,516.18,3,4,North
9035,42,Female,Motor,18/08/2023,18/08/2024 0:00,1109.82,4,5,West
9036,22,Male,Motor,08/12/2023,,679.35,5,2,East
9037,31,Female,Home,09/02/2022,09/02/2023 0:00,434.06,2,6,North
9038,43,Male,Life,24/09/2023,,1246.45,2,9,West
9039,57,Female,Life,30/06/2022,,1490.94,4,4,South
9040,34,Female,Auto,16/07/2024,16/07/2025 0:00,1374.66,4,6,West
9041,32,Female,Motor,08/02/2023,08/02/2025 0:00,1434.08,1,2,North
9042,30,Female,Auto,25/11/2021,25/11/2023 0:00,1318.45,1,6,West
9043,20,Female,Life,08/07/2020,,1319.14,0,10,North
9044,20,Male,Auto,12/08/2021,12/08/2024 0:00,452.23,4,8,South
9045,44,Male,Motor,30/05/2023,30/05/2024 0:00,831.53,1,4,South
9046,,Male,Auto,30/08/2020,30/08/2022 0:00,450.43,2,2,East
9047,64,Female,Home,31/05/2021,31/05/2024 0:00,1221.74,3,4,South
9048,43,Male,Auto,09/11/2021,09/11/2023 0:00,727.99,1,2,South
9049,47,Female,Home,15/07/2024,15/07/2027 0:00,966.53,0,6,West
9050,24,Male,Auto,02/10/2023,02/10/2026 0:00,1111.11,0,8,East
9051,53,Male,Auto,22/02/2024,22/02/2025 0:00,966.51,3,1,West
9052,37,Male,Home,16/04/2021,16/04/2022 0:00,1249.78,4,10,West
9053,43,Male,Home,27/08/2023,27/08/2025 0:00,1440.53,4,5,West
9054,48,Female,Auto,07/08/2020,07/08/2021 0:00,752.78,0,9,East
9055,70,Female,Motor,08/11/2023,08/11/2025 0:00,1081.79,4,6,East
9056,56,Male,Home,10/11/2022,10/11/2023 0:00,977.6,1,6,West
9057,44,Female,Motor,18/11/2022,18/11/2023 0:00,450.04,5,6,West
9058,26,Male,Auto,06/05/2022,06/05/2024 0:00,1287.42,5,2,East
9059,30,Female,Life,25/12/2023,,768.78,5,3,North
9060,61,Female,Home,15/09/2021,15/09/2022 0:00,877.14,4,3,North
9061,,Female,Life,11/12/2019,,1115.59,4,1,South
9062,22,Female,Motor,17/03/2021,17/03/2024 0:00,791.58,3,10,West
9063,57,Female,Auto,23/04/2024,23/04/2027 0:00,790.41,2,2,East
9064,31,Male,Home,28/01/2020,28/01/2023 0:00,684.55,2,8,South
9065,52,Female,Auto,22/11/2023,22/11/2026 0:00,789.99,5,3,East
9066,48,Female,Life,13/03/2021,,1463.6,2,7,South
9067,44,Male,Life,16/09/2020,,471.32,3,6,East
9068,61,Male,Home,14/05/2020,14/05/2021 0:00,1325.46,5,6,East
9069,26,Male,Auto,04/12/2019,04/12/2022 0:00,856.38,0,9,North
9070,33,Female,Auto,21/10/2019,,1455.5,1,4,North
9071,54,Male,Auto,28/03/2020,28/03/2022 0:00,966.27,2,9,South
9072,44,Female,Auto,17/08/2021,,1038.5,0,7,South
9073,35,Male,Life,02/08/2021,,764.5,2,1,East
9074,65,Male,Motor,14/03/2020,,555.24,3,4,West
9075,58,Female,Home,17/06/2022,17/06/2025 0:00,621.68,4,9,East
9076,18,Female,Home,18/08/2020,18/08/2023 0:00,1039.13,3,1,East
9077,18,Female,Life,16/09/2021,,1216.01,3,7,East
9078,63,Male,Life,15/02/2024,,336.3,0,2,East
9079,60,Female,Life,27/02/2024,,509.39,5,1,South
9080,44,Male,Motor,07/06/2022,07/06/2024 0:00,1192.26,4,10,East
9081,44,Female,Auto,11/02/2020,11/02/2021 0:00,904.33,0,2,West
9082,62,Male,Life,03/05/2021,,942.4,2,4,East
9083,39,Female,Unknown,04/01/2021,04/01/2024 0:00,411.03,5,2,West
9084,22,Female,Life,28/12/2022,,277.57,2,7,West
9085,41,Female,Life,20/08/2021,,1171.52,5,5,West
9086,64,Female,Motor,26/07/2023,26/07/2024 0:00,1349.94,3,3,North
9087,39,Male,Life,24/05/2021,,1446.48,4,7,East
9088,57,Female,Motor,29/04/2024,29/04/2025 0:00,998.39,0,6,South
9089,70,Female,Motor,11/06/2020,11/06/2023 0:00,838.33,4,1,East
9090,34,Male,Home,22/10/2023,22/10/2024 0:00,741.03,4,5,South
9091,65,Male,Life,23/01/2021,,1275.54,3,2,South
9092,47,Female,Home,16/10/2022,16/10/2024 0:00,1391.6,3,5,West
9093,51,Male,Auto,14/06/2021,14/06/2024 0:00,908.2,2,1,South
9094,33,Male,Life,31/01/2022,,1289.72,3,9,North
9095,40,Male,Motor,16/10/2019,16/10/2022 0:00,1210.36,4,4,South
9096,49,Female,Motor,19/04/2022,19/04/2024 0:00,1363.55,3,10,South
9097,50,Female,Auto,31/08/2022,31/08/2023 0:00,520.65,3,5,West
9098,35,Female,Auto,26/08/2024,26/08/2025 0:00,1462.1,3,6,West
9099,21,Female,Life,31/05/2020,,477.17,4,7,North
9100,58,Female,Motor,16/05/2020,16/05/2021 0:00,1175.79,2,6,West
9101,49,Male,Life,04/06/2021,,1025.73,4,2,East
9102,19,Female,Auto,20/08/2022,20/08/2025 0:00,373.96,1,4,West
9103,21,Male,Motor,28/10/2022,,1098.32,4,9,West
9104,43,Female,Auto,19/01/2022,19/01/2025 0:00,473.99,4,4,South
9105,51,Female,Life,26/01/2024,,1485.74,1,9,North
9106,30,Male,Life,05/09/2024,,971.8,3,3,East
9107,35,Female,Life,22/10/2019,,1155.89,1,9,North
9108,33,Female,Home,18/12/2019,18/12/2020 0:00,476.98,2,3,South
9109,18,Male,Auto,23/08/2020,23/08/2021 0:00,942.49,3,2,East
9110,52,Male,Life,30/08/2022,,995.83,2,3,South
9111,41,Male,Motor,21/11/2022,21/11/2025 0:00,1353.01,3,1,North
9112,34,Female,Life,01/05/2021,,587.3,5,1,East
9113,54,Male,Life,22/02/2021,,1001.98,4,6,North
9114,26,Female,Life,06/08/2020,,359.08,2,7,West
9115,,Male,Home,08/01/2024,08/01/2025 0:00,1412.78,0,10,North
9116,50,Female,Auto,29/07/2022,29/07/2024 0:00,393.3,1,2,North
9117,42,Female,Auto,15/01/2024,15/01/2026 0:00,1008.58,2,4,East
9118,,Male,Auto,14/04/2023,14/04/2025 0:00,848.89,4,8,South
9119,20,Female,Home,15/03/2020,15/03/2022 0:00,419.84,3,6,West
9120,57,Male,Motor,14/03/2024,14/03/2027 0:00,1414.38,2,9,South
9121,60,Female,Home,18/04/2022,18/04/2025 0:00,570.29,1,1,North
9122,52,Male,Auto,16/12/2019,16/12/2022 0:00,549.36,5,7,South
9123,43,Male,Auto,30/07/2024,30/07/2025 0:00,1489.2,2,9,South
9124,56,Male,Home,04/12/2021,04/12/2024 0:00,934.56,0,9,North
9125,35,Male,Life,18/10/2022,,1297.2,0,2,North
9126,67,Female,Life,31/01/2021,,1228.15,1,4,South
9127,52,Male,Home,09/12/2023,09/12/2024 0:00,1498.43,1,10,North
9128,64,Male,Unknown,27/01/2023,27/01/2025 0:00,433.86,5,8,West
9129,59,Male,Home,26/12/2019,26/12/2021 0:00,494.74,3,10,West
9130,50,Male,Home,12/06/2023,12/06/2026 0:00,467.14,0,6,South
9131,60,Male,Life,14/02/2021,,1110.99,1,10,East
9132,60,Female,Motor,25/08/2022,25/08/2023 0:00,712.92,0,2,South
9133,28,Male,Auto,25/10/2019,25/10/2020 0:00,573.93,0,8,South
9134,34,Female,Home,01/10/2019,01/10/2020 0:00,486.74,5,2,East
9135,50,Female,Life,06/10/2021,,1017.73,4,10,East
9136,52,Female,Life,21/03/2023,,556.98,5,1,South
9137,50,Female,Auto,18/11/2021,18/11/2023 0:00,448.93,5,8,East
9138,42,Female,Life,06/12/2022,,1083.15,,7,West
9139,30,Female,Motor,18/04/2024,18/04/2025 0:00,1343.33,1,8,North
9140,22,Male,Life,12/10/2020,,1240.94,2,4,West
9141,29,Female,Life,08/01/2022,,357.56,3,8,West
9142,46,Female,Auto,26/06/2020,26/06/2022 0:00,918.37,1,8,West
9143,44,Male,Auto,11/01/2021,11/01/2024 0:00,944.97,1,2,East
9144,45,Female,Motor,04/12/2023,04/12/2024 0:00,573.18,5,6,West
9145,32,Male,Motor,12/05/2021,12/05/2023 0:00,541.49,5,7,North
9146,30,Female,Life,29/12/2021,,942.56,5,,South
9147,65,Male,Motor,05/10/2022,05/10/2024 0:00,822.68,2,2,West
9148,50,Female,Home,21/04/2021,21/04/2024 0:00,1114.61,5,4,North
9149,22,Female,Motor,25/09/2023,25/09/2024 0:00,412.97,2,1,East
9150,23,Male,Home,15/04/2020,15/04/2021 0:00,1142.86,5,1,West
9151,56,Male,Life,04/08/2023,,1141.79,4,1,East
9152,21,Female,Auto,25/12/2023,25/12/2025 0:00,767.36,3,8,East
9153,63,Male,Motor,21/08/2023,21/08/2025 0:00,726.39,2,10,South
9154,31,Female,Motor,15/02/2020,15/02/2023 0:00,1216.29,3,1,East
9155,55,Male,Home,28/03/2021,28/03/2022 0:00,523.39,2,7,South
9156,41,Female,Home,03/12/2022,03/12/2025 0:00,299.97,3,5,East
9157,53,Male,Auto,07/07/2021,07/07/2024 0:00,370.71,5,1,East
9158,54,Male,Life,28/09/2020,,332.88,3,3,East
9159,19,Female,Home,01/03/2023,01/03/2026 0:00,415.08,2,8,North
9160,67,Female,Home,20/10/2019,20/10/2020 0:00,490.77,1,3,West
9161,59,Female,Motor,02/02/2020,02/02/2023 0:00,851.16,,3,South
9162,64,Female,Motor,17/02/2024,17/02/2026 0:00,1163.06,3,10,East
9163,70,Female,Home,29/08/2020,29/08/2022 0:00,1285.9,0,4,South
9164,44,Female,Motor,18/07/2021,18/07/2024 0:00,393.45,3,3,East
9165,56,Male,Home,18/02/2022,18/02/2025 0:00,1295.81,3,3,North
9166,35,Female,Auto,08/11/2021,08/11/2022 0:00,1175.2,1,6,North
9167,43,Male,Motor,25/10/2019,25/10/2020 0:00,366.35,3,1,South
9168,33,Male,Life,01/03/2023,,1295.89,3,6,West
9169,21,Male,Motor,04/07/2022,04/07/2025 0:00,1483.82,4,1,East
9170,32,Female,Life,18/08/2021,,480.51,1,10,South
9171,63,Female,Life,27/10/2023,,1358.87,0,8,South
9172,54,Male,Auto,01/08/2021,01/08/2024 0:00,1437.39,3,3,South
9173,29,Female,Home,06/06/2024,06/06/2025 0:00,1227.28,0,8,East
9174,69,Male,Life,01/08/2024,,629.42,1,1,West
9175,43,Male,Life,31/05/2023,,1020.88,1,10,East
9176,28,Female,Auto,21/10/2019,21/10/2022 0:00,336.15,5,7,West
9177,58,Female,Home,23/09/2022,23/09/2024 0:00,1454.76,5,7,South
9178,67,Female,Home,12/08/2021,12/08/2022 0:00,917.67,4,7,South
9179,31,Female,Auto,21/04/2024,21/04/2027 0:00,349.59,3,9,North
9180,69,Male,Motor,22/04/2024,22/04/2027 0:00,633.24,,5,West
9181,53,Female,Life,23/08/2024,,657.78,5,5,North
9182,47,Female,Life,10/01/2021,,270.5,5,8,East
9183,63,Male,Motor,01/04/2023,01/04/2024 0:00,1289.46,3,7,East
9184,56,Female,Motor,21/09/2024,21/09/2026 0:00,519.07,5,1,North
9185,35,Male,Home,01/03/2023,01/03/2025 0:00,1426.27,3,10,West
9186,48,Male,Home,13/01/2023,13/01/2024 0:00,1244.99,0,7,West
9187,62,Female,Auto,21/05/2024,21/05/2027 0:00,953.59,5,6,West
9188,,Male,Home,18/10/2020,18/10/2023 0:00,889.02,0,2,West
9189,41,Male,Life,01/02/2024,,490.39,1,4,North
9190,20,Female,Life,20/07/2022,,1146.92,4,5,East
9191,33,Male,Home,13/01/2021,13/01/2023 0:00,1169.5,5,7,West
9192,23,Female,Life,01/05/2022,,983.61,,9,West
9193,45,Female,Home,13/11/2022,,1400.97,2,9,South
9194,,Male,Life,10/06/2024,,263.87,0,1,West
9195,35,,Motor,20/03/2024,20/03/2025 0:00,812.83,4,1,East
9196,66,Female,Motor,14/01/2020,14/01/2023 0:00,1163.36,0,7,West
9197,47,Female,Home,25/08/2022,25/08/2023 0:00,812.72,3,,West
9198,60,Female,Life,24/10/2023,,561.65,3,6,East
9199,39,Female,Life,30/10/2020,,711.67,5,2,South
9200,28,Male,Auto,20/09/2023,20/09/2024 0:00,1385.9,0,9,North
9201,44,Male,Home,04/09/2023,04/09/2026 0:00,266.99,2,5,South
9202,,Male,Auto,12/02/2020,12/02/2022 0:00,729.02,5,3,North
9203,66,Female,Home,26/03/2022,26/03/2024 0:00,312.62,1,4,East
9204,67,Female,Auto,07/09/2021,07/09/2022 0:00,1153.4,0,9,East
9205,26,Female,Motor,31/05/2024,31/05/2025 0:00,484.78,5,7,West
9206,34,Female,Motor,04/09/2023,04/09/2025 0:00,1233.88,0,10,East
9207,68,Male,Auto,10/11/2022,10/11/2025 0:00,1044.85,2,7,West
9208,57,Female,Motor,27/01/2024,27/01/2027 0:00,784.48,5,1,West
9209,22,Male,Life,10/06/2021,,894.06,5,7,South
9210,62,Male,Auto,25/01/2022,25/01/2023 0:00,969.99,0,,North
9211,62,Male,Auto,11/12/2023,11/12/2026 0:00,1492.75,0,2,South
9212,55,Female,Home,16/11/2023,16/11/2024 0:00,382.24,5,4,East
9213,24,Female,Motor,27/03/2023,27/03/2026 0:00,1134.26,2,8,West
9214,20,Male,Auto,15/06/2023,15/06/2026 0:00,920.97,2,8,West
9215,29,Female,Auto,02/07/2020,02/07/2022 0:00,408.97,3,3,East
9216,19,Female,Motor,17/04/2020,17/04/2022 0:00,318.47,0,4,West
9217,18,Female,Auto,29/08/2023,29/08/2024 0:00,321.27,5,8,West
9218,59,Female,Motor,25/02/2024,25/02/2027 0:00,1415.18,1,3,South
9219,66,Male,Life,28/03/2020,,1132.19,4,8,South
9220,67,Male,Auto,19/01/2022,19/01/2025 0:00,593.96,2,2,West
9221,30,Male,Life,08/01/2022,,1165.53,2,6,South
9222,,Female,Motor,06/01/2020,06/01/2021 0:00,817.67,1,9,South
9223,61,Male,Home,09/12/2021,09/12/2024 0:00,569.32,4,4,East
9224,54,Female,Home,22/05/2024,22/05/2025 0:00,458.39,5,2,West
9225,,Female,Life,23/12/2023,,1324.28,4,4,North
9226,28,Male,Home,31/08/2022,31/08/2025 0:00,542.76,0,7,West
9227,37,Female,Life,24/11/2023,,1029.82,1,1,West
9228,68,Female,Auto,27/02/2022,,980.43,4,1,South
9229,26,Female,Motor,31/08/2021,31/08/2022 0:00,982.99,5,1,West
9230,50,Male,Motor,28/01/2020,28/01/2021 0:00,583.1,4,7,South
9231,57,Female,Auto,23/12/2019,23/12/2020 0:00,687.49,2,6,East
9232,52,Male,Life,27/01/2022,,622.35,4,9,South
9233,43,Female,Home,30/11/2023,30/11/2026 0:00,723.12,0,5,North
9234,33,Male,Motor,13/09/2024,13/09/2027 0:00,480.21,1,1,East
9235,28,Male,Life,06/05/2020,,invalid,3,1,South
9236,33,Male,Home,26/09/2020,26/09/2021 0:00,1392.53,4,1,East
9237,30,Male,Life,20/09/2022,,1233.83,0,4,East
9238,55,Female,Life,08/04/2022,,1048.72,2,1,South
9239,28,Male,Auto,18/01/2024,18/01/2025 0:00,461.53,0,10,East
9240,67,Female,Motor,07/01/2021,07/01/2023 0:00,1314.05,4,10,North
9241,,Male,Motor,01/02/2023,01/02/2026 0:00,885.35,5,8,South
9242,63,Female,Auto,24/02/2020,24/02/2021 0:00,1183.85,5,9,South
9243,59,Male,Life,23/09/2020,,465.73,1,1,East
9244,41,Male,Life,09/08/2023,,394.94,4,5,North
9245,51,Male,Home,05/04/2021,05/04/2022 0:00,1141.51,5,8,North
9246,25,Male,Motor,29/05/2021,29/05/2024 0:00,417.94,0,10,North
9247,42,Female,Life,01/08/2022,,1424,1,7,West
9248,36,Female,Home,25/01/2022,25/01/2024 0:00,462.07,4,9,South
9249,69,Female,Auto,24/12/2023,24/12/2024 0:00,774.38,4,3,North
9250,42,,Auto,11/08/2023,11/08/2024 0:00,508.16,5,9,West
9251,57,Female,Life,19/09/2023,,696.99,1,5,South
9252,67,Female,Motor,25/03/2021,25/03/2022 0:00,324.27,0,6,East
9253,41,Male,Auto,28/07/2023,28/07/2025 0:00,614.92,5,,North
9254,30,Male,Motor,10/06/2024,10/06/2027 0:00,563.33,5,1,East
9255,32,Male,Home,09/08/2022,09/08/2024 0:00,1361.04,5,4,West
9256,67,Male,Motor,15/05/2021,15/05/2024 0:00,576.45,0,9,East
9257,58,Female,Auto,07/06/2020,07/06/2021 0:00,1158.29,2,8,West
9258,33,Female,Auto,11/12/2021,11/12/2024 0:00,973.13,2,8,South
9259,69,Male,Life,07/12/2023,,1044.37,4,7,West
9260,18,Male,Life,02/09/2023,,693.23,3,8,West
9261,32,Female,Home,07/07/2022,07/07/2025 0:00,1106.53,3,,North
9262,44,Female,Motor,19/10/2022,19/10/2023 0:00,1032.2,5,9,West
9263,37,Male,Auto,07/02/2020,07/02/2023 0:00,1120.28,0,6,West
9264,69,Female,Home,18/11/2020,18/11/2023 0:00,1451.6,4,10,North
9265,36,Female,Life,11/11/2021,,884.54,2,10,East
9266,50,Male,Motor,07/01/2020,07/01/2023 0:00,1381.78,2,2,South
9267,53,Male,Auto,20/03/2020,20/03/2023 0:00,1332.91,1,8,South
9268,62,Male,Life,13/04/2022,,878.41,3,2,East
9269,42,Male,Home,13/10/2020,13/10/2021 0:00,659.63,1,1,South
9270,28,Male,Motor,06/06/2021,06/06/2022 0:00,1242.96,2,7,South
9271,46,Male,Home,14/07/2020,14/07/2021 0:00,878.41,5,2,West
9272,64,Male,Home,11/04/2022,11/04/2023 0:00,570.05,0,6,East
9273,39,Male,Auto,05/05/2024,05/05/2026 0:00,905.68,5,4,West
9274,25,Male,Motor,21/02/2023,21/02/2024 0:00,858.88,3,6,East
9275,21,Male,Home,21/02/2020,21/02/2022 0:00,1220.69,5,8,South
9276,62,Male,Life,21/03/2021,,1418.77,0,6,West
9277,,Male,Auto,15/01/2020,15/01/2022 0:00,298.86,1,9,East
9278,46,Female,Life,25/07/2020,,1435.78,4,1,West
9279,50,Female,Auto,04/06/2024,04/06/2025 0:00,934.04,3,2,East
9280,51,Male,Life,25/05/2024,,254.68,4,6,South
9281,32,Female,Auto,11/05/2020,11/05/2023 0:00,612.21,0,5,West
9282,21,Female,Auto,27/11/2021,27/11/2023 0:00,798.11,2,2,East
9283,62,Male,Life,01/08/2021,,1409.14,0,4,South
9284,47,Male,Motor,19/10/2020,19/10/2023 0:00,1305.06,5,9,South
9285,62,Female,Life,06/12/2020,,1316.67,4,1,North
9286,64,Female,Life,09/08/2021,,1319.76,1,3,East
9287,55,Male,Home,22/09/2023,22/09/2026 0:00,644.03,2,7,West
9288,18,Male,Home,28/05/2023,28/05/2025 0:00,791.18,1,8,North
9289,51,Male,Auto,31/08/2023,31/08/2025 0:00,397.46,3,5,East
9290,18,Male,Home,01/05/2020,01/05/2021 0:00,429.41,2,6,West
9291,55,Male,Motor,13/06/2023,13/06/2025 0:00,1373.43,5,6,South
9292,41,Male,Home,12/05/2023,12/05/2024 0:00,816.25,2,1,South
9293,49,Female,Motor,26/11/2020,26/11/2023 0:00,402.1,1,1,South
9294,39,Female,Motor,19/11/2022,19/11/2023 0:00,808.26,2,7,East
9295,43,Female,Motor,10/07/2021,10/07/2022 0:00,1259.43,3,8,South
9296,45,Female,Auto,14/02/2022,14/02/2024 0:00,500.37,5,6,East
9297,56,Female,Life,14/11/2019,,298.08,4,8,North
9298,61,Female,Motor,25/10/2023,25/10/2026 0:00,1329.8,4,8,West
9299,32,Female,Auto,04/07/2023,04/07/2025 0:00,757.47,1,8,South
9300,36,Male,Home,22/07/2020,22/07/2021 0:00,438.58,2,4,South
9301,,Female,Home,04/04/2023,,493.74,2,3,South
9302,46,Male,Life,01/08/2024,,785.69,0,4,West
9303,59,Female,Home,08/12/2023,08/12/2025 0:00,1066.1,2,1,North
9304,36,Male,Home,01/12/2021,01/12/2023 0:00,1199.75,5,6,South
9305,70,,Life,11/08/2021,,1393.18,3,7,South
9306,46,Male,Life,11/07/2022,,891.25,2,1,East
9307,58,Female,Auto,22/04/2024,22/04/2025 0:00,1459.24,0,6,North
9308,57,Female,Life,23/10/2021,,851.26,5,10,South
9309,40,Female,Auto,28/02/2022,28/02/2025 0:00,1272.31,3,7,North
9310,57,Male,Home,02/08/2024,02/08/2026 0:00,968.19,3,10,East
9311,62,Female,Life,10/11/2023,,272.42,2,4,South
9312,29,Male,Life,07/07/2023,,1009.49,0,8,East
9313,25,Male,Auto,01/03/2021,01/03/2022 0:00,514.26,1,7,West
9314,21,Female,Home,25/02/2024,25/02/2025 0:00,531.81,3,8,East
9315,39,Male,Auto,11/01/2022,11/01/2023 0:00,613.23,4,3,West
9316,54,Male,Life,09/10/2022,,1241.34,3,4,West
9317,25,Female,Life,21/09/2021,,454.11,2,8,North
9318,68,Male,Home,24/11/2023,24/11/2024 0:00,1427.26,2,6,South
9319,38,Male,Auto,05/07/2020,05/07/2022 0:00,454.09,2,10,West
9320,19,Female,Motor,30/12/2019,30/12/2021 0:00,1192.88,0,7,South
9321,51,Female,Motor,22/04/2022,22/04/2025 0:00,951.62,5,8,North
9322,54,Female,Motor,29/10/2019,29/10/2022 0:00,1205.54,5,1,West
9323,38,Male,Auto,13/09/2022,13/09/2024 0:00,284.75,3,7,South
9324,39,Male,Home,15/09/2024,15/09/2025 0:00,510.06,2,1,South
9325,25,Male,Home,24/10/2022,24/10/2024 0:00,534.43,0,3,South
9326,34,Female,Life,23/08/2023,,478.76,4,5,South
9327,21,Female,Auto,29/01/2021,29/01/2023 0:00,372.06,5,6,East
9328,45,Female,Life,06/09/2024,,688.12,1,6,East
9329,26,Female,Motor,09/08/2024,09/08/2025 0:00,1282.8,5,9,North
9330,55,Female,Motor,29/06/2022,29/06/2024 0:00,1449.26,4,1,East
9331,19,Male,Motor,19/03/2022,19/03/2025 0:00,949.13,1,2,South
9332,67,Male,Motor,15/01/2022,15/01/2025 0:00,invalid,3,1,East
9333,43,Male,Motor,05/07/2023,05/07/2024 0:00,658.96,0,1,South
9334,51,Female,Home,06/01/2023,06/01/2024 0:00,920.5,0,7,East
9335,29,Female,Home,12/07/2024,12/07/2026 0:00,1099.98,3,5,West
9336,67,Female,Motor,17/08/2023,17/08/2026 0:00,643.89,4,6,East
9337,22,Male,Motor,16/10/2019,16/10/2022 0:00,983.77,0,8,North
9338,42,,Life,17/12/2023,,709.41,0,,East
9339,60,Male,Auto,08/04/2022,08/04/2025 0:00,984.2,0,4,North
9340,34,Female,Home,17/01/2023,17/01/2026 0:00,1022.64,3,10,West
9341,68,Female,Home,20/06/2021,20/06/2022 0:00,302.22,1,4,North
9342,50,Male,Home,22/09/2020,22/09/2022 0:00,322.08,0,9,East
9343,42,Female,Auto,05/08/2024,05/08/2027 0:00,1382.32,1,8,West
9344,61,Female,Motor,07/08/2020,07/08/2021 0:00,1098.46,3,2,West
9345,36,Female,Home,10/11/2019,10/11/2021 0:00,323.87,3,1,West
9346,38,Female,Motor,13/01/2023,,1314.84,5,1,South
9347,,Male,Life,02/01/2022,,1128.66,1,9,West
9348,18,Female,Auto,25/06/2024,25/06/2025 0:00,499.38,3,9,North
9349,45,Female,Life,27/01/2024,,668.13,4,3,East
9350,27,Male,Life,13/03/2024,,1385.03,4,8,West
9351,65,Female,Life,20/12/2023,,973.9,4,4,South
9352,25,Female,Auto,15/08/2024,15/08/2027 0:00,1449.61,2,6,North
9353,56,Female,Home,16/02/2022,16/02/2025 0:00,389.64,4,10,South
9354,19,Male,Auto,03/08/2023,03/08/2026 0:00,678.89,0,6,West
9355,46,Male,Motor,27/02/2022,27/02/2024 0:00,1181.12,5,5,West
9356,65,Male,Motor,12/01/2024,12/01/2027 0:00,994.5,2,8,East
9357,70,Male,Home,28/01/2024,28/01/2026 0:00,1052.52,,7,South
9358,39,Male,Life,24/07/2024,,632.13,5,7,East
9359,41,Female,Home,03/03/2021,03/03/2022 0:00,450.8,5,4,South
9360,62,Male,Motor,28/09/2023,,1191.95,5,7,North
9361,24,Male,Life,12/01/2021,,705.49,4,9,North
9362,50,Female,Life,28/10/2022,,767.47,2,1,East
9363,58,Male,Motor,18/02/2021,18/02/2023 0:00,1490.98,2,5,South
9364,32,Male,Home,21/03/2021,21/03/2024 0:00,1215.08,3,5,North
9365,61,Female,Home,04/03/2024,04/03/2025 0:00,964.36,2,9,South
9366,25,,Motor,06/01/2023,06/01/2024 0:00,628.26,4,1,North
9367,33,Female,Auto,19/11/2022,19/11/2023 0:00,961.77,3,3,West
9368,47,Female,Motor,28/05/2022,28/05/2025 0:00,1421.44,3,3,South
9369,52,Female,Motor,22/07/2020,22/07/2022 0:00,690.15,1,6,East
9370,,Female,Motor,28/10/2022,28/10/2023 0:00,1066.42,0,1,North
9371,37,Female,Home,10/07/2024,10/07/2027 0:00,1270.92,2,8,South
9372,70,Female,Motor,14/07/2021,14/07/2024 0:00,915.49,4,5,South
9373,65,Female,Home,14/04/2022,14/04/2024 0:00,688.81,0,6,East
9374,47,Female,Motor,01/09/2024,01/09/2027 0:00,280.79,,2,North
9375,33,Female,Home,03/07/2020,03/07/2022 0:00,683.28,5,7,South
9376,42,Male,Life,29/09/2023,,1202.48,5,9,South
9377,27,Male,Auto,01/05/2023,01/05/2024 0:00,718.56,3,3,East
9378,36,,Motor,07/08/2023,07/08/2025 0:00,590.88,4,5,East
9379,20,Male,Unknown,03/06/2020,03/06/2023 0:00,703.65,0,7,West
9380,66,Female,Life,24/06/2024,,440.18,3,4,West
9381,40,Male,Home,02/09/2023,02/09/2025 0:00,440.82,1,5,East
9382,52,Female,Home,22/02/2022,22/02/2024 0:00,1018.45,0,6,South
9383,22,Female,Life,15/04/2021,,1254.36,0,3,East
9384,48,Male,Home,08/12/2021,,312.2,1,10,East
9385,66,Female,Auto,30/12/2021,30/12/2022 0:00,907.21,4,4,East
9386,25,Female,Life,03/01/2024,,405.01,4,8,South
9387,30,Female,Home,17/06/2021,17/06/2024 0:00,942.11,1,3,East
9388,54,Female,Motor,25/02/2020,25/02/2022 0:00,791.45,0,4,North
9389,65,Female,Home,27/12/2019,27/12/2021 0:00,845.33,2,4,East
9390,59,Male,Life,05/01/2022,,339.5,3,3,South
9391,38,Male,Life,22/08/2021,,1046.22,4,4,East
9392,34,Female,Life,18/07/2024,,658.5,1,3,East
9393,,Male,Home,18/10/2022,18/10/2023 0:00,1417.84,0,6,South
9394,55,Female,Home,03/02/2021,03/02/2023 0:00,885.8,2,4,North
9395,29,Female,Life,06/03/2021,,1101.79,0,9,North
9396,38,Female,Auto,07/11/2023,07/11/2025 0:00,1478.65,4,8,South
9397,31,Female,Auto,18/09/2024,18/09/2025 0:00,1338.52,1,8,South
9398,49,Male,Home,05/06/2023,05/06/2026 0:00,1271.69,0,10,West
9399,20,Female,Life,16/01/2022,,808.54,1,4,South
9400,37,Female,Auto,23/08/2020,23/08/2023 0:00,1357.95,4,9,East
9401,42,Male,Motor,16/06/2024,16/06/2026 0:00,1100.75,0,6,North
9402,47,Female,Home,17/01/2023,,360.31,1,5,West
9403,41,Female,Motor,29/08/2024,29/08/2027 0:00,907.62,5,10,East
9404,30,Male,Auto,27/01/2022,27/01/2024 0:00,447.85,3,4,North
9405,26,Male,Motor,16/01/2020,16/01/2021 0:00,1048.1,1,2,South
9406,31,Female,Home,14/09/2021,14/09/2024 0:00,957.02,5,7,South
9407,40,Female,Life,21/01/2020,,1070.13,2,1,North
9408,44,Male,Home,26/11/2022,26/11/2023 0:00,338.85,2,5,North
9409,34,Female,Life,02/02/2023,,409.99,,2,East
9410,66,Female,Motor,29/11/2023,29/11/2024 0:00,1493.87,2,3,West
9411,58,Male,Home,13/08/2020,13/08/2023 0:00,1211.5,1,2,South
9412,51,Female,Life,18/08/2021,,1490.85,0,3,West
9413,41,Female,Motor,15/04/2020,15/04/2021 0:00,472.49,0,4,East
9414,33,Male,Life,24/03/2020,,286.81,2,3,East
9415,22,Male,Life,27/03/2023,,888.92,2,7,East
9416,68,Male,Home,01/11/2023,01/11/2025 0:00,503.01,3,10,East
9417,67,Male,Life,05/06/2023,,541.67,4,7,North
9418,34,Female,Home,13/06/2024,13/06/2026 0:00,743.7,2,4,South
9419,26,Female,Life,23/11/2023,,438.61,0,7,East
9420,56,Female,Auto,17/02/2023,17/02/2024 0:00,630.91,3,6,East
9421,,Male,Motor,18/11/2022,18/11/2023 0:00,1119.45,3,3,West
9422,69,Female,Home,03/10/2021,03/10/2024 0:00,630.89,3,7,North
9423,33,Female,Auto,13/12/2022,13/12/2023 0:00,433.04,3,7,North
9424,66,Male,Home,09/11/2022,09/11/2025 0:00,1458.47,4,9,North
9425,28,Female,Motor,02/12/2021,02/12/2023 0:00,393.82,0,4,East
9426,65,Male,Motor,06/09/2021,06/09/2024 0:00,896.53,2,6,North
9427,47,Male,Life,30/04/2020,,322.87,1,5,South
9428,38,Male,Life,15/08/2023,,1289.89,0,5,North
9429,35,Female,Motor,04/11/2023,,1025.59,1,9,West
9430,54,Male,Life,11/12/2021,,1002.98,0,7,West
9431,61,Female,Motor,17/07/2024,,1138.25,2,6,West
9432,48,Female,Home,26/10/2021,26/10/2022 0:00,944.91,4,6,South
9433,,Female,Motor,21/06/2023,21/06/2024 0:00,747.14,2,5,West
9434,20,Male,Auto,25/04/2020,25/04/2023 0:00,902.17,3,5,South
9435,25,Male,Home,04/08/2021,04/08/2024 0:00,806.21,3,10,North
9436,54,Female,Motor,23/06/2024,23/06/2026 0:00,1210.32,2,8,South
9437,52,Male,Motor,13/08/2024,13/08/2026 0:00,1041.82,4,9,North
9438,53,Male,Home,05/02/2020,05/02/2022 0:00,417.64,2,4,West
9439,55,Male,Life,10/06/2022,,1220.73,4,6,East
9440,51,Female,Life,14/06/2023,,1404.38,3,9,North
9441,18,Female,Auto,07/04/2024,07/04/2027 0:00,284.32,4,2,East
9442,27,Female,Life,16/01/2024,,1342.95,1,2,East
9443,22,Female,Motor,10/08/2020,10/08/2022 0:00,1050.32,2,8,South
9444,53,Male,Home,09/08/2023,09/08/2026 0:00,686.17,0,2,South
9445,55,Female,Home,24/03/2022,24/03/2023 0:00,1325.14,0,9,West
9446,40,Male,Home,24/08/2021,24/08/2023 0:00,568.79,1,10,East
9447,23,Female,Auto,09/02/2023,09/02/2026 0:00,429.15,1,10,East
9448,32,Male,Auto,04/12/2021,04/12/2024 0:00,1454.57,5,1,North
9449,47,Female,Life,25/06/2021,,651.81,0,7,East
9450,26,Male,Auto,09/06/2020,09/06/2023 0:00,552.3,2,3,South
9451,52,Male,Motor,19/09/2024,19/09/2025 0:00,353.31,1,1,South
9452,32,Female,Auto,06/09/2023,06/09/2025 0:00,invalid,1,3,South
9453,67,Male,Auto,06/02/2023,06/02/2024 0:00,854.44,4,4,South
9454,31,Female,Home,12/02/2021,,1323.34,4,2,West
9455,45,Male,Motor,11/06/2022,11/06/2025 0:00,273.81,0,9,North
9456,18,Male,Life,17/06/2022,,1367.61,4,8,South
9457,31,Male,Home,16/10/2021,16/10/2022 0:00,1479.06,5,10,East
9458,48,Female,Auto,23/01/2020,23/01/2021 0:00,1324.59,1,2,South
9459,19,Male,Home,31/08/2021,31/08/2023 0:00,632.44,,8,South
9460,63,Male,Auto,02/09/2022,02/09/2023 0:00,436.58,1,1,North
9461,51,Female,Life,19/04/2023,,626.17,3,6,West
9462,65,Male,Auto,17/01/2024,17/01/2027 0:00,1411.22,3,6,East
9463,22,Male,Auto,09/01/2024,09/01/2026 0:00,1083.22,0,10,East
9464,22,Male,Home,16/12/2022,16/12/2025 0:00,425.11,4,7,South
9465,32,Male,Motor,25/10/2020,25/10/2022 0:00,1226.83,2,8,West
9466,55,Female,Motor,03/09/2021,03/09/2024 0:00,808.77,3,8,East
9467,32,Male,Home,10/11/2019,10/11/2020 0:00,1067.35,1,3,West
9468,56,Female,Life,27/09/2022,,699.31,3,4,East
9469,40,Male,Life,13/02/2022,,385.72,1,9,North
9470,62,Female,Home,19/02/2023,19/02/2024 0:00,704.93,5,3,West
9471,55,Male,Life,09/09/2023,,306,2,7,North
9472,39,Male,Motor,23/10/2021,23/10/2022 0:00,882.5,5,10,North
9473,36,Male,Motor,14/12/2019,14/12/2020 0:00,1131.64,1,3,East
9474,56,Male,Home,07/03/2021,07/03/2022 0:00,942.62,1,3,East
9475,24,Male,Motor,27/04/2022,27/04/2024 0:00,793.57,1,10,North
9476,24,Male,Motor,21/06/2022,21/06/2023 0:00,745.57,1,,North
9477,54,Male,Life,28/11/2019,,437.19,4,4,West
9478,32,Female,Auto,10/03/2024,10/03/2027 0:00,613.19,0,9,North
9479,64,Male,Auto,15/12/2023,15/12/2026 0:00,1357.72,5,2,South
9480,68,Female,Life,21/02/2021,,1467.39,2,7,West
9481,51,Male,Home,02/03/2021,,568.61,0,1,West
9482,52,Male,Home,15/02/2022,15/02/2023 0:00,556.68,2,8,South
9483,34,Male,Life,13/11/2023,,642.5,1,8,East
9484,32,Female,Motor,07/02/2022,07/02/2025 0:00,1379.95,3,5,South
9485,65,Male,Life,22/01/2020,,716.41,5,7,West
9486,22,Female,Life,29/08/2023,,1061.47,1,6,North
9487,37,Female,Auto,29/11/2023,29/11/2026 0:00,1139.08,1,6,West
9488,20,,Home,06/01/2022,06/01/2024 0:00,1063.95,3,7,South
9489,41,Male,Motor,08/11/2023,08/11/2025 0:00,1343.2,1,,West
9490,19,Female,Motor,07/02/2022,07/02/2023 0:00,1076.68,0,,East
9491,36,Female,Life,18/05/2020,,1305.1,,4,West
9492,55,Male,Motor,22/10/2019,22/10/2020 0:00,549.33,2,,North
9493,67,Male,Auto,28/04/2020,28/04/2023 0:00,1310.05,2,1,North
9494,24,Female,Auto,01/11/2023,01/11/2026 0:00,942.92,2,7,South
9495,70,Female,Life,17/02/2023,,1364.09,,5,East
9496,19,Female,Auto,03/06/2023,,982.19,1,,North
9497,59,Male,Auto,14/06/2020,14/06/2023 0:00,1405.63,1,1,West
9498,27,Male,Life,10/09/2022,,793.02,0,10,West
9499,45,Male,Motor,15/06/2022,15/06/2023 0:00,632.47,5,5,East
9500,52,Female,Home,08/09/2024,08/09/2026 0:00,1181.52,2,7,West
9501,31,Female,Life,14/09/2024,,916.62,5,7,West
9502,20,Female,Motor,10/11/2019,10/11/2022 0:00,1150.42,3,5,West
9503,26,Female,Life,05/01/2023,,998.92,3,2,North
9504,53,Female,Home,10/02/2022,10/02/2025 0:00,989.81,3,4,North
9505,60,Male,Motor,08/04/2021,,679.1,5,4,North
9506,69,Male,Life,27/12/2022,,600.05,3,4,North
9507,64,Female,Life,13/05/2021,,558.81,2,5,South
9508,34,Female,Motor,24/08/2022,24/08/2023 0:00,974.07,4,3,South
9509,47,Female,Auto,25/06/2024,25/06/2026 0:00,1493.71,1,2,East
9510,22,Female,Home,23/05/2020,23/05/2022 0:00,1268.04,,3,West
9511,45,Male,Auto,20/04/2021,20/04/2023 0:00,1499,1,3,North
9512,50,Male,Auto,09/01/2021,09/01/2024 0:00,1416.36,0,,East
9513,41,Female,Auto,09/09/2022,09/09/2023 0:00,1232.41,0,9,South
9514,41,Male,Life,10/10/2019,,826.79,5,7,East
9515,60,Female,Auto,03/06/2020,03/06/2022 0:00,1242.64,0,1,East
9516,38,Male,Auto,02/06/2024,02/06/2025 0:00,1288.45,0,6,South
9517,20,Female,Life,16/04/2021,,1364.4,0,10,South
9518,51,Female,Home,25/12/2019,25/12/2020 0:00,361.12,,9,South
9519,51,Female,Home,05/09/2023,05/09/2026 0:00,580.28,0,8,West
9520,37,Male,Life,17/03/2023,,1269.28,1,8,East
9521,33,Male,Life,30/10/2021,,1327.52,0,8,South
9522,25,Male,Life,11/10/2020,,948.73,5,8,South
9523,46,Male,Auto,26/12/2019,26/12/2020 0:00,1256.31,5,10,East
9524,67,Male,Home,03/03/2021,03/03/2022 0:00,1243.83,3,8,South
9525,58,Female,Motor,01/01/2021,01/01/2024 0:00,1376.82,3,9,North
9526,55,Female,Motor,13/02/2022,13/02/2025 0:00,739.29,4,6,East
9527,28,,Home,11/08/2024,11/08/2025 0:00,1419.08,3,6,South
9528,29,Male,Life,11/01/2021,,825.92,3,7,North
9529,58,Female,Life,23/02/2020,,361.19,2,10,East
9530,31,Male,Home,02/11/2021,02/11/2024 0:00,438.63,1,5,West
9531,19,Male,Home,31/12/2021,31/12/2023 0:00,707.67,4,6,South
9532,32,Male,Motor,06/10/2019,06/10/2020 0:00,1283.53,1,2,South
9533,19,Female,Motor,18/08/2022,18/08/2024 0:00,446.82,0,9,South
9534,36,Female,Home,03/05/2023,03/05/2024 0:00,1154.84,0,4,East
9535,,Male,Motor,20/03/2023,20/03/2026 0:00,1082.12,4,3,North
9536,44,Female,Motor,06/04/2022,06/04/2024 0:00,638.6,0,3,West
9537,30,Female,Motor,23/06/2021,23/06/2024 0:00,1199.61,2,5,West
9538,52,Female,Life,07/11/2020,,1417.73,0,3,South
9539,54,Male,Life,18/07/2023,,1028.02,5,3,North
9540,27,Male,Motor,15/02/2024,15/02/2026 0:00,1093.48,0,8,West
9541,53,Female,Home,23/05/2020,23/05/2023 0:00,1444.63,2,5,East
9542,39,Female,Life,26/04/2024,,795.26,3,10,West
9543,55,Female,Motor,14/04/2020,14/04/2022 0:00,793.74,3,5,North
9544,61,Female,Auto,26/01/2023,26/01/2025 0:00,334.39,2,9,East
9545,38,Male,Life,10/04/2022,,invalid,0,10,North
9546,28,Male,Auto,03/08/2020,03/08/2023 0:00,1025.4,3,9,West
9547,30,Female,Home,30/04/2020,30/04/2022 0:00,1418.6,1,4,East
9548,69,Male,Auto,08/04/2020,08/04/2021 0:00,968.05,2,1,West
9549,24,Male,Home,13/11/2020,13/11/2023 0:00,930.76,1,4,West
9550,23,Male,Auto,20/09/2020,,1128.54,5,7,North
9551,51,Male,Motor,08/01/2021,08/01/2022 0:00,1396.7,1,6,South
9552,50,Female,Motor,31/01/2022,31/01/2023 0:00,1100.79,0,5,North
9553,60,Male,Auto,03/12/2022,03/12/2023 0:00,542.05,0,6,South
9554,68,Male,Life,09/06/2024,,1181.39,1,10,East
9555,45,Female,Life,16/12/2020,,1296.24,0,2,West
9556,20,Female,Home,12/12/2021,12/12/2023 0:00,886.35,1,9,South
9557,39,Female,Home,14/09/2024,14/09/2026 0:00,806.16,1,8,North
9558,31,Female,Auto,31/03/2021,31/03/2024 0:00,787.14,4,6,East
9559,54,Male,Motor,13/03/2020,13/03/2022 0:00,822.21,1,6,North
9560,38,Female,Life,23/06/2022,,1447.81,5,1,East
9561,53,Female,Motor,25/04/2022,25/04/2025 0:00,945.03,0,8,West
9562,68,Female,Auto,14/06/2021,14/06/2023 0:00,1461.73,3,2,North
9563,55,Female,Motor,21/07/2022,21/07/2023 0:00,626.57,2,7,North
9564,23,Female,Motor,09/11/2020,09/11/2022 0:00,488.46,0,6,North
9565,67,Male,Life,23/04/2020,,869.98,0,9,North
9566,67,Male,Life,20/01/2021,,481.51,4,4,South
9567,58,Male,Home,20/04/2023,20/04/2025 0:00,1204.93,5,10,North
9568,61,Male,Auto,25/09/2019,25/09/2022 0:00,337.22,1,5,East
9569,45,Female,Motor,04/09/2022,04/09/2025 0:00,283.65,4,8,East
9570,20,Female,Life,04/05/2023,,504.26,3,10,West
9571,23,Male,Auto,10/06/2024,10/06/2026 0:00,873.12,4,10,East
9572,65,Male,Life,11/06/2023,,329.94,3,,East
9573,31,Male,Life,29/08/2020,,1397.65,2,6,South
9574,58,Female,Motor,25/01/2022,25/01/2025 0:00,907.19,3,1,West
9575,24,Male,Auto,09/01/2023,09/01/2024 0:00,534.23,1,10,South
9576,62,Female,Auto,07/08/2021,07/08/2024 0:00,589.1,1,1,South
9577,40,Female,Home,16/05/2023,16/05/2025 0:00,1438.78,5,3,South
9578,,Male,Life,18/06/2024,,440.66,4,8,East
9579,,Male,Life,03/08/2022,,787.06,3,2,South
9580,54,Female,Life,13/04/2020,,1337.91,5,8,South
9581,38,Female,Home,17/07/2023,17/07/2024 0:00,545.43,5,8,West
9582,46,Female,Home,16/08/2023,16/08/2025 0:00,384.97,4,7,East
9583,,Male,Home,21/11/2021,21/11/2022 0:00,957.92,3,10,South
9584,59,Male,Motor,24/02/2021,24/02/2022 0:00,1203.07,0,8,West
9585,23,Female,Auto,19/06/2023,19/06/2024 0:00,1131.21,0,7,East
9586,25,Female,Motor,29/01/2021,29/01/2023 0:00,1481.98,0,6,South
9587,18,Male,Auto,10/02/2022,10/02/2023 0:00,782.18,4,4,South
9588,22,Female,Motor,18/06/2022,18/06/2024 0:00,314.99,4,7,West
9589,34,Male,Motor,12/02/2020,12/02/2023 0:00,557.3,3,1,North
9590,39,Female,Motor,31/08/2023,31/08/2024 0:00,1458.21,2,10,East
9591,57,Male,Auto,05/03/2020,05/03/2022 0:00,1120.3,1,4,South
9592,43,Male,Auto,29/05/2022,29/05/2025 0:00,1256.69,3,5,South
9593,41,Female,Auto,04/05/2024,04/05/2026 0:00,1314.61,3,5,South
9594,62,Male,Home,04/09/2021,04/09/2024 0:00,677.02,4,4,East
9595,30,Male,Motor,01/04/2022,01/04/2025 0:00,794.8,0,4,South
9596,56,Female,Home,01/08/2023,01/08/2024 0:00,595.39,0,10,South
9597,32,Male,Home,29/12/2022,29/12/2023 0:00,966.83,4,8,West
9598,32,Female,Auto,03/11/2021,03/11/2023 0:00,725.1,2,10,West
9599,48,Female,Life,15/04/2024,,555.45,2,2,South
9600,70,Female,Motor,04/02/2021,04/02/2024 0:00,1287.91,3,8,North
9601,18,Male,Home,06/02/2024,06/02/2025 0:00,480.94,2,1,East
9602,61,Female,Life,08/09/2021,,839.77,5,8,North
9603,51,Male,Motor,21/08/2022,21/08/2023 0:00,612.15,5,4,West
9604,21,Female,Life,15/12/2019,,1215.12,5,8,North
9605,69,Male,Auto,09/07/2023,,326.03,5,3,West
9606,31,Female,Motor,29/06/2021,29/06/2022 0:00,432.47,1,3,West
9607,44,Female,Life,14/10/2019,,1256.37,3,4,South
9608,,Female,Auto,28/04/2022,28/04/2023 0:00,793.13,3,9,South
9609,38,Female,Home,04/12/2022,04/12/2025 0:00,421.28,5,6,East
9610,49,Male,Auto,29/04/2024,29/04/2027 0:00,773.35,1,7,North
9611,57,Male,Life,28/02/2024,,1349.45,4,9,East
9612,34,Female,Motor,12/03/2022,12/03/2025 0:00,370.51,3,4,North
9613,57,Male,Home,01/09/2024,01/09/2026 0:00,1046.12,0,6,South
9614,57,Female,Home,03/02/2024,03/02/2025 0:00,784.53,4,3,North
9615,70,Male,Life,23/06/2023,,1351.77,2,2,South
9616,32,Female,Home,16/08/2020,16/08/2021 0:00,260.82,,7,West
9617,60,Female,Home,22/07/2023,22/07/2026 0:00,1336,3,10,South
9618,28,Male,Home,03/08/2023,03/08/2024 0:00,1402.81,1,9,South
9619,46,Male,Life,27/03/2024,,1217.89,4,2,East
9620,64,Female,Motor,16/02/2020,16/02/2021 0:00,790.93,1,3,North
9621,70,Female,Life,27/04/2022,,536.85,3,1,South
9622,45,Female,Motor,30/01/2023,30/01/2025 0:00,1308.13,1,3,East
9623,20,Male,Life,05/11/2021,,1288.57,0,1,South
9624,18,Female,Life,09/01/2024,,1225.6,5,8,South
9625,39,Female,Auto,09/06/2020,09/06/2023 0:00,854.87,4,5,South
9626,26,Female,Motor,12/11/2020,12/11/2021 0:00,425.3,3,6,North
9627,49,Female,Home,02/05/2023,02/05/2025 0:00,292.1,2,7,North
9628,36,Female,Life,25/02/2023,,648.74,2,3,South
9629,32,Male,Motor,07/04/2022,07/04/2025 0:00,1473.8,5,7,South
9630,50,Female,Life,15/01/2023,,1369.77,0,6,East
9631,43,Female,Motor,05/01/2020,05/01/2022 0:00,582.58,3,7,West
9632,59,Male,Auto,18/08/2020,18/08/2022 0:00,340.7,1,6,South
9633,31,Male,Auto,01/06/2024,01/06/2026 0:00,1189.23,1,10,West
9634,50,Female,Life,30/09/2020,,919.05,4,6,West
9635,46,Female,Life,15/10/2021,,818.48,4,9,South
9636,67,,Motor,15/09/2022,15/09/2025 0:00,1312.81,1,1,East
9637,21,Male,Home,19/05/2020,19/05/2021 0:00,673.72,0,9,South
9638,49,Male,Life,01/03/2020,,1219.73,0,2,South
9639,50,Female,Auto,05/07/2021,05/07/2022 0:00,812.14,4,2,East
9640,35,Female,Home,19/07/2023,19/07/2024 0:00,958.71,4,6,South
9641,41,Male,Life,05/03/2022,,306.46,3,8,South
9642,40,Male,Motor,22/04/2023,22/04/2025 0:00,593.73,3,2,West
9643,56,Male,Auto,17/09/2020,17/09/2023 0:00,779.88,2,1,West
9644,54,Male,Life,23/02/2022,,1354.97,0,1,South
9645,34,Female,Life,21/07/2021,,1374.13,2,9,South
9646,44,Female,Auto,03/08/2023,,1249.79,4,3,South
9647,42,Female,Motor,14/10/2022,14/10/2023 0:00,1088.19,4,8,West
9648,66,Female,Life,14/08/2023,,1332.25,2,3,South
9649,34,Male,Auto,30/07/2022,30/07/2025 0:00,529.13,2,7,North
9650,26,Female,Auto,05/01/2020,05/01/2021 0:00,659.71,5,3,West
9651,45,Male,Life,12/05/2021,,1429.11,5,7,North
9652,67,Male,Life,09/09/2022,,1467.43,3,9,East
9653,49,Male,Home,05/11/2020,05/11/2023 0:00,1143.81,2,7,East
9654,64,Female,Motor,04/07/2022,04/07/2023 0:00,1174.91,0,7,South
9655,60,Male,Life,25/11/2022,,500.84,4,7,North
9656,66,Female,Life,11/07/2020,,1093.43,1,5,East
9657,31,Male,Life,16/02/2020,,1455.58,4,10,West
9658,,Male,Life,06/09/2022,,830.42,5,6,South
9659,,Female,Auto,29/10/2019,29/10/2022 0:00,1345.77,2,7,East
9660,49,Male,Auto,30/11/2023,30/11/2025 0:00,502.98,2,4,South
9661,35,Female,Life,29/03/2021,,1034.48,1,1,North
9662,63,Female,Home,11/08/2022,11/08/2024 0:00,462.87,5,5,West
9663,25,Male,Life,07/08/2020,,1220.67,4,8,South
9664,40,Female,Home,22/05/2023,22/05/2026 0:00,736.92,5,6,North
9665,49,Female,Auto,06/04/2024,06/04/2025 0:00,1458.2,0,1,South
9666,40,Female,Home,27/05/2020,27/05/2021 0:00,495.99,3,4,South
9667,67,Male,Life,11/03/2023,,1016.81,3,9,West
9668,27,Female,Home,31/12/2022,31/12/2025 0:00,969.76,2,3,South
9669,55,Female,Auto,20/03/2024,20/03/2027 0:00,842.11,4,5,East
9670,48,Male,Motor,03/05/2022,03/05/2024 0:00,890.55,4,7,East
9671,44,Male,Life,02/03/2022,,1163.96,2,8,South
9672,37,Male,Life,22/07/2022,,353.86,0,2,East
9673,67,Male,Auto,10/12/2019,10/12/2020 0:00,876.78,4,9,North
9674,27,Female,Life,02/07/2024,,1096.47,1,7,South
9675,26,Male,Motor,01/10/2021,01/10/2024 0:00,1061.33,4,4,South
9676,45,Male,Life,19/11/2023,,579.46,3,1,North
9677,61,Female,Home,18/07/2022,18/07/2024 0:00,690.79,1,5,East
9678,42,Male,Home,29/09/2022,29/09/2024 0:00,486.72,2,6,East
9679,45,Male,Auto,23/01/2022,23/01/2024 0:00,331.47,1,10,North
9680,32,Female,Life,01/12/2023,,1483.38,3,8,South
9681,45,Male,Motor,26/03/2020,26/03/2023 0:00,770.03,5,4,North
9682,66,Female,Life,02/11/2023,,834.8,2,1,North
9683,29,Male,Auto,09/09/2024,09/09/2025 0:00,1073.1,0,7,North
9684,20,Female,Auto,05/07/2023,05/07/2026 0:00,924.37,4,1,South
9685,70,Female,Life,19/06/2024,,539.03,4,2,North
9686,45,Female,Home,28/12/2022,28/12/2024 0:00,454.94,0,5,West
9687,34,Female,Motor,10/02/2024,10/02/2026 0:00,561.59,2,10,East
9688,43,Male,Home,03/04/2021,03/04/2022 0:00,1170.75,2,5,South
9689,33,Female,Home,25/11/2021,25/11/2023 0:00,752.21,0,8,East
9690,30,Female,Life,17/07/2023,,490.7,,5,South
9691,48,Male,Life,21/02/2024,,843.89,1,4,West
9692,40,Male,Life,25/05/2024,,1255.5,4,3,South
9693,60,Female,Life,04/01/2022,,1315.81,1,3,South
9694,38,Male,Motor,07/03/2020,07/03/2022 0:00,1422.22,3,4,North
9695,36,Female,Motor,29/08/2024,29/08/2026 0:00,714.48,0,9,East
9696,67,Female,Auto,24/02/2023,24/02/2026 0:00,906.79,0,4,North
9697,29,Female,Life,25/05/2024,,1397.62,1,7,South
9698,54,Female,Home,04/11/2021,04/11/2022 0:00,1356.04,2,5,East
9699,41,Male,Life,06/03/2022,,1199.22,1,6,South
9700,,Male,Motor,31/05/2020,31/05/2021 0:00,1112.57,5,3,South
9701,38,Male,Home,10/10/2019,10/10/2021 0:00,689.74,1,6,North
9702,70,Male,Life,05/06/2022,,818.9,4,10,North
9703,41,Male,Motor,26/02/2023,26/02/2025 0:00,1461.57,,6,North
9704,65,Male,Auto,09/04/2021,09/04/2022 0:00,1217.66,2,8,East
9705,27,Male,Home,15/11/2023,15/11/2026 0:00,1410.37,1,10,South
9706,45,Male,Home,23/05/2020,23/05/2023 0:00,917.55,0,7,East
9707,40,Female,Auto,07/01/2022,07/01/2023 0:00,431.71,4,5,North
9708,35,Female,Life,18/09/2023,,805.2,2,6,East
9709,30,Female,Home,21/12/2023,21/12/2026 0:00,880.78,2,4,North
9710,30,Female,Auto,23/05/2022,23/05/2024 0:00,1137.4,5,,South
9711,18,Female,Auto,10/12/2021,10/12/2022 0:00,681.43,3,4,South
9712,31,Female,Home,15/01/2023,15/01/2026 0:00,395.5,0,2,South
9713,43,Male,Motor,02/07/2023,02/07/2026 0:00,invalid,0,5,East
9714,59,Male,Life,23/10/2023,,1213.63,5,6,North
9715,68,Male,Home,26/05/2021,26/05/2024 0:00,1135.49,5,8,North
9716,,Female,Home,12/05/2021,12/05/2022 0:00,1167.7,1,9,North
9717,23,Female,Auto,13/02/2022,13/02/2024 0:00,705.27,1,7,East
9718,55,Male,Auto,23/05/2020,23/05/2022 0:00,1014.73,0,4,East
9719,41,Female,Motor,19/04/2020,19/04/2022 0:00,1114.12,4,2,South
9720,45,Female,Home,20/02/2020,20/02/2023 0:00,1467.26,0,2,West
9721,59,Female,Auto,27/06/2022,,1202.85,0,1,West
9722,59,Female,Life,14/09/2021,,invalid,2,2,South
9723,54,Female,Life,25/07/2021,,473.13,2,,South
9724,57,Female,Home,25/03/2020,25/03/2021 0:00,732.06,1,7,West
9725,22,Female,Home,07/08/2020,07/08/2021 0:00,314.54,1,9,South
9726,28,Female,Home,19/07/2021,19/07/2024 0:00,1207,5,1,South
9727,59,Male,Home,27/09/2021,27/09/2024 0:00,1007.76,4,7,South
9728,63,Female,Life,26/03/2020,,1489.43,0,3,North
9729,19,Male,Home,28/02/2024,28/02/2027 0:00,828.94,4,6,South
9730,63,Female,Motor,15/09/2021,15/09/2023 0:00,637.96,0,2,West
9731,57,Male,Life,23/01/2021,,326.25,0,3,South
9732,37,Male,Life,01/10/2020,,501.33,1,8,East
9733,47,Female,Life,24/12/2019,,728.61,0,8,South
9734,34,Female,Motor,27/04/2021,27/04/2024 0:00,573.77,1,1,East
9735,46,Male,Home,15/05/2022,15/05/2023 0:00,1041.94,1,4,South
9736,18,Female,Motor,04/10/2020,04/10/2022 0:00,1151.72,2,10,East
9737,69,Female,Life,18/04/2021,,1465.52,3,9,South
9738,23,Male,Motor,27/12/2023,27/12/2024 0:00,1285,4,1,South
9739,30,Female,Auto,22/06/2023,22/06/2025 0:00,900.07,0,7,South
9740,59,Male,Home,25/07/2023,25/07/2024 0:00,966.98,5,8,South
9741,50,Male,Motor,28/06/2022,28/06/2023 0:00,858.54,3,6,East
9742,24,Female,Home,26/06/2024,26/06/2025 0:00,647.08,1,10,North
9743,51,Female,Auto,05/06/2020,05/06/2023 0:00,1050.73,0,7,North
9744,64,Male,Auto,03/01/2020,03/01/2021 0:00,528.26,3,10,West
9745,57,Male,Motor,12/04/2024,12/04/2025 0:00,706.67,0,5,North
9746,47,Male,Motor,25/09/2019,25/09/2022 0:00,606.93,4,8,West
9747,22,Male,Motor,22/07/2022,22/07/2025 0:00,629.58,0,7,North
9748,52,Male,Home,24/10/2019,24/10/2021 0:00,468.93,4,4,North
9749,38,Male,Motor,11/10/2022,11/10/2024 0:00,1304.24,0,5,East
9750,64,Male,Life,03/09/2023,,302.25,0,6,South
9751,55,Female,Auto,31/08/2023,31/08/2025 0:00,633.89,5,1,South
9752,70,Male,Home,01/11/2021,01/11/2023 0:00,1275.52,0,8,East
9753,57,Female,Auto,02/05/2024,02/05/2027 0:00,289.45,1,2,East
9754,66,Male,Motor,29/01/2021,29/01/2024 0:00,1128.21,5,10,East
9755,25,Male,Motor,20/03/2022,20/03/2023 0:00,416.72,3,10,East
9756,26,Male,Auto,13/02/2021,13/02/2022 0:00,1281.96,5,10,North
9757,61,Female,Home,04/07/2021,04/07/2023 0:00,871.15,1,5,North
9758,58,Male,Life,11/06/2022,,550.2,4,,West
9759,50,Female,Auto,22/10/2019,22/10/2022 0:00,908.54,5,4,North
9760,53,Male,Life,06/07/2024,,713.94,0,6,North
9761,54,Female,Life,29/05/2024,,987.86,1,3,North
9762,45,Female,Home,05/09/2020,05/09/2022 0:00,992.74,2,10,East
9763,57,Male,Home,02/02/2023,02/02/2026 0:00,1280.06,0,9,West
9764,65,Female,Motor,17/12/2019,17/12/2020 0:00,1325.88,3,4,West
9765,57,Female,Home,08/03/2024,08/03/2026 0:00,1423.11,1,3,West
9766,44,Male,Motor,06/02/2021,06/02/2023 0:00,287.26,,4,West
9767,39,Male,Home,17/07/2023,17/07/2025 0:00,900.28,1,5,West
9768,18,Female,Life,14/02/2020,,636.37,2,2,North
9769,54,Male,Auto,01/06/2024,01/06/2026 0:00,1308.91,1,6,West
9770,39,Female,Life,14/03/2022,,1335.78,3,3,North
9771,23,Male,Home,19/03/2020,19/03/2021 0:00,1216.01,0,4,North
9772,56,Female,Motor,14/04/2020,,630.49,1,10,South
9773,53,Male,Life,18/10/2021,,1079.24,3,4,South
9774,34,Male,Motor,19/09/2022,19/09/2024 0:00,1422.84,5,5,South
9775,45,Female,Motor,13/10/2019,13/10/2021 0:00,1223.87,0,6,South
9776,25,Male,Life,05/04/2024,,1389.32,3,4,North
9777,35,Male,Auto,19/11/2022,19/11/2023 0:00,405.47,3,1,South
9778,48,Male,Life,09/06/2021,,invalid,4,7,West
9779,43,Male,Life,30/05/2022,,926.3,3,6,North
9780,50,Female,Auto,06/12/2019,06/12/2020 0:00,373.11,4,10,East
9781,45,Female,Home,24/02/2023,,1132.24,3,8,West
9782,23,Male,Life,23/11/2020,,940.87,5,9,South
9783,51,Female,Motor,17/05/2021,17/05/2024 0:00,1353.71,2,6,North
9784,45,Female,Life,19/04/2022,,762.3,1,5,South
9785,32,Female,Auto,30/11/2019,30/11/2021 0:00,439.28,4,3,East
9786,27,Male,Life,13/07/2021,,515.85,4,7,West
9787,19,Male,Motor,14/08/2020,,1093.44,4,10,South
9788,41,Male,Auto,16/01/2024,16/01/2025 0:00,300.1,2,9,West
9789,27,Male,Home,16/09/2020,16/09/2023 0:00,694.13,0,1,East
9790,59,Female,Auto,27/01/2024,27/01/2025 0:00,1148.25,5,10,North
9791,31,Male,Life,01/06/2022,,1264.85,0,3,West
9792,66,Male,Home,10/07/2024,10/07/2026 0:00,414.67,4,1,East
9793,62,Male,Life,31/05/2024,,1300.73,1,2,West
9794,40,Female,Motor,31/03/2020,31/03/2023 0:00,446.45,1,2,East
9795,28,Female,Life,05/02/2024,,1316.27,3,7,South
9796,,Male,Auto,10/03/2024,10/03/2026 0:00,1393.49,1,8,East
9797,47,Male,Life,13/09/2023,,932.35,4,1,East
9798,46,Male,Life,03/07/2022,,312.23,5,8,North
9799,65,Female,Auto,19/11/2021,19/11/2024 0:00,899.54,1,4,East
9800,53,Male,Auto,19/10/2022,19/10/2023 0:00,488.73,3,8,South
9801,59,Female,Motor,07/08/2023,,786.56,2,3,South
9802,51,Male,Home,12/05/2021,,745.42,0,6,South
9803,30,Female,Motor,28/08/2023,28/08/2025 0:00,412.89,1,10,North
9804,61,Male,Motor,18/04/2020,18/04/2022 0:00,913.1,2,5,West
9805,29,Female,Auto,04/11/2022,04/11/2025 0:00,1372.58,0,,East
9806,51,Male,Auto,08/01/2020,08/01/2022 0:00,1192.36,3,9,North
9807,20,Female,Home,06/09/2022,06/09/2023 0:00,1167.04,5,5,North
9808,69,Female,Home,06/10/2020,06/10/2023 0:00,477.2,1,5,East
9809,63,Female,Auto,22/11/2023,22/11/2026 0:00,880.23,4,6,South
9810,61,Female,Home,12/02/2024,12/02/2025 0:00,861.62,2,3,West
9811,25,Female,Motor,07/08/2021,07/08/2023 0:00,1495.06,4,6,West
9812,59,Female,Auto,24/11/2021,24/11/2024 0:00,852.56,1,8,West
9813,67,Female,Home,16/05/2024,16/05/2026 0:00,687.05,0,4,East
9814,30,Male,Life,10/09/2023,,399.22,3,5,South
9815,31,Female,Auto,08/10/2021,08/10/2022 0:00,1488.59,5,8,East
9816,48,Female,Home,13/12/2020,13/12/2021 0:00,666.81,3,5,West
9817,36,Male,Auto,18/07/2020,18/07/2022 0:00,1337.3,5,4,North
9818,35,Male,Life,18/01/2022,,1032.28,2,3,West
9819,41,Male,Life,30/04/2023,,803.33,3,9,North
9820,59,Female,Auto,12/04/2024,12/04/2026 0:00,1294.16,2,2,West
9821,23,Male,Auto,15/07/2021,15/07/2024 0:00,1495.19,4,2,South
9822,51,Female,Home,02/09/2020,02/09/2022 0:00,1226.08,4,10,East
9823,59,Female,Home,05/08/2024,05/08/2027 0:00,560.34,4,8,North
9824,28,Female,Home,30/12/2019,,487,3,3,South
9825,45,Male,Motor,04/04/2023,04/04/2024 0:00,527.94,2,1,East
9826,,Female,Motor,21/11/2020,21/11/2023 0:00,1321.66,5,4,East
9827,21,Female,Auto,20/08/2020,20/08/2021 0:00,485.05,3,3,South
9828,19,Female,Home,05/06/2022,05/06/2025 0:00,1423.89,5,5,North
9829,27,Female,Home,11/06/2023,11/06/2026 0:00,1479.86,1,10,West
9830,48,Male,Home,01/11/2023,01/11/2026 0:00,806.41,0,9,East
9831,41,Male,Auto,19/04/2023,19/04/2024 0:00,554.69,2,8,South
9832,41,Female,Motor,26/03/2024,26/03/2025 0:00,418.72,1,7,East
9833,62,Male,Motor,26/02/2020,26/02/2023 0:00,943.87,4,1,West
9834,50,Female,Auto,01/09/2021,01/09/2023 0:00,827.08,3,8,East
9835,40,Female,Auto,18/08/2023,18/08/2024 0:00,463.55,3,2,West
9836,48,Female,Home,18/04/2021,18/04/2024 0:00,987.31,3,5,West
9837,,Male,Auto,07/02/2024,07/02/2026 0:00,935.71,4,5,East
9838,18,Male,Life,16/06/2023,,891.13,4,10,East
9839,52,Female,Motor,23/10/2019,23/10/2020 0:00,598.36,2,5,South
9840,65,Female,Life,30/07/2024,,1221.04,2,5,South
9841,54,Female,Home,27/07/2021,27/07/2023 0:00,729.19,1,2,East
9842,28,Female,Life,19/04/2023,,1082.06,1,2,North
9843,57,Female,Motor,02/12/2021,02/12/2024 0:00,297.58,5,6,West
9844,33,Male,Motor,05/07/2020,05/07/2023 0:00,934.93,5,4,North
9845,50,Female,Life,10/01/2024,,465.09,1,5,North
9846,23,Female,Motor,19/11/2022,19/11/2023 0:00,1135.85,5,2,North
9847,61,Female,Life,29/09/2022,,1206.89,1,5,South
9848,48,Female,Life,06/09/2023,,667.98,5,5,East
9849,31,Male,Life,27/02/2024,,1274.85,2,7,East
9850,32,Male,Life,28/03/2023,,980.31,2,6,North
9851,25,Female,Auto,08/10/2019,08/10/2021 0:00,917.26,3,10,South
9852,67,Male,Motor,21/09/2021,21/09/2023 0:00,772.73,1,10,East
9853,56,Female,Home,30/11/2023,30/11/2024 0:00,336.86,5,7,North
9854,25,Male,Motor,27/06/2021,27/06/2024 0:00,817.48,2,1,South
9855,18,Male,Auto,17/06/2020,17/06/2021 0:00,957.28,2,7,North
9856,55,Female,Auto,21/01/2024,21/01/2026 0:00,1286,3,7,North
9857,18,Male,Motor,12/10/2021,12/10/2022 0:00,880.21,3,3,West
9858,40,Male,Home,21/03/2024,21/03/2027 0:00,391.17,0,9,West
9859,28,Male,Motor,11/11/2023,11/11/2025 0:00,274.87,4,10,North
9860,25,Male,Home,10/10/2021,10/10/2024 0:00,927.08,3,10,North
9861,25,Female,Motor,23/12/2020,23/12/2022 0:00,1330.46,1,7,West
9862,44,Male,Auto,04/05/2020,04/05/2021 0:00,1243.37,2,5,South
9863,57,Male,Motor,05/01/2021,05/01/2023 0:00,1205.33,4,10,North
9864,28,Female,Home,08/02/2023,08/02/2026 0:00,516.73,0,10,North
9865,47,Female,Home,20/11/2022,20/11/2024 0:00,767.79,1,7,East
9866,22,Male,Auto,12/09/2023,12/09/2026 0:00,952.02,5,4,North
9867,67,Male,Auto,28/09/2020,28/09/2022 0:00,1329.06,5,1,North
9868,30,Female,Auto,12/11/2022,12/11/2024 0:00,557.05,5,3,East
9869,31,Male,Auto,08/12/2019,08/12/2022 0:00,489.67,,9,North
9870,29,Male,Home,30/01/2022,30/01/2023 0:00,854.25,4,10,North
9871,61,Male,Auto,19/02/2023,19/02/2025 0:00,430.17,4,,East
9872,54,Male,Auto,01/04/2023,01/04/2026 0:00,1314.66,1,1,East
9873,45,Female,Home,12/02/2022,12/02/2023 0:00,940.18,0,7,South
9874,54,Female,Life,01/03/2022,,707.68,2,9,North
9875,63,Male,Home,30/03/2021,30/03/2024 0:00,1447.41,3,4,South
9876,25,Female,Life,10/11/2021,,614.76,3,10,North
9877,63,Female,Motor,07/10/2019,07/10/2020 0:00,438.38,3,8,West
9878,,Male,Home,16/02/2020,16/02/2023 0:00,616.73,3,3,South
9879,50,Male,Life,16/09/2022,,1235.81,0,9,North
9880,54,Female,Auto,16/05/2024,16/05/2025 0:00,1255.27,2,9,East
9881,39,Male,Home,18/04/2022,18/04/2023 0:00,798.4,4,1,West
9882,43,Female,Auto,14/11/2021,14/11/2023 0:00,772.87,0,5,East
9883,49,Male,Auto,02/08/2020,02/08/2021 0:00,1262.17,3,3,West
9884,32,Male,Home,24/04/2024,24/04/2025 0:00,732.14,0,8,North
9885,52,Female,Auto,10/06/2024,10/06/2025 0:00,1341.8,5,3,North
9886,63,Male,Motor,06/07/2024,06/07/2026 0:00,776.06,3,10,East
9887,45,Male,Home,09/07/2021,09/07/2023 0:00,734.38,1,4,North
9888,35,Male,Auto,30/01/2021,30/01/2022 0:00,1117.11,3,2,West
9889,54,Female,Auto,02/05/2021,02/05/2024 0:00,721.68,5,5,North
9890,37,Male,Home,28/03/2023,28/03/2024 0:00,315.75,5,6,East
9891,39,Female,Life,10/09/2024,,379.81,0,8,North
9892,49,Male,Home,30/09/2019,30/09/2022 0:00,782.08,3,8,East
9893,45,Male,Motor,14/08/2022,14/08/2025 0:00,366.68,,9,South
9894,45,Male,Life,13/03/2023,,1397.71,2,2,South
9895,33,Female,Auto,20/10/2020,,463.1,5,8,North
9896,43,Female,Home,16/06/2021,,1189.07,,5,East
9897,43,Male,Home,11/01/2023,11/01/2026 0:00,607.86,1,9,West
9898,38,,Life,10/08/2022,,1321.47,2,6,North
9899,33,Male,Auto,08/05/2024,08/05/2027 0:00,384.33,2,3,East
9900,19,Female,Motor,07/08/2020,07/08/2022 0:00,1186.43,4,7,North
9901,28,Female,Auto,21/07/2021,,761.39,2,2,South
9902,36,Female,Home,17/12/2021,17/12/2023 0:00,1497.59,5,7,South
9903,55,Female,Motor,22/06/2021,22/06/2022 0:00,926.48,5,7,West
9904,49,Male,Life,03/04/2023,,543.89,4,4,North
9905,31,Male,Life,20/11/2020,,985.76,5,1,North
9906,45,Male,Auto,23/07/2020,23/07/2022 0:00,836.53,1,8,West
9907,35,Male,Motor,10/05/2022,10/05/2024 0:00,465.04,1,10,North
9908,64,Male,Auto,03/04/2023,03/04/2026 0:00,414.17,3,7,South
9909,33,Female,Auto,05/12/2022,05/12/2023 0:00,261.48,4,9,South
9910,67,Female,Home,29/12/2023,29/12/2025 0:00,448.73,5,10,West
9911,48,Female,Home,25/11/2021,25/11/2024 0:00,731.9,0,9,South
9912,37,Female,Home,25/06/2022,25/06/2024 0:00,1040.68,5,7,West
9913,60,Female,Auto,10/02/2020,10/02/2022 0:00,383.35,3,4,South
9914,63,Female,Auto,23/12/2020,23/12/2021 0:00,1286.32,5,5,East
9915,35,Male,Home,07/08/2021,07/08/2022 0:00,1412.57,3,6,West
9916,68,Male,Motor,29/12/2019,,1272.56,0,5,South
9917,53,Female,Life,18/01/2024,,383.33,0,8,South
9918,40,Male,Motor,05/04/2020,05/04/2021 0:00,580.98,4,4,North
9919,22,Female,Auto,24/04/2023,24/04/2024 0:00,627.23,2,10,East
9920,19,Female,Auto,29/01/2024,,324.94,0,10,East
9921,35,Male,Motor,27/07/2021,27/07/2024 0:00,1137.64,5,10,East
9922,64,Female,Life,05/04/2024,,1461.9,1,1,South
9923,34,Female,Life,16/07/2021,,1166.64,0,8,West
9924,45,Male,Motor,29/05/2022,29/05/2025 0:00,1383.66,4,6,West
9925,30,Male,Motor,06/12/2020,06/12/2021 0:00,1269.01,2,2,West
9926,22,Male,Life,16/01/2020,,1189.43,2,9,West
9927,33,Female,Home,02/09/2022,02/09/2023 0:00,1445.24,4,6,East
9928,44,Male,Auto,24/02/2022,24/02/2024 0:00,361.82,0,10,North
9929,60,Female,Auto,18/11/2022,18/11/2023 0:00,414.22,1,3,West
9930,43,Male,Auto,14/10/2022,14/10/2023 0:00,859.88,5,5,North
9931,48,Female,Home,29/01/2020,29/01/2022 0:00,442.43,1,4,West
9932,18,Female,Motor,29/10/2022,29/10/2024 0:00,291.29,2,3,East
9933,51,Male,Home,02/01/2020,02/01/2023 0:00,1487.71,5,2,North
9934,21,Female,Motor,21/04/2021,21/04/2023 0:00,894.88,4,5,East
9935,54,Male,Auto,26/05/2024,26/05/2027 0:00,954.74,1,6,West
9936,44,Male,Life,12/02/2020,,1093.9,3,4,North
9937,63,Male,Life,16/06/2020,,618.51,3,6,East
9938,53,Male,Home,09/08/2021,09/08/2024 0:00,261.79,4,3,West
9939,52,Female,Life,18/03/2024,,666.33,2,5,West
9940,25,Male,Motor,18/09/2023,18/09/2026 0:00,454.03,4,1,North
9941,34,Female,Home,05/08/2022,05/08/2025 0:00,1077.8,4,1,North
9942,52,Male,Auto,25/07/2020,25/07/2021 0:00,1167.37,1,7,West
9943,49,Male,Home,05/01/2024,05/01/2026 0:00,1238.27,5,7,South
9944,22,Male,Auto,21/03/2021,21/03/2024 0:00,1251.9,0,8,South
9945,44,Female,Home,01/05/2023,01/05/2024 0:00,1141.02,4,8,South
9946,35,Male,Motor,14/12/2019,14/12/2022 0:00,267.94,0,6,North
9947,25,Male,Home,04/03/2022,04/03/2023 0:00,1205.08,3,8,South
9948,47,Male,Life,23/03/2023,,1452.36,0,10,South
9949,57,Male,Life,11/10/2021,,588.99,1,7,West
9950,51,Male,Auto,13/11/2021,13/11/2023 0:00,1249.02,4,9,South
9951,41,Male,Unknown,19/09/2023,19/09/2024 0:00,1158.44,5,8,West
9952,39,Male,Home,30/10/2022,30/10/2023 0:00,515.48,2,4,North
9953,24,Female,Motor,14/04/2022,14/04/2023 0:00,399.46,3,10,West
9954,38,Female,Motor,04/11/2020,,1272.58,4,4,West
9955,52,Male,Motor,29/09/2019,29/09/2022 0:00,621.19,,6,South
9956,19,Male,Motor,12/03/2022,12/03/2024 0:00,1198.87,0,3,East
9957,52,Female,Motor,17/08/2022,17/08/2023 0:00,387.81,1,4,South
9958,26,Male,Life,10/08/2023,,722.07,0,2,East
9959,47,Male,Motor,27/02/2020,27/02/2023 0:00,727,2,5,East
9960,49,Male,Home,21/08/2021,21/08/2022 0:00,1187.5,5,6,North
9961,37,Female,Home,21/01/2023,21/01/2024 0:00,1217.9,5,9,East
9962,52,Female,Auto,27/05/2022,27/05/2023 0:00,586.7,5,5,West
9963,22,Female,Auto,12/09/2022,12/09/2023 0:00,475.27,2,9,West
9964,39,Male,Home,23/01/2022,,925.32,2,8,North
9965,45,Male,Home,01/12/2022,01/12/2025 0:00,1425.9,5,3,North
9966,55,Male,Life,30/09/2022,,1299.76,5,,West
9967,60,Female,Auto,19/03/2021,19/03/2024 0:00,1407.4,0,7,West
9968,27,Male,Home,24/08/2021,24/08/2023 0:00,410.95,5,10,South
9969,,Male,Life,28/12/2021,,848.29,3,1,West
9970,29,Female,Life,12/08/2024,,998.29,5,4,South
9971,49,Female,Life,10/01/2021,,415.11,1,2,East
9972,60,Male,Auto,30/08/2024,30/08/2026 0:00,391.56,0,10,South
9973,27,Female,Life,26/10/2021,,885.91,4,8,North
9974,70,Female,Motor,17/09/2024,17/09/2026 0:00,1352.33,3,2,North
9975,20,Female,Life,22/09/2022,,1282.49,0,10,East
9976,20,Female,Home,30/03/2020,30/03/2021 0:00,692.96,0,5,East
9977,62,Male,Auto,07/07/2021,,590.94,,9,South
9978,55,Female,Life,04/07/2020,,681.3,4,9,East
9979,53,Female,Auto,02/08/2023,02/08/2026 0:00,410.37,2,7,South
9980,35,Male,Life,11/08/2021,,1219.78,3,4,North
9981,54,Female,Motor,12/09/2024,12/09/2027 0:00,591.9,1,6,West
9982,26,Male,Life,14/09/2022,,1255.4,1,7,South
9983,65,Male,Auto,13/10/2019,13/10/2022 0:00,1040.33,1,1,West
9984,52,Female,Life,26/04/2023,,1137.71,5,7,North
9985,22,Female,Auto,07/01/2022,07/01/2024 0:00,555.99,3,6,North
9986,26,Female,Auto,21/05/2020,21/05/2021 0:00,641.45,5,10,South
9987,23,Male,Auto,29/03/2023,29/03/2025 0:00,610.49,4,9,North
9988,58,Female,Auto,22/01/2020,22/01/2023 0:00,846.76,2,4,West
9989,43,Female,Home,27/11/2020,27/11/2021 0:00,500.57,3,5,South
9990,45,Male,Home,22/04/2020,,1079.07,1,5,East
9991,,Male,Home,10/06/2023,10/06/2025 0:00,1238.21,2,6,North
9992,59,Female,Auto,09/08/2022,09/08/2024 0:00,535.83,4,6,North
9993,53,Female,Home,02/09/2023,02/09/2026 0:00,613.05,1,5,West
9994,68,Female,Auto,04/09/2021,04/09/2022 0:00,502.51,0,10,East
9995,53,Male,Life,27/08/2020,,1065.44,1,5,West
9996,55,Female,Auto,18/03/2021,18/03/2022 0:00,992.52,0,2,East
9997,47,Female,Life,26/01/2020,,547.83,3,10,South
9998,54,Female,Auto,31/03/2023,31/03/2025 0:00,1403.06,0,6,West
9999,49,Female,Home,26/05/2024,26/05/2025 0:00,1056.25,3,8,South
10000,62,Female,Motor,14/10/2019,14/10/2022 0:00,573.07,3,2,East
